Copyright 1986-2022 Xilinx, Inc. All Rights Reserved. Copyright 2022-2023 Advanced Micro Devices, Inc. All Rights Reserved.
------------------------------------------------------------------------------------------------------------------------------------------------------------------------------------------------------------------------------------------------------------------------------------------
| Tool Version : Vivado v.2023.2 (win64) Build 4029153 Fri Oct 13 20:14:34 MDT 2023
| Date         : Mon Sep 28 10:19:31 2026
| Host         : LU running 64-bit major release  (build 9200)
| Command      : report_timing_summary -max_paths 10 -report_unconstrained -file top_board_VGA_interface_phase_1_timing_summary_routed.rpt -pb top_board_VGA_interface_phase_1_timing_summary_routed.pb -rpx top_board_VGA_interface_phase_1_timing_summary_routed.rpx -warn_on_violation
| Design       : top_board_VGA_interface_phase_1
| Device       : 7a100t-csg324
| Speed File   : -1  PRODUCTION 1.23 2018-06-13
| Design State : Routed
------------------------------------------------------------------------------------------------------------------------------------------------------------------------------------------------------------------------------------------------------------------------------------------

Timing Summary Report

------------------------------------------------------------------------------------------------
| Timer Settings
| --------------
------------------------------------------------------------------------------------------------

  Enable Multi Corner Analysis               :  Yes
  Enable Pessimism Removal                   :  Yes
  Pessimism Removal Resolution               :  Nearest Common Node
  Enable Input Delay Default Clock           :  No
  Enable Preset / Clear Arcs                 :  No
  Disable Flight Delays                      :  No
  Ignore I/O Paths                           :  No
  Timing Early Launch at Borrowing Latches   :  No
  Borrow Time for Max Delay Exceptions       :  Yes
  Merge Timing Exceptions                    :  Yes
  Inter-SLR Compensation                     :  Conservative

  Corner  Analyze    Analyze    
  Name    Max Paths  Min Paths  
  ------  ---------  ---------  
  Slow    Yes        Yes        
  Fast    Yes        Yes        


------------------------------------------------------------------------------------------------
| Report Methodology
| ------------------
------------------------------------------------------------------------------------------------

Rule       Severity  Description                    Violations  
---------  --------  -----------------------------  ----------  
TIMING-18  Warning   Missing input or output delay  41          

Note: This report is based on the most recent report_methodology run and may not be up-to-date. Run report_methodology on the current design for the latest report.



check_timing report

Table of Contents
-----------------
1. checking no_clock (0)
2. checking constant_clock (0)
3. checking pulse_width_clock (0)
4. checking unconstrained_internal_endpoints (0)
5. checking no_input_delay (14)
6. checking no_output_delay (27)
7. checking multiple_clock (0)
8. checking generated_clocks (0)
9. checking loops (0)
10. checking partial_input_delay (0)
11. checking partial_output_delay (0)
12. checking latch_loops (0)

1. checking no_clock (0)
------------------------
 There are 0 register/latch pins with no clock.


2. checking constant_clock (0)
------------------------------
 There are 0 register/latch pins with constant_clock.


3. checking pulse_width_clock (0)
---------------------------------
 There are 0 register/latch pins which need pulse_width check


4. checking unconstrained_internal_endpoints (0)
------------------------------------------------
 There are 0 pins that are not constrained for maximum delay.

 There are 0 pins that are not constrained for maximum delay due to constant clock.


5. checking no_input_delay (14)
-------------------------------
 There are 14 input ports with no input delay specified. (HIGH)

 There are 0 input ports with no input delay but user has a false path constraint.


6. checking no_output_delay (27)
--------------------------------
 There are 27 ports with no output delay specified. (HIGH)

 There are 0 ports with no output delay but user has a false path constraint

 There are 0 ports with no output delay but with a timing clock defined on it or propagating through it


7. checking multiple_clock (0)
------------------------------
 There are 0 register/latch pins with multiple clocks.


8. checking generated_clocks (0)
--------------------------------
 There are 0 generated clocks that are not connected to a clock source.


9. checking loops (0)
---------------------
 There are 0 combinational loops in the design.


10. checking partial_input_delay (0)
------------------------------------
 There are 0 input ports with partial input delay specified.


11. checking partial_output_delay (0)
-------------------------------------
 There are 0 ports with partial output delay specified.


12. checking latch_loops (0)
----------------------------
 There are 0 combinational latch loops in the design through latch input



------------------------------------------------------------------------------------------------
| Design Timing Summary
| ---------------------
------------------------------------------------------------------------------------------------

    WNS(ns)      TNS(ns)  TNS Failing Endpoints  TNS Total Endpoints      WHS(ns)      THS(ns)  THS Failing Endpoints  THS Total Endpoints     WPWS(ns)     TPWS(ns)  TPWS Failing Endpoints  TPWS Total Endpoints  
    -------      -------  ---------------------  -------------------      -------      -------  ---------------------  -------------------     --------     --------  ----------------------  --------------------  
      6.118        0.000                      0                  124        0.099        0.000                      0                  124        4.500        0.000                       0                    66  


All user specified timing constraints are met.


------------------------------------------------------------------------------------------------
| Clock Summary
| -------------
------------------------------------------------------------------------------------------------

Clock        Waveform(ns)       Period(ns)      Frequency(MHz)
-----        ------------       ----------      --------------
sys_clk_pin  {0.000 5.000}      10.000          100.000         


------------------------------------------------------------------------------------------------
| Intra Clock Table
| -----------------
------------------------------------------------------------------------------------------------

Clock             WNS(ns)      TNS(ns)  TNS Failing Endpoints  TNS Total Endpoints      WHS(ns)      THS(ns)  THS Failing Endpoints  THS Total Endpoints     WPWS(ns)     TPWS(ns)  TPWS Failing Endpoints  TPWS Total Endpoints  
-----             -------      -------  ---------------------  -------------------      -------      -------  ---------------------  -------------------     --------     --------  ----------------------  --------------------  
sys_clk_pin         6.118        0.000                      0                  124        0.099        0.000                      0                  124        4.500        0.000                       0                    66  


------------------------------------------------------------------------------------------------
| Inter Clock Table
| -----------------
------------------------------------------------------------------------------------------------

From Clock    To Clock          WNS(ns)      TNS(ns)  TNS Failing Endpoints  TNS Total Endpoints      WHS(ns)      THS(ns)  THS Failing Endpoints  THS Total Endpoints  
----------    --------          -------      -------  ---------------------  -------------------      -------      -------  ---------------------  -------------------  


------------------------------------------------------------------------------------------------
| Other Path Groups Table
| -----------------------
------------------------------------------------------------------------------------------------

Path Group    From Clock    To Clock          WNS(ns)      TNS(ns)  TNS Failing Endpoints  TNS Total Endpoints      WHS(ns)      THS(ns)  THS Failing Endpoints  THS Total Endpoints  
----------    ----------    --------          -------      -------  ---------------------  -------------------      -------      -------  ---------------------  -------------------  


------------------------------------------------------------------------------------------------
| User Ignored Path Table
| -----------------------
------------------------------------------------------------------------------------------------

Path Group    From Clock    To Clock    
----------    ----------    --------    


------------------------------------------------------------------------------------------------
| Unconstrained Path Table
| ------------------------
------------------------------------------------------------------------------------------------

Path Group    From Clock    To Clock    
----------    ----------    --------    
(none)                                    
(none)        sys_clk_pin                 
(none)                      sys_clk_pin   


------------------------------------------------------------------------------------------------
| Timing Details
| --------------
------------------------------------------------------------------------------------------------


---------------------------------------------------------------------------------------------------
From Clock:  sys_clk_pin
  To Clock:  sys_clk_pin

Setup :            0  Failing Endpoints,  Worst Slack        6.118ns,  Total Violation        0.000ns
Hold  :            0  Failing Endpoints,  Worst Slack        0.099ns,  Total Violation        0.000ns
PW    :            0  Failing Endpoints,  Worst Slack        4.500ns,  Total Violation        0.000ns
---------------------------------------------------------------------------------------------------


Max Delay Paths
--------------------------------------------------------------------------------------
Slack (MET) :             6.118ns  (required time - arrival time)
  Source:                 CE_generator_50Hz_inst/count_reg[5]/C
                            (rising edge-triggered cell FDRE clocked by sys_clk_pin  {rise@0.000ns fall@5.000ns period=10.000ns})
  Destination:            CE_generator_50Hz_inst/count_reg[10]/R
                            (rising edge-triggered cell FDRE clocked by sys_clk_pin  {rise@0.000ns fall@5.000ns period=10.000ns})
  Path Group:             sys_clk_pin
  Path Type:              Setup (Max at Slow Process Corner)
  Requirement:            10.000ns  (sys_clk_pin rise@10.000ns - sys_clk_pin rise@0.000ns)
  Data Path Delay:        3.298ns  (logic 0.766ns (23.229%)  route 2.532ns (76.771%))
  Logic Levels:           2  (LUT4=1 LUT5=1)
  Clock Path Skew:        -0.025ns (DCD - SCD + CPR)
    Destination Clock Delay (DCD):    5.012ns = ( 15.012 - 10.000 ) 
    Source Clock Delay      (SCD):    5.312ns
    Clock Pessimism Removal (CPR):    0.275ns
  Clock Uncertainty:      0.035ns  ((TSJ^2 + TIJ^2)^1/2 + DJ) / 2 + PE
    Total System Jitter     (TSJ):    0.071ns
    Total Input Jitter      (TIJ):    0.000ns
    Discrete Jitter          (DJ):    0.000ns
    Phase Error              (PE):    0.000ns

    Location             Delay type                Incr(ns)  Path(ns)    Netlist Resource(s)
  -------------------------------------------------------------------    -------------------
                         (clock sys_clk_pin rise edge)
                                                      0.000     0.000 r  
    E3                                                0.000     0.000 r  clk (IN)
                         net (fo=0)                   0.000     0.000    clk
    E3                   IBUF (Prop_ibuf_I_O)         1.482     1.482 r  clk_IBUF_inst/O
                         net (fo=1, routed)           2.025     3.506    clk_IBUF
    BUFGCTRL_X0Y16       BUFG (Prop_bufg_I_O)         0.096     3.602 r  clk_IBUF_BUFG_inst/O
                         net (fo=65, routed)          1.710     5.312    CE_generator_50Hz_inst/CLK
    SLICE_X2Y100         FDRE                                         r  CE_generator_50Hz_inst/count_reg[5]/C
  -------------------------------------------------------------------    -------------------
    SLICE_X2Y100         FDRE (Prop_fdre_C_Q)         0.518     5.830 r  CE_generator_50Hz_inst/count_reg[5]/Q
                         net (fo=2, routed)           1.070     6.900    CE_generator_50Hz_inst/count_reg_n_0_[5]
    SLICE_X4Y102         LUT4 (Prop_lut4_I3_O)        0.124     7.024 f  CE_generator_50Hz_inst/count[20]_i_6/O
                         net (fo=1, routed)           0.663     7.687    CE_generator_50Hz_inst/count[20]_i_6_n_0
    SLICE_X3Y101         LUT5 (Prop_lut5_I4_O)        0.124     7.811 r  CE_generator_50Hz_inst/count[20]_i_1/O
                         net (fo=22, routed)          0.799     8.610    CE_generator_50Hz_inst/count[20]_i_1_n_0
    SLICE_X2Y101         FDRE                                         r  CE_generator_50Hz_inst/count_reg[10]/R
  -------------------------------------------------------------------    -------------------

                         (clock sys_clk_pin rise edge)
                                                     10.000    10.000 r  
    E3                                                0.000    10.000 r  clk (IN)
                         net (fo=0)                   0.000    10.000    clk
    E3                   IBUF (Prop_ibuf_I_O)         1.411    11.411 r  clk_IBUF_inst/O
                         net (fo=1, routed)           1.920    13.331    clk_IBUF
    BUFGCTRL_X0Y16       BUFG (Prop_bufg_I_O)         0.091    13.422 r  clk_IBUF_BUFG_inst/O
                         net (fo=65, routed)          1.590    15.012    CE_generator_50Hz_inst/CLK
    SLICE_X2Y101         FDRE                                         r  CE_generator_50Hz_inst/count_reg[10]/C
                         clock pessimism              0.275    15.287    
                         clock uncertainty           -0.035    15.252    
    SLICE_X2Y101         FDRE (Setup_fdre_C_R)       -0.524    14.728    CE_generator_50Hz_inst/count_reg[10]
  -------------------------------------------------------------------
                         required time                         14.728    
                         arrival time                          -8.610    
  -------------------------------------------------------------------
                         slack                                  6.118    

Slack (MET) :             6.118ns  (required time - arrival time)
  Source:                 CE_generator_50Hz_inst/count_reg[5]/C
                            (rising edge-triggered cell FDRE clocked by sys_clk_pin  {rise@0.000ns fall@5.000ns period=10.000ns})
  Destination:            CE_generator_50Hz_inst/count_reg[11]/R
                            (rising edge-triggered cell FDRE clocked by sys_clk_pin  {rise@0.000ns fall@5.000ns period=10.000ns})
  Path Group:             sys_clk_pin
  Path Type:              Setup (Max at Slow Process Corner)
  Requirement:            10.000ns  (sys_clk_pin rise@10.000ns - sys_clk_pin rise@0.000ns)
  Data Path Delay:        3.298ns  (logic 0.766ns (23.229%)  route 2.532ns (76.771%))
  Logic Levels:           2  (LUT4=1 LUT5=1)
  Clock Path Skew:        -0.025ns (DCD - SCD + CPR)
    Destination Clock Delay (DCD):    5.012ns = ( 15.012 - 10.000 ) 
    Source Clock Delay      (SCD):    5.312ns
    Clock Pessimism Removal (CPR):    0.275ns
  Clock Uncertainty:      0.035ns  ((TSJ^2 + TIJ^2)^1/2 + DJ) / 2 + PE
    Total System Jitter     (TSJ):    0.071ns
    Total Input Jitter      (TIJ):    0.000ns
    Discrete Jitter          (DJ):    0.000ns
    Phase Error              (PE):    0.000ns

    Location             Delay type                Incr(ns)  Path(ns)    Netlist Resource(s)
  -------------------------------------------------------------------    -------------------
                         (clock sys_clk_pin rise edge)
                                                      0.000     0.000 r  
    E3                                                0.000     0.000 r  clk (IN)
                         net (fo=0)                   0.000     0.000    clk
    E3                   IBUF (Prop_ibuf_I_O)         1.482     1.482 r  clk_IBUF_inst/O
                         net (fo=1, routed)           2.025     3.506    clk_IBUF
    BUFGCTRL_X0Y16       BUFG (Prop_bufg_I_O)         0.096     3.602 r  clk_IBUF_BUFG_inst/O
                         net (fo=65, routed)          1.710     5.312    CE_generator_50Hz_inst/CLK
    SLICE_X2Y100         FDRE                                         r  CE_generator_50Hz_inst/count_reg[5]/C
  -------------------------------------------------------------------    -------------------
    SLICE_X2Y100         FDRE (Prop_fdre_C_Q)         0.518     5.830 r  CE_generator_50Hz_inst/count_reg[5]/Q
                         net (fo=2, routed)           1.070     6.900    CE_generator_50Hz_inst/count_reg_n_0_[5]
    SLICE_X4Y102         LUT4 (Prop_lut4_I3_O)        0.124     7.024 f  CE_generator_50Hz_inst/count[20]_i_6/O
                         net (fo=1, routed)           0.663     7.687    CE_generator_50Hz_inst/count[20]_i_6_n_0
    SLICE_X3Y101         LUT5 (Prop_lut5_I4_O)        0.124     7.811 r  CE_generator_50Hz_inst/count[20]_i_1/O
                         net (fo=22, routed)          0.799     8.610    CE_generator_50Hz_inst/count[20]_i_1_n_0
    SLICE_X2Y101         FDRE                                         r  CE_generator_50Hz_inst/count_reg[11]/R
  -------------------------------------------------------------------    -------------------

                         (clock sys_clk_pin rise edge)
                                                     10.000    10.000 r  
    E3                                                0.000    10.000 r  clk (IN)
                         net (fo=0)                   0.000    10.000    clk
    E3                   IBUF (Prop_ibuf_I_O)         1.411    11.411 r  clk_IBUF_inst/O
                         net (fo=1, routed)           1.920    13.331    clk_IBUF
    BUFGCTRL_X0Y16       BUFG (Prop_bufg_I_O)         0.091    13.422 r  clk_IBUF_BUFG_inst/O
                         net (fo=65, routed)          1.590    15.012    CE_generator_50Hz_inst/CLK
    SLICE_X2Y101         FDRE                                         r  CE_generator_50Hz_inst/count_reg[11]/C
                         clock pessimism              0.275    15.287    
                         clock uncertainty           -0.035    15.252    
    SLICE_X2Y101         FDRE (Setup_fdre_C_R)       -0.524    14.728    CE_generator_50Hz_inst/count_reg[11]
  -------------------------------------------------------------------
                         required time                         14.728    
                         arrival time                          -8.610    
  -------------------------------------------------------------------
                         slack                                  6.118    

Slack (MET) :             6.118ns  (required time - arrival time)
  Source:                 CE_generator_50Hz_inst/count_reg[5]/C
                            (rising edge-triggered cell FDRE clocked by sys_clk_pin  {rise@0.000ns fall@5.000ns period=10.000ns})
  Destination:            CE_generator_50Hz_inst/count_reg[12]/R
                            (rising edge-triggered cell FDRE clocked by sys_clk_pin  {rise@0.000ns fall@5.000ns period=10.000ns})
  Path Group:             sys_clk_pin
  Path Type:              Setup (Max at Slow Process Corner)
  Requirement:            10.000ns  (sys_clk_pin rise@10.000ns - sys_clk_pin rise@0.000ns)
  Data Path Delay:        3.298ns  (logic 0.766ns (23.229%)  route 2.532ns (76.771%))
  Logic Levels:           2  (LUT4=1 LUT5=1)
  Clock Path Skew:        -0.025ns (DCD - SCD + CPR)
    Destination Clock Delay (DCD):    5.012ns = ( 15.012 - 10.000 ) 
    Source Clock Delay      (SCD):    5.312ns
    Clock Pessimism Removal (CPR):    0.275ns
  Clock Uncertainty:      0.035ns  ((TSJ^2 + TIJ^2)^1/2 + DJ) / 2 + PE
    Total System Jitter     (TSJ):    0.071ns
    Total Input Jitter      (TIJ):    0.000ns
    Discrete Jitter          (DJ):    0.000ns
    Phase Error              (PE):    0.000ns

    Location             Delay type                Incr(ns)  Path(ns)    Netlist Resource(s)
  -------------------------------------------------------------------    -------------------
                         (clock sys_clk_pin rise edge)
                                                      0.000     0.000 r  
    E3                                                0.000     0.000 r  clk (IN)
                         net (fo=0)                   0.000     0.000    clk
    E3                   IBUF (Prop_ibuf_I_O)         1.482     1.482 r  clk_IBUF_inst/O
                         net (fo=1, routed)           2.025     3.506    clk_IBUF
    BUFGCTRL_X0Y16       BUFG (Prop_bufg_I_O)         0.096     3.602 r  clk_IBUF_BUFG_inst/O
                         net (fo=65, routed)          1.710     5.312    CE_generator_50Hz_inst/CLK
    SLICE_X2Y100         FDRE                                         r  CE_generator_50Hz_inst/count_reg[5]/C
  -------------------------------------------------------------------    -------------------
    SLICE_X2Y100         FDRE (Prop_fdre_C_Q)         0.518     5.830 r  CE_generator_50Hz_inst/count_reg[5]/Q
                         net (fo=2, routed)           1.070     6.900    CE_generator_50Hz_inst/count_reg_n_0_[5]
    SLICE_X4Y102         LUT4 (Prop_lut4_I3_O)        0.124     7.024 f  CE_generator_50Hz_inst/count[20]_i_6/O
                         net (fo=1, routed)           0.663     7.687    CE_generator_50Hz_inst/count[20]_i_6_n_0
    SLICE_X3Y101         LUT5 (Prop_lut5_I4_O)        0.124     7.811 r  CE_generator_50Hz_inst/count[20]_i_1/O
                         net (fo=22, routed)          0.799     8.610    CE_generator_50Hz_inst/count[20]_i_1_n_0
    SLICE_X2Y101         FDRE                                         r  CE_generator_50Hz_inst/count_reg[12]/R
  -------------------------------------------------------------------    -------------------

                         (clock sys_clk_pin rise edge)
                                                     10.000    10.000 r  
    E3                                                0.000    10.000 r  clk (IN)
                         net (fo=0)                   0.000    10.000    clk
    E3                   IBUF (Prop_ibuf_I_O)         1.411    11.411 r  clk_IBUF_inst/O
                         net (fo=1, routed)           1.920    13.331    clk_IBUF
    BUFGCTRL_X0Y16       BUFG (Prop_bufg_I_O)         0.091    13.422 r  clk_IBUF_BUFG_inst/O
                         net (fo=65, routed)          1.590    15.012    CE_generator_50Hz_inst/CLK
    SLICE_X2Y101         FDRE                                         r  CE_generator_50Hz_inst/count_reg[12]/C
                         clock pessimism              0.275    15.287    
                         clock uncertainty           -0.035    15.252    
    SLICE_X2Y101         FDRE (Setup_fdre_C_R)       -0.524    14.728    CE_generator_50Hz_inst/count_reg[12]
  -------------------------------------------------------------------
                         required time                         14.728    
                         arrival time                          -8.610    
  -------------------------------------------------------------------
                         slack                                  6.118    

Slack (MET) :             6.118ns  (required time - arrival time)
  Source:                 CE_generator_50Hz_inst/count_reg[5]/C
                            (rising edge-triggered cell FDRE clocked by sys_clk_pin  {rise@0.000ns fall@5.000ns period=10.000ns})
  Destination:            CE_generator_50Hz_inst/count_reg[9]/R
                            (rising edge-triggered cell FDRE clocked by sys_clk_pin  {rise@0.000ns fall@5.000ns period=10.000ns})
  Path Group:             sys_clk_pin
  Path Type:              Setup (Max at Slow Process Corner)
  Requirement:            10.000ns  (sys_clk_pin rise@10.000ns - sys_clk_pin rise@0.000ns)
  Data Path Delay:        3.298ns  (logic 0.766ns (23.229%)  route 2.532ns (76.771%))
  Logic Levels:           2  (LUT4=1 LUT5=1)
  Clock Path Skew:        -0.025ns (DCD - SCD + CPR)
    Destination Clock Delay (DCD):    5.012ns = ( 15.012 - 10.000 ) 
    Source Clock Delay      (SCD):    5.312ns
    Clock Pessimism Removal (CPR):    0.275ns
  Clock Uncertainty:      0.035ns  ((TSJ^2 + TIJ^2)^1/2 + DJ) / 2 + PE
    Total System Jitter     (TSJ):    0.071ns
    Total Input Jitter      (TIJ):    0.000ns
    Discrete Jitter          (DJ):    0.000ns
    Phase Error              (PE):    0.000ns

    Location             Delay type                Incr(ns)  Path(ns)    Netlist Resource(s)
  -------------------------------------------------------------------    -------------------
                         (clock sys_clk_pin rise edge)
                                                      0.000     0.000 r  
    E3                                                0.000     0.000 r  clk (IN)
                         net (fo=0)                   0.000     0.000    clk
    E3                   IBUF (Prop_ibuf_I_O)         1.482     1.482 r  clk_IBUF_inst/O
                         net (fo=1, routed)           2.025     3.506    clk_IBUF
    BUFGCTRL_X0Y16       BUFG (Prop_bufg_I_O)         0.096     3.602 r  clk_IBUF_BUFG_inst/O
                         net (fo=65, routed)          1.710     5.312    CE_generator_50Hz_inst/CLK
    SLICE_X2Y100         FDRE                                         r  CE_generator_50Hz_inst/count_reg[5]/C
  -------------------------------------------------------------------    -------------------
    SLICE_X2Y100         FDRE (Prop_fdre_C_Q)         0.518     5.830 r  CE_generator_50Hz_inst/count_reg[5]/Q
                         net (fo=2, routed)           1.070     6.900    CE_generator_50Hz_inst/count_reg_n_0_[5]
    SLICE_X4Y102         LUT4 (Prop_lut4_I3_O)        0.124     7.024 f  CE_generator_50Hz_inst/count[20]_i_6/O
                         net (fo=1, routed)           0.663     7.687    CE_generator_50Hz_inst/count[20]_i_6_n_0
    SLICE_X3Y101         LUT5 (Prop_lut5_I4_O)        0.124     7.811 r  CE_generator_50Hz_inst/count[20]_i_1/O
                         net (fo=22, routed)          0.799     8.610    CE_generator_50Hz_inst/count[20]_i_1_n_0
    SLICE_X2Y101         FDRE                                         r  CE_generator_50Hz_inst/count_reg[9]/R
  -------------------------------------------------------------------    -------------------

                         (clock sys_clk_pin rise edge)
                                                     10.000    10.000 r  
    E3                                                0.000    10.000 r  clk (IN)
                         net (fo=0)                   0.000    10.000    clk
    E3                   IBUF (Prop_ibuf_I_O)         1.411    11.411 r  clk_IBUF_inst/O
                         net (fo=1, routed)           1.920    13.331    clk_IBUF
    BUFGCTRL_X0Y16       BUFG (Prop_bufg_I_O)         0.091    13.422 r  clk_IBUF_BUFG_inst/O
                         net (fo=65, routed)          1.590    15.012    CE_generator_50Hz_inst/CLK
    SLICE_X2Y101         FDRE                                         r  CE_generator_50Hz_inst/count_reg[9]/C
                         clock pessimism              0.275    15.287    
                         clock uncertainty           -0.035    15.252    
    SLICE_X2Y101         FDRE (Setup_fdre_C_R)       -0.524    14.728    CE_generator_50Hz_inst/count_reg[9]
  -------------------------------------------------------------------
                         required time                         14.728    
                         arrival time                          -8.610    
  -------------------------------------------------------------------
                         slack                                  6.118    

Slack (MET) :             6.199ns  (required time - arrival time)
  Source:                 CE_generator_50Hz_inst/count_reg[5]/C
                            (rising edge-triggered cell FDRE clocked by sys_clk_pin  {rise@0.000ns fall@5.000ns period=10.000ns})
  Destination:            CE_generator_50Hz_inst/count_reg[5]/R
                            (rising edge-triggered cell FDRE clocked by sys_clk_pin  {rise@0.000ns fall@5.000ns period=10.000ns})
  Path Group:             sys_clk_pin
  Path Type:              Setup (Max at Slow Process Corner)
  Requirement:            10.000ns  (sys_clk_pin rise@10.000ns - sys_clk_pin rise@0.000ns)
  Data Path Delay:        3.241ns  (logic 0.766ns (23.633%)  route 2.475ns (76.367%))
  Logic Levels:           2  (LUT4=1 LUT5=1)
  Clock Path Skew:        0.000ns (DCD - SCD + CPR)
    Destination Clock Delay (DCD):    5.012ns = ( 15.012 - 10.000 ) 
    Source Clock Delay      (SCD):    5.312ns
    Clock Pessimism Removal (CPR):    0.300ns
  Clock Uncertainty:      0.035ns  ((TSJ^2 + TIJ^2)^1/2 + DJ) / 2 + PE
    Total System Jitter     (TSJ):    0.071ns
    Total Input Jitter      (TIJ):    0.000ns
    Discrete Jitter          (DJ):    0.000ns
    Phase Error              (PE):    0.000ns

    Location             Delay type                Incr(ns)  Path(ns)    Netlist Resource(s)
  -------------------------------------------------------------------    -------------------
                         (clock sys_clk_pin rise edge)
                                                      0.000     0.000 r  
    E3                                                0.000     0.000 r  clk (IN)
                         net (fo=0)                   0.000     0.000    clk
    E3                   IBUF (Prop_ibuf_I_O)         1.482     1.482 r  clk_IBUF_inst/O
                         net (fo=1, routed)           2.025     3.506    clk_IBUF
    BUFGCTRL_X0Y16       BUFG (Prop_bufg_I_O)         0.096     3.602 r  clk_IBUF_BUFG_inst/O
                         net (fo=65, routed)          1.710     5.312    CE_generator_50Hz_inst/CLK
    SLICE_X2Y100         FDRE                                         r  CE_generator_50Hz_inst/count_reg[5]/C
  -------------------------------------------------------------------    -------------------
    SLICE_X2Y100         FDRE (Prop_fdre_C_Q)         0.518     5.830 r  CE_generator_50Hz_inst/count_reg[5]/Q
                         net (fo=2, routed)           1.070     6.900    CE_generator_50Hz_inst/count_reg_n_0_[5]
    SLICE_X4Y102         LUT4 (Prop_lut4_I3_O)        0.124     7.024 f  CE_generator_50Hz_inst/count[20]_i_6/O
                         net (fo=1, routed)           0.663     7.687    CE_generator_50Hz_inst/count[20]_i_6_n_0
    SLICE_X3Y101         LUT5 (Prop_lut5_I4_O)        0.124     7.811 r  CE_generator_50Hz_inst/count[20]_i_1/O
                         net (fo=22, routed)          0.743     8.554    CE_generator_50Hz_inst/count[20]_i_1_n_0
    SLICE_X2Y100         FDRE                                         r  CE_generator_50Hz_inst/count_reg[5]/R
  -------------------------------------------------------------------    -------------------

                         (clock sys_clk_pin rise edge)
                                                     10.000    10.000 r  
    E3                                                0.000    10.000 r  clk (IN)
                         net (fo=0)                   0.000    10.000    clk
    E3                   IBUF (Prop_ibuf_I_O)         1.411    11.411 r  clk_IBUF_inst/O
                         net (fo=1, routed)           1.920    13.331    clk_IBUF
    BUFGCTRL_X0Y16       BUFG (Prop_bufg_I_O)         0.091    13.422 r  clk_IBUF_BUFG_inst/O
                         net (fo=65, routed)          1.590    15.012    CE_generator_50Hz_inst/CLK
    SLICE_X2Y100         FDRE                                         r  CE_generator_50Hz_inst/count_reg[5]/C
                         clock pessimism              0.300    15.312    
                         clock uncertainty           -0.035    15.277    
    SLICE_X2Y100         FDRE (Setup_fdre_C_R)       -0.524    14.753    CE_generator_50Hz_inst/count_reg[5]
  -------------------------------------------------------------------
                         required time                         14.753    
                         arrival time                          -8.554    
  -------------------------------------------------------------------
                         slack                                  6.199    

Slack (MET) :             6.199ns  (required time - arrival time)
  Source:                 CE_generator_50Hz_inst/count_reg[5]/C
                            (rising edge-triggered cell FDRE clocked by sys_clk_pin  {rise@0.000ns fall@5.000ns period=10.000ns})
  Destination:            CE_generator_50Hz_inst/count_reg[6]/R
                            (rising edge-triggered cell FDRE clocked by sys_clk_pin  {rise@0.000ns fall@5.000ns period=10.000ns})
  Path Group:             sys_clk_pin
  Path Type:              Setup (Max at Slow Process Corner)
  Requirement:            10.000ns  (sys_clk_pin rise@10.000ns - sys_clk_pin rise@0.000ns)
  Data Path Delay:        3.241ns  (logic 0.766ns (23.633%)  route 2.475ns (76.367%))
  Logic Levels:           2  (LUT4=1 LUT5=1)
  Clock Path Skew:        0.000ns (DCD - SCD + CPR)
    Destination Clock Delay (DCD):    5.012ns = ( 15.012 - 10.000 ) 
    Source Clock Delay      (SCD):    5.312ns
    Clock Pessimism Removal (CPR):    0.300ns
  Clock Uncertainty:      0.035ns  ((TSJ^2 + TIJ^2)^1/2 + DJ) / 2 + PE
    Total System Jitter     (TSJ):    0.071ns
    Total Input Jitter      (TIJ):    0.000ns
    Discrete Jitter          (DJ):    0.000ns
    Phase Error              (PE):    0.000ns

    Location             Delay type                Incr(ns)  Path(ns)    Netlist Resource(s)
  -------------------------------------------------------------------    -------------------
                         (clock sys_clk_pin rise edge)
                                                      0.000     0.000 r  
    E3                                                0.000     0.000 r  clk (IN)
                         net (fo=0)                   0.000     0.000    clk
    E3                   IBUF (Prop_ibuf_I_O)         1.482     1.482 r  clk_IBUF_inst/O
                         net (fo=1, routed)           2.025     3.506    clk_IBUF
    BUFGCTRL_X0Y16       BUFG (Prop_bufg_I_O)         0.096     3.602 r  clk_IBUF_BUFG_inst/O
                         net (fo=65, routed)          1.710     5.312    CE_generator_50Hz_inst/CLK
    SLICE_X2Y100         FDRE                                         r  CE_generator_50Hz_inst/count_reg[5]/C
  -------------------------------------------------------------------    -------------------
    SLICE_X2Y100         FDRE (Prop_fdre_C_Q)         0.518     5.830 r  CE_generator_50Hz_inst/count_reg[5]/Q
                         net (fo=2, routed)           1.070     6.900    CE_generator_50Hz_inst/count_reg_n_0_[5]
    SLICE_X4Y102         LUT4 (Prop_lut4_I3_O)        0.124     7.024 f  CE_generator_50Hz_inst/count[20]_i_6/O
                         net (fo=1, routed)           0.663     7.687    CE_generator_50Hz_inst/count[20]_i_6_n_0
    SLICE_X3Y101         LUT5 (Prop_lut5_I4_O)        0.124     7.811 r  CE_generator_50Hz_inst/count[20]_i_1/O
                         net (fo=22, routed)          0.743     8.554    CE_generator_50Hz_inst/count[20]_i_1_n_0
    SLICE_X2Y100         FDRE                                         r  CE_generator_50Hz_inst/count_reg[6]/R
  -------------------------------------------------------------------    -------------------

                         (clock sys_clk_pin rise edge)
                                                     10.000    10.000 r  
    E3                                                0.000    10.000 r  clk (IN)
                         net (fo=0)                   0.000    10.000    clk
    E3                   IBUF (Prop_ibuf_I_O)         1.411    11.411 r  clk_IBUF_inst/O
                         net (fo=1, routed)           1.920    13.331    clk_IBUF
    BUFGCTRL_X0Y16       BUFG (Prop_bufg_I_O)         0.091    13.422 r  clk_IBUF_BUFG_inst/O
                         net (fo=65, routed)          1.590    15.012    CE_generator_50Hz_inst/CLK
    SLICE_X2Y100         FDRE                                         r  CE_generator_50Hz_inst/count_reg[6]/C
                         clock pessimism              0.300    15.312    
                         clock uncertainty           -0.035    15.277    
    SLICE_X2Y100         FDRE (Setup_fdre_C_R)       -0.524    14.753    CE_generator_50Hz_inst/count_reg[6]
  -------------------------------------------------------------------
                         required time                         14.753    
                         arrival time                          -8.554    
  -------------------------------------------------------------------
                         slack                                  6.199    

Slack (MET) :             6.199ns  (required time - arrival time)
  Source:                 CE_generator_50Hz_inst/count_reg[5]/C
                            (rising edge-triggered cell FDRE clocked by sys_clk_pin  {rise@0.000ns fall@5.000ns period=10.000ns})
  Destination:            CE_generator_50Hz_inst/count_reg[7]/R
                            (rising edge-triggered cell FDRE clocked by sys_clk_pin  {rise@0.000ns fall@5.000ns period=10.000ns})
  Path Group:             sys_clk_pin
  Path Type:              Setup (Max at Slow Process Corner)
  Requirement:            10.000ns  (sys_clk_pin rise@10.000ns - sys_clk_pin rise@0.000ns)
  Data Path Delay:        3.241ns  (logic 0.766ns (23.633%)  route 2.475ns (76.367%))
  Logic Levels:           2  (LUT4=1 LUT5=1)
  Clock Path Skew:        0.000ns (DCD - SCD + CPR)
    Destination Clock Delay (DCD):    5.012ns = ( 15.012 - 10.000 ) 
    Source Clock Delay      (SCD):    5.312ns
    Clock Pessimism Removal (CPR):    0.300ns
  Clock Uncertainty:      0.035ns  ((TSJ^2 + TIJ^2)^1/2 + DJ) / 2 + PE
    Total System Jitter     (TSJ):    0.071ns
    Total Input Jitter      (TIJ):    0.000ns
    Discrete Jitter          (DJ):    0.000ns
    Phase Error              (PE):    0.000ns

    Location             Delay type                Incr(ns)  Path(ns)    Netlist Resource(s)
  -------------------------------------------------------------------    -------------------
                         (clock sys_clk_pin rise edge)
                                                      0.000     0.000 r  
    E3                                                0.000     0.000 r  clk (IN)
                         net (fo=0)                   0.000     0.000    clk
    E3                   IBUF (Prop_ibuf_I_O)         1.482     1.482 r  clk_IBUF_inst/O
                         net (fo=1, routed)           2.025     3.506    clk_IBUF
    BUFGCTRL_X0Y16       BUFG (Prop_bufg_I_O)         0.096     3.602 r  clk_IBUF_BUFG_inst/O
                         net (fo=65, routed)          1.710     5.312    CE_generator_50Hz_inst/CLK
    SLICE_X2Y100         FDRE                                         r  CE_generator_50Hz_inst/count_reg[5]/C
  -------------------------------------------------------------------    -------------------
    SLICE_X2Y100         FDRE (Prop_fdre_C_Q)         0.518     5.830 r  CE_generator_50Hz_inst/count_reg[5]/Q
                         net (fo=2, routed)           1.070     6.900    CE_generator_50Hz_inst/count_reg_n_0_[5]
    SLICE_X4Y102         LUT4 (Prop_lut4_I3_O)        0.124     7.024 f  CE_generator_50Hz_inst/count[20]_i_6/O
                         net (fo=1, routed)           0.663     7.687    CE_generator_50Hz_inst/count[20]_i_6_n_0
    SLICE_X3Y101         LUT5 (Prop_lut5_I4_O)        0.124     7.811 r  CE_generator_50Hz_inst/count[20]_i_1/O
                         net (fo=22, routed)          0.743     8.554    CE_generator_50Hz_inst/count[20]_i_1_n_0
    SLICE_X2Y100         FDRE                                         r  CE_generator_50Hz_inst/count_reg[7]/R
  -------------------------------------------------------------------    -------------------

                         (clock sys_clk_pin rise edge)
                                                     10.000    10.000 r  
    E3                                                0.000    10.000 r  clk (IN)
                         net (fo=0)                   0.000    10.000    clk
    E3                   IBUF (Prop_ibuf_I_O)         1.411    11.411 r  clk_IBUF_inst/O
                         net (fo=1, routed)           1.920    13.331    clk_IBUF
    BUFGCTRL_X0Y16       BUFG (Prop_bufg_I_O)         0.091    13.422 r  clk_IBUF_BUFG_inst/O
                         net (fo=65, routed)          1.590    15.012    CE_generator_50Hz_inst/CLK
    SLICE_X2Y100         FDRE                                         r  CE_generator_50Hz_inst/count_reg[7]/C
                         clock pessimism              0.300    15.312    
                         clock uncertainty           -0.035    15.277    
    SLICE_X2Y100         FDRE (Setup_fdre_C_R)       -0.524    14.753    CE_generator_50Hz_inst/count_reg[7]
  -------------------------------------------------------------------
                         required time                         14.753    
                         arrival time                          -8.554    
  -------------------------------------------------------------------
                         slack                                  6.199    

Slack (MET) :             6.199ns  (required time - arrival time)
  Source:                 CE_generator_50Hz_inst/count_reg[5]/C
                            (rising edge-triggered cell FDRE clocked by sys_clk_pin  {rise@0.000ns fall@5.000ns period=10.000ns})
  Destination:            CE_generator_50Hz_inst/count_reg[8]/R
                            (rising edge-triggered cell FDRE clocked by sys_clk_pin  {rise@0.000ns fall@5.000ns period=10.000ns})
  Path Group:             sys_clk_pin
  Path Type:              Setup (Max at Slow Process Corner)
  Requirement:            10.000ns  (sys_clk_pin rise@10.000ns - sys_clk_pin rise@0.000ns)
  Data Path Delay:        3.241ns  (logic 0.766ns (23.633%)  route 2.475ns (76.367%))
  Logic Levels:           2  (LUT4=1 LUT5=1)
  Clock Path Skew:        0.000ns (DCD - SCD + CPR)
    Destination Clock Delay (DCD):    5.012ns = ( 15.012 - 10.000 ) 
    Source Clock Delay      (SCD):    5.312ns
    Clock Pessimism Removal (CPR):    0.300ns
  Clock Uncertainty:      0.035ns  ((TSJ^2 + TIJ^2)^1/2 + DJ) / 2 + PE
    Total System Jitter     (TSJ):    0.071ns
    Total Input Jitter      (TIJ):    0.000ns
    Discrete Jitter          (DJ):    0.000ns
    Phase Error              (PE):    0.000ns

    Location             Delay type                Incr(ns)  Path(ns)    Netlist Resource(s)
  -------------------------------------------------------------------    -------------------
                         (clock sys_clk_pin rise edge)
                                                      0.000     0.000 r  
    E3                                                0.000     0.000 r  clk (IN)
                         net (fo=0)                   0.000     0.000    clk
    E3                   IBUF (Prop_ibuf_I_O)         1.482     1.482 r  clk_IBUF_inst/O
                         net (fo=1, routed)           2.025     3.506    clk_IBUF
    BUFGCTRL_X0Y16       BUFG (Prop_bufg_I_O)         0.096     3.602 r  clk_IBUF_BUFG_inst/O
                         net (fo=65, routed)          1.710     5.312    CE_generator_50Hz_inst/CLK
    SLICE_X2Y100         FDRE                                         r  CE_generator_50Hz_inst/count_reg[5]/C
  -------------------------------------------------------------------    -------------------
    SLICE_X2Y100         FDRE (Prop_fdre_C_Q)         0.518     5.830 r  CE_generator_50Hz_inst/count_reg[5]/Q
                         net (fo=2, routed)           1.070     6.900    CE_generator_50Hz_inst/count_reg_n_0_[5]
    SLICE_X4Y102         LUT4 (Prop_lut4_I3_O)        0.124     7.024 f  CE_generator_50Hz_inst/count[20]_i_6/O
                         net (fo=1, routed)           0.663     7.687    CE_generator_50Hz_inst/count[20]_i_6_n_0
    SLICE_X3Y101         LUT5 (Prop_lut5_I4_O)        0.124     7.811 r  CE_generator_50Hz_inst/count[20]_i_1/O
                         net (fo=22, routed)          0.743     8.554    CE_generator_50Hz_inst/count[20]_i_1_n_0
    SLICE_X2Y100         FDRE                                         r  CE_generator_50Hz_inst/count_reg[8]/R
  -------------------------------------------------------------------    -------------------

                         (clock sys_clk_pin rise edge)
                                                     10.000    10.000 r  
    E3                                                0.000    10.000 r  clk (IN)
                         net (fo=0)                   0.000    10.000    clk
    E3                   IBUF (Prop_ibuf_I_O)         1.411    11.411 r  clk_IBUF_inst/O
                         net (fo=1, routed)           1.920    13.331    clk_IBUF
    BUFGCTRL_X0Y16       BUFG (Prop_bufg_I_O)         0.091    13.422 r  clk_IBUF_BUFG_inst/O
                         net (fo=65, routed)          1.590    15.012    CE_generator_50Hz_inst/CLK
    SLICE_X2Y100         FDRE                                         r  CE_generator_50Hz_inst/count_reg[8]/C
                         clock pessimism              0.300    15.312    
                         clock uncertainty           -0.035    15.277    
    SLICE_X2Y100         FDRE (Setup_fdre_C_R)       -0.524    14.753    CE_generator_50Hz_inst/count_reg[8]
  -------------------------------------------------------------------
                         required time                         14.753    
                         arrival time                          -8.554    
  -------------------------------------------------------------------
                         slack                                  6.199    

Slack (MET) :             6.213ns  (required time - arrival time)
  Source:                 CE_generator_50Hz_inst/count_reg[5]/C
                            (rising edge-triggered cell FDRE clocked by sys_clk_pin  {rise@0.000ns fall@5.000ns period=10.000ns})
  Destination:            CE_generator_50Hz_inst/count_reg[0]/R
                            (rising edge-triggered cell FDRE clocked by sys_clk_pin  {rise@0.000ns fall@5.000ns period=10.000ns})
  Path Group:             sys_clk_pin
  Path Type:              Setup (Max at Slow Process Corner)
  Requirement:            10.000ns  (sys_clk_pin rise@10.000ns - sys_clk_pin rise@0.000ns)
  Data Path Delay:        3.298ns  (logic 0.766ns (23.229%)  route 2.532ns (76.771%))
  Logic Levels:           2  (LUT4=1 LUT5=1)
  Clock Path Skew:        -0.025ns (DCD - SCD + CPR)
    Destination Clock Delay (DCD):    5.012ns = ( 15.012 - 10.000 ) 
    Source Clock Delay      (SCD):    5.312ns
    Clock Pessimism Removal (CPR):    0.275ns
  Clock Uncertainty:      0.035ns  ((TSJ^2 + TIJ^2)^1/2 + DJ) / 2 + PE
    Total System Jitter     (TSJ):    0.071ns
    Total Input Jitter      (TIJ):    0.000ns
    Discrete Jitter          (DJ):    0.000ns
    Phase Error              (PE):    0.000ns

    Location             Delay type                Incr(ns)  Path(ns)    Netlist Resource(s)
  -------------------------------------------------------------------    -------------------
                         (clock sys_clk_pin rise edge)
                                                      0.000     0.000 r  
    E3                                                0.000     0.000 r  clk (IN)
                         net (fo=0)                   0.000     0.000    clk
    E3                   IBUF (Prop_ibuf_I_O)         1.482     1.482 r  clk_IBUF_inst/O
                         net (fo=1, routed)           2.025     3.506    clk_IBUF
    BUFGCTRL_X0Y16       BUFG (Prop_bufg_I_O)         0.096     3.602 r  clk_IBUF_BUFG_inst/O
                         net (fo=65, routed)          1.710     5.312    CE_generator_50Hz_inst/CLK
    SLICE_X2Y100         FDRE                                         r  CE_generator_50Hz_inst/count_reg[5]/C
  -------------------------------------------------------------------    -------------------
    SLICE_X2Y100         FDRE (Prop_fdre_C_Q)         0.518     5.830 r  CE_generator_50Hz_inst/count_reg[5]/Q
                         net (fo=2, routed)           1.070     6.900    CE_generator_50Hz_inst/count_reg_n_0_[5]
    SLICE_X4Y102         LUT4 (Prop_lut4_I3_O)        0.124     7.024 f  CE_generator_50Hz_inst/count[20]_i_6/O
                         net (fo=1, routed)           0.663     7.687    CE_generator_50Hz_inst/count[20]_i_6_n_0
    SLICE_X3Y101         LUT5 (Prop_lut5_I4_O)        0.124     7.811 r  CE_generator_50Hz_inst/count[20]_i_1/O
                         net (fo=22, routed)          0.799     8.610    CE_generator_50Hz_inst/count[20]_i_1_n_0
    SLICE_X3Y101         FDRE                                         r  CE_generator_50Hz_inst/count_reg[0]/R
  -------------------------------------------------------------------    -------------------

                         (clock sys_clk_pin rise edge)
                                                     10.000    10.000 r  
    E3                                                0.000    10.000 r  clk (IN)
                         net (fo=0)                   0.000    10.000    clk
    E3                   IBUF (Prop_ibuf_I_O)         1.411    11.411 r  clk_IBUF_inst/O
                         net (fo=1, routed)           1.920    13.331    clk_IBUF
    BUFGCTRL_X0Y16       BUFG (Prop_bufg_I_O)         0.091    13.422 r  clk_IBUF_BUFG_inst/O
                         net (fo=65, routed)          1.590    15.012    CE_generator_50Hz_inst/CLK
    SLICE_X3Y101         FDRE                                         r  CE_generator_50Hz_inst/count_reg[0]/C
                         clock pessimism              0.275    15.287    
                         clock uncertainty           -0.035    15.252    
    SLICE_X3Y101         FDRE (Setup_fdre_C_R)       -0.429    14.823    CE_generator_50Hz_inst/count_reg[0]
  -------------------------------------------------------------------
                         required time                         14.823    
                         arrival time                          -8.610    
  -------------------------------------------------------------------
                         slack                                  6.213    

Slack (MET) :             6.284ns  (required time - arrival time)
  Source:                 CE_generator_50Hz_inst/count_reg[5]/C
                            (rising edge-triggered cell FDRE clocked by sys_clk_pin  {rise@0.000ns fall@5.000ns period=10.000ns})
  Destination:            CE_generator_50Hz_inst/count_reg[1]/R
                            (rising edge-triggered cell FDRE clocked by sys_clk_pin  {rise@0.000ns fall@5.000ns period=10.000ns})
  Path Group:             sys_clk_pin
  Path Type:              Setup (Max at Slow Process Corner)
  Requirement:            10.000ns  (sys_clk_pin rise@10.000ns - sys_clk_pin rise@0.000ns)
  Data Path Delay:        3.053ns  (logic 0.766ns (25.087%)  route 2.287ns (74.913%))
  Logic Levels:           2  (LUT4=1 LUT5=1)
  Clock Path Skew:        -0.104ns (DCD - SCD + CPR)
    Destination Clock Delay (DCD):    5.029ns = ( 15.029 - 10.000 ) 
    Source Clock Delay      (SCD):    5.312ns
    Clock Pessimism Removal (CPR):    0.180ns
  Clock Uncertainty:      0.035ns  ((TSJ^2 + TIJ^2)^1/2 + DJ) / 2 + PE
    Total System Jitter     (TSJ):    0.071ns
    Total Input Jitter      (TIJ):    0.000ns
    Discrete Jitter          (DJ):    0.000ns
    Phase Error              (PE):    0.000ns

    Location             Delay type                Incr(ns)  Path(ns)    Netlist Resource(s)
  -------------------------------------------------------------------    -------------------
                         (clock sys_clk_pin rise edge)
                                                      0.000     0.000 r  
    E3                                                0.000     0.000 r  clk (IN)
                         net (fo=0)                   0.000     0.000    clk
    E3                   IBUF (Prop_ibuf_I_O)         1.482     1.482 r  clk_IBUF_inst/O
                         net (fo=1, routed)           2.025     3.506    clk_IBUF
    BUFGCTRL_X0Y16       BUFG (Prop_bufg_I_O)         0.096     3.602 r  clk_IBUF_BUFG_inst/O
                         net (fo=65, routed)          1.710     5.312    CE_generator_50Hz_inst/CLK
    SLICE_X2Y100         FDRE                                         r  CE_generator_50Hz_inst/count_reg[5]/C
  -------------------------------------------------------------------    -------------------
    SLICE_X2Y100         FDRE (Prop_fdre_C_Q)         0.518     5.830 r  CE_generator_50Hz_inst/count_reg[5]/Q
                         net (fo=2, routed)           1.070     6.900    CE_generator_50Hz_inst/count_reg_n_0_[5]
    SLICE_X4Y102         LUT4 (Prop_lut4_I3_O)        0.124     7.024 f  CE_generator_50Hz_inst/count[20]_i_6/O
                         net (fo=1, routed)           0.663     7.687    CE_generator_50Hz_inst/count[20]_i_6_n_0
    SLICE_X3Y101         LUT5 (Prop_lut5_I4_O)        0.124     7.811 r  CE_generator_50Hz_inst/count[20]_i_1/O
                         net (fo=22, routed)          0.555     8.366    CE_generator_50Hz_inst/count[20]_i_1_n_0
    SLICE_X2Y99          FDRE                                         r  CE_generator_50Hz_inst/count_reg[1]/R
  -------------------------------------------------------------------    -------------------

                         (clock sys_clk_pin rise edge)
                                                     10.000    10.000 r  
    E3                                                0.000    10.000 r  clk (IN)
                         net (fo=0)                   0.000    10.000    clk
    E3                   IBUF (Prop_ibuf_I_O)         1.411    11.411 r  clk_IBUF_inst/O
                         net (fo=1, routed)           1.920    13.331    clk_IBUF
    BUFGCTRL_X0Y16       BUFG (Prop_bufg_I_O)         0.091    13.422 r  clk_IBUF_BUFG_inst/O
                         net (fo=65, routed)          1.606    15.029    CE_generator_50Hz_inst/CLK
    SLICE_X2Y99          FDRE                                         r  CE_generator_50Hz_inst/count_reg[1]/C
                         clock pessimism              0.180    15.209    
                         clock uncertainty           -0.035    15.173    
    SLICE_X2Y99          FDRE (Setup_fdre_C_R)       -0.524    14.649    CE_generator_50Hz_inst/count_reg[1]
  -------------------------------------------------------------------
                         required time                         14.649    
                         arrival time                          -8.366    
  -------------------------------------------------------------------
                         slack                                  6.284    





Min Delay Paths
--------------------------------------------------------------------------------------
Slack (MET) :             0.099ns  (arrival time - required time)
  Source:                 CE_generator_50Hz_inst/count_reg[3]/C
                            (rising edge-triggered cell FDRE clocked by sys_clk_pin  {rise@0.000ns fall@5.000ns period=10.000ns})
  Destination:            CE_generator_50Hz_inst/count_reg[5]/D
                            (rising edge-triggered cell FDRE clocked by sys_clk_pin  {rise@0.000ns fall@5.000ns period=10.000ns})
  Path Group:             sys_clk_pin
  Path Type:              Hold (Min at Fast Process Corner)
  Requirement:            0.000ns  (sys_clk_pin rise@0.000ns - sys_clk_pin rise@0.000ns)
  Data Path Delay:        0.500ns  (logic 0.373ns (74.560%)  route 0.127ns (25.440%))
  Logic Levels:           2  (CARRY4=2)
  Clock Path Skew:        0.267ns (DCD - SCD - CPR)
    Destination Clock Delay (DCD):    2.037ns
    Source Clock Delay      (SCD):    1.524ns
    Clock Pessimism Removal (CPR):    0.245ns

    Location             Delay type                Incr(ns)  Path(ns)    Netlist Resource(s)
  -------------------------------------------------------------------    -------------------
                         (clock sys_clk_pin rise edge)
                                                      0.000     0.000 r  
    E3                                                0.000     0.000 r  clk (IN)
                         net (fo=0)                   0.000     0.000    clk
    E3                   IBUF (Prop_ibuf_I_O)         0.250     0.250 r  clk_IBUF_inst/O
                         net (fo=1, routed)           0.644     0.894    clk_IBUF
    BUFGCTRL_X0Y16       BUFG (Prop_bufg_I_O)         0.026     0.920 r  clk_IBUF_BUFG_inst/O
                         net (fo=65, routed)          0.605     1.524    CE_generator_50Hz_inst/CLK
    SLICE_X2Y99          FDRE                                         r  CE_generator_50Hz_inst/count_reg[3]/C
  -------------------------------------------------------------------    -------------------
    SLICE_X2Y99          FDRE (Prop_fdre_C_Q)         0.164     1.688 r  CE_generator_50Hz_inst/count_reg[3]/Q
                         net (fo=2, routed)           0.127     1.815    CE_generator_50Hz_inst/count_reg_n_0_[3]
    SLICE_X2Y99          CARRY4 (Prop_carry4_S[2]_CO[3])
                                                      0.156     1.971 r  CE_generator_50Hz_inst/count0_carry/CO[3]
                         net (fo=1, routed)           0.001     1.972    CE_generator_50Hz_inst/count0_carry_n_0
    SLICE_X2Y100         CARRY4 (Prop_carry4_CI_O[0])
                                                      0.053     2.025 r  CE_generator_50Hz_inst/count0_carry__0/O[0]
                         net (fo=1, routed)           0.000     2.025    CE_generator_50Hz_inst/count0_carry__0_n_7
    SLICE_X2Y100         FDRE                                         r  CE_generator_50Hz_inst/count_reg[5]/D
  -------------------------------------------------------------------    -------------------

                         (clock sys_clk_pin rise edge)
                                                      0.000     0.000 r  
    E3                                                0.000     0.000 r  clk (IN)
                         net (fo=0)                   0.000     0.000    clk
    E3                   IBUF (Prop_ibuf_I_O)         0.438     0.438 r  clk_IBUF_inst/O
                         net (fo=1, routed)           0.699     1.136    clk_IBUF
    BUFGCTRL_X0Y16       BUFG (Prop_bufg_I_O)         0.029     1.165 r  clk_IBUF_BUFG_inst/O
                         net (fo=65, routed)          0.872     2.037    CE_generator_50Hz_inst/CLK
    SLICE_X2Y100         FDRE                                         r  CE_generator_50Hz_inst/count_reg[5]/C
                         clock pessimism             -0.245     1.791    
    SLICE_X2Y100         FDRE (Hold_fdre_C_D)         0.134     1.925    CE_generator_50Hz_inst/count_reg[5]
  -------------------------------------------------------------------
                         required time                         -1.925    
                         arrival time                           2.025    
  -------------------------------------------------------------------
                         slack                                  0.099    

Slack (MET) :             0.112ns  (arrival time - required time)
  Source:                 CE_generator_50Hz_inst/count_reg[3]/C
                            (rising edge-triggered cell FDRE clocked by sys_clk_pin  {rise@0.000ns fall@5.000ns period=10.000ns})
  Destination:            CE_generator_50Hz_inst/count_reg[7]/D
                            (rising edge-triggered cell FDRE clocked by sys_clk_pin  {rise@0.000ns fall@5.000ns period=10.000ns})
  Path Group:             sys_clk_pin
  Path Type:              Hold (Min at Fast Process Corner)
  Requirement:            0.000ns  (sys_clk_pin rise@0.000ns - sys_clk_pin rise@0.000ns)
  Data Path Delay:        0.513ns  (logic 0.386ns (75.204%)  route 0.127ns (24.796%))
  Logic Levels:           2  (CARRY4=2)
  Clock Path Skew:        0.267ns (DCD - SCD - CPR)
    Destination Clock Delay (DCD):    2.037ns
    Source Clock Delay      (SCD):    1.524ns
    Clock Pessimism Removal (CPR):    0.245ns

    Location             Delay type                Incr(ns)  Path(ns)    Netlist Resource(s)
  -------------------------------------------------------------------    -------------------
                         (clock sys_clk_pin rise edge)
                                                      0.000     0.000 r  
    E3                                                0.000     0.000 r  clk (IN)
                         net (fo=0)                   0.000     0.000    clk
    E3                   IBUF (Prop_ibuf_I_O)         0.250     0.250 r  clk_IBUF_inst/O
                         net (fo=1, routed)           0.644     0.894    clk_IBUF
    BUFGCTRL_X0Y16       BUFG (Prop_bufg_I_O)         0.026     0.920 r  clk_IBUF_BUFG_inst/O
                         net (fo=65, routed)          0.605     1.524    CE_generator_50Hz_inst/CLK
    SLICE_X2Y99          FDRE                                         r  CE_generator_50Hz_inst/count_reg[3]/C
  -------------------------------------------------------------------    -------------------
    SLICE_X2Y99          FDRE (Prop_fdre_C_Q)         0.164     1.688 r  CE_generator_50Hz_inst/count_reg[3]/Q
                         net (fo=2, routed)           0.127     1.815    CE_generator_50Hz_inst/count_reg_n_0_[3]
    SLICE_X2Y99          CARRY4 (Prop_carry4_S[2]_CO[3])
                                                      0.156     1.971 r  CE_generator_50Hz_inst/count0_carry/CO[3]
                         net (fo=1, routed)           0.001     1.972    CE_generator_50Hz_inst/count0_carry_n_0
    SLICE_X2Y100         CARRY4 (Prop_carry4_CI_O[2])
                                                      0.066     2.038 r  CE_generator_50Hz_inst/count0_carry__0/O[2]
                         net (fo=1, routed)           0.000     2.038    CE_generator_50Hz_inst/count0_carry__0_n_5
    SLICE_X2Y100         FDRE                                         r  CE_generator_50Hz_inst/count_reg[7]/D
  -------------------------------------------------------------------    -------------------

                         (clock sys_clk_pin rise edge)
                                                      0.000     0.000 r  
    E3                                                0.000     0.000 r  clk (IN)
                         net (fo=0)                   0.000     0.000    clk
    E3                   IBUF (Prop_ibuf_I_O)         0.438     0.438 r  clk_IBUF_inst/O
                         net (fo=1, routed)           0.699     1.136    clk_IBUF
    BUFGCTRL_X0Y16       BUFG (Prop_bufg_I_O)         0.029     1.165 r  clk_IBUF_BUFG_inst/O
                         net (fo=65, routed)          0.872     2.037    CE_generator_50Hz_inst/CLK
    SLICE_X2Y100         FDRE                                         r  CE_generator_50Hz_inst/count_reg[7]/C
                         clock pessimism             -0.245     1.791    
    SLICE_X2Y100         FDRE (Hold_fdre_C_D)         0.134     1.925    CE_generator_50Hz_inst/count_reg[7]
  -------------------------------------------------------------------
                         required time                         -1.925    
                         arrival time                           2.038    
  -------------------------------------------------------------------
                         slack                                  0.112    

Slack (MET) :             0.135ns  (arrival time - required time)
  Source:                 CE_generator_50Hz_inst/count_reg[3]/C
                            (rising edge-triggered cell FDRE clocked by sys_clk_pin  {rise@0.000ns fall@5.000ns period=10.000ns})
  Destination:            CE_generator_50Hz_inst/count_reg[6]/D
                            (rising edge-triggered cell FDRE clocked by sys_clk_pin  {rise@0.000ns fall@5.000ns period=10.000ns})
  Path Group:             sys_clk_pin
  Path Type:              Hold (Min at Fast Process Corner)
  Requirement:            0.000ns  (sys_clk_pin rise@0.000ns - sys_clk_pin rise@0.000ns)
  Data Path Delay:        0.536ns  (logic 0.409ns (76.267%)  route 0.127ns (23.733%))
  Logic Levels:           2  (CARRY4=2)
  Clock Path Skew:        0.267ns (DCD - SCD - CPR)
    Destination Clock Delay (DCD):    2.037ns
    Source Clock Delay      (SCD):    1.524ns
    Clock Pessimism Removal (CPR):    0.245ns

    Location             Delay type                Incr(ns)  Path(ns)    Netlist Resource(s)
  -------------------------------------------------------------------    -------------------
                         (clock sys_clk_pin rise edge)
                                                      0.000     0.000 r  
    E3                                                0.000     0.000 r  clk (IN)
                         net (fo=0)                   0.000     0.000    clk
    E3                   IBUF (Prop_ibuf_I_O)         0.250     0.250 r  clk_IBUF_inst/O
                         net (fo=1, routed)           0.644     0.894    clk_IBUF
    BUFGCTRL_X0Y16       BUFG (Prop_bufg_I_O)         0.026     0.920 r  clk_IBUF_BUFG_inst/O
                         net (fo=65, routed)          0.605     1.524    CE_generator_50Hz_inst/CLK
    SLICE_X2Y99          FDRE                                         r  CE_generator_50Hz_inst/count_reg[3]/C
  -------------------------------------------------------------------    -------------------
    SLICE_X2Y99          FDRE (Prop_fdre_C_Q)         0.164     1.688 r  CE_generator_50Hz_inst/count_reg[3]/Q
                         net (fo=2, routed)           0.127     1.815    CE_generator_50Hz_inst/count_reg_n_0_[3]
    SLICE_X2Y99          CARRY4 (Prop_carry4_S[2]_CO[3])
                                                      0.156     1.971 r  CE_generator_50Hz_inst/count0_carry/CO[3]
                         net (fo=1, routed)           0.001     1.972    CE_generator_50Hz_inst/count0_carry_n_0
    SLICE_X2Y100         CARRY4 (Prop_carry4_CI_O[1])
                                                      0.089     2.061 r  CE_generator_50Hz_inst/count0_carry__0/O[1]
                         net (fo=1, routed)           0.000     2.061    CE_generator_50Hz_inst/count0_carry__0_n_6
    SLICE_X2Y100         FDRE                                         r  CE_generator_50Hz_inst/count_reg[6]/D
  -------------------------------------------------------------------    -------------------

                         (clock sys_clk_pin rise edge)
                                                      0.000     0.000 r  
    E3                                                0.000     0.000 r  clk (IN)
                         net (fo=0)                   0.000     0.000    clk
    E3                   IBUF (Prop_ibuf_I_O)         0.438     0.438 r  clk_IBUF_inst/O
                         net (fo=1, routed)           0.699     1.136    clk_IBUF
    BUFGCTRL_X0Y16       BUFG (Prop_bufg_I_O)         0.029     1.165 r  clk_IBUF_BUFG_inst/O
                         net (fo=65, routed)          0.872     2.037    CE_generator_50Hz_inst/CLK
    SLICE_X2Y100         FDRE                                         r  CE_generator_50Hz_inst/count_reg[6]/C
                         clock pessimism             -0.245     1.791    
    SLICE_X2Y100         FDRE (Hold_fdre_C_D)         0.134     1.925    CE_generator_50Hz_inst/count_reg[6]
  -------------------------------------------------------------------
                         required time                         -1.925    
                         arrival time                           2.061    
  -------------------------------------------------------------------
                         slack                                  0.135    

Slack (MET) :             0.137ns  (arrival time - required time)
  Source:                 CE_generator_50Hz_inst/count_reg[3]/C
                            (rising edge-triggered cell FDRE clocked by sys_clk_pin  {rise@0.000ns fall@5.000ns period=10.000ns})
  Destination:            CE_generator_50Hz_inst/count_reg[8]/D
                            (rising edge-triggered cell FDRE clocked by sys_clk_pin  {rise@0.000ns fall@5.000ns period=10.000ns})
  Path Group:             sys_clk_pin
  Path Type:              Hold (Min at Fast Process Corner)
  Requirement:            0.000ns  (sys_clk_pin rise@0.000ns - sys_clk_pin rise@0.000ns)
  Data Path Delay:        0.538ns  (logic 0.411ns (76.356%)  route 0.127ns (23.644%))
  Logic Levels:           2  (CARRY4=2)
  Clock Path Skew:        0.267ns (DCD - SCD - CPR)
    Destination Clock Delay (DCD):    2.037ns
    Source Clock Delay      (SCD):    1.524ns
    Clock Pessimism Removal (CPR):    0.245ns

    Location             Delay type                Incr(ns)  Path(ns)    Netlist Resource(s)
  -------------------------------------------------------------------    -------------------
                         (clock sys_clk_pin rise edge)
                                                      0.000     0.000 r  
    E3                                                0.000     0.000 r  clk (IN)
                         net (fo=0)                   0.000     0.000    clk
    E3                   IBUF (Prop_ibuf_I_O)         0.250     0.250 r  clk_IBUF_inst/O
                         net (fo=1, routed)           0.644     0.894    clk_IBUF
    BUFGCTRL_X0Y16       BUFG (Prop_bufg_I_O)         0.026     0.920 r  clk_IBUF_BUFG_inst/O
                         net (fo=65, routed)          0.605     1.524    CE_generator_50Hz_inst/CLK
    SLICE_X2Y99          FDRE                                         r  CE_generator_50Hz_inst/count_reg[3]/C
  -------------------------------------------------------------------    -------------------
    SLICE_X2Y99          FDRE (Prop_fdre_C_Q)         0.164     1.688 r  CE_generator_50Hz_inst/count_reg[3]/Q
                         net (fo=2, routed)           0.127     1.815    CE_generator_50Hz_inst/count_reg_n_0_[3]
    SLICE_X2Y99          CARRY4 (Prop_carry4_S[2]_CO[3])
                                                      0.156     1.971 r  CE_generator_50Hz_inst/count0_carry/CO[3]
                         net (fo=1, routed)           0.001     1.972    CE_generator_50Hz_inst/count0_carry_n_0
    SLICE_X2Y100         CARRY4 (Prop_carry4_CI_O[3])
                                                      0.091     2.063 r  CE_generator_50Hz_inst/count0_carry__0/O[3]
                         net (fo=1, routed)           0.000     2.063    CE_generator_50Hz_inst/count0_carry__0_n_4
    SLICE_X2Y100         FDRE                                         r  CE_generator_50Hz_inst/count_reg[8]/D
  -------------------------------------------------------------------    -------------------

                         (clock sys_clk_pin rise edge)
                                                      0.000     0.000 r  
    E3                                                0.000     0.000 r  clk (IN)
                         net (fo=0)                   0.000     0.000    clk
    E3                   IBUF (Prop_ibuf_I_O)         0.438     0.438 r  clk_IBUF_inst/O
                         net (fo=1, routed)           0.699     1.136    clk_IBUF
    BUFGCTRL_X0Y16       BUFG (Prop_bufg_I_O)         0.029     1.165 r  clk_IBUF_BUFG_inst/O
                         net (fo=65, routed)          0.872     2.037    CE_generator_50Hz_inst/CLK
    SLICE_X2Y100         FDRE                                         r  CE_generator_50Hz_inst/count_reg[8]/C
                         clock pessimism             -0.245     1.791    
    SLICE_X2Y100         FDRE (Hold_fdre_C_D)         0.134     1.925    CE_generator_50Hz_inst/count_reg[8]
  -------------------------------------------------------------------
                         required time                         -1.925    
                         arrival time                           2.063    
  -------------------------------------------------------------------
                         slack                                  0.137    

Slack (MET) :             0.139ns  (arrival time - required time)
  Source:                 CE_generator_50Hz_inst/count_reg[3]/C
                            (rising edge-triggered cell FDRE clocked by sys_clk_pin  {rise@0.000ns fall@5.000ns period=10.000ns})
  Destination:            CE_generator_50Hz_inst/count_reg[9]/D
                            (rising edge-triggered cell FDRE clocked by sys_clk_pin  {rise@0.000ns fall@5.000ns period=10.000ns})
  Path Group:             sys_clk_pin
  Path Type:              Hold (Min at Fast Process Corner)
  Requirement:            0.000ns  (sys_clk_pin rise@0.000ns - sys_clk_pin rise@0.000ns)
  Data Path Delay:        0.540ns  (logic 0.413ns (76.443%)  route 0.127ns (23.557%))
  Logic Levels:           3  (CARRY4=3)
  Clock Path Skew:        0.267ns (DCD - SCD - CPR)
    Destination Clock Delay (DCD):    2.037ns
    Source Clock Delay      (SCD):    1.524ns
    Clock Pessimism Removal (CPR):    0.245ns

    Location             Delay type                Incr(ns)  Path(ns)    Netlist Resource(s)
  -------------------------------------------------------------------    -------------------
                         (clock sys_clk_pin rise edge)
                                                      0.000     0.000 r  
    E3                                                0.000     0.000 r  clk (IN)
                         net (fo=0)                   0.000     0.000    clk
    E3                   IBUF (Prop_ibuf_I_O)         0.250     0.250 r  clk_IBUF_inst/O
                         net (fo=1, routed)           0.644     0.894    clk_IBUF
    BUFGCTRL_X0Y16       BUFG (Prop_bufg_I_O)         0.026     0.920 r  clk_IBUF_BUFG_inst/O
                         net (fo=65, routed)          0.605     1.524    CE_generator_50Hz_inst/CLK
    SLICE_X2Y99          FDRE                                         r  CE_generator_50Hz_inst/count_reg[3]/C
  -------------------------------------------------------------------    -------------------
    SLICE_X2Y99          FDRE (Prop_fdre_C_Q)         0.164     1.688 r  CE_generator_50Hz_inst/count_reg[3]/Q
                         net (fo=2, routed)           0.127     1.815    CE_generator_50Hz_inst/count_reg_n_0_[3]
    SLICE_X2Y99          CARRY4 (Prop_carry4_S[2]_CO[3])
                                                      0.156     1.971 r  CE_generator_50Hz_inst/count0_carry/CO[3]
                         net (fo=1, routed)           0.001     1.972    CE_generator_50Hz_inst/count0_carry_n_0
    SLICE_X2Y100         CARRY4 (Prop_carry4_CI_CO[3])
                                                      0.040     2.012 r  CE_generator_50Hz_inst/count0_carry__0/CO[3]
                         net (fo=1, routed)           0.000     2.012    CE_generator_50Hz_inst/count0_carry__0_n_0
    SLICE_X2Y101         CARRY4 (Prop_carry4_CI_O[0])
                                                      0.053     2.065 r  CE_generator_50Hz_inst/count0_carry__1/O[0]
                         net (fo=1, routed)           0.000     2.065    CE_generator_50Hz_inst/count0_carry__1_n_7
    SLICE_X2Y101         FDRE                                         r  CE_generator_50Hz_inst/count_reg[9]/D
  -------------------------------------------------------------------    -------------------

                         (clock sys_clk_pin rise edge)
                                                      0.000     0.000 r  
    E3                                                0.000     0.000 r  clk (IN)
                         net (fo=0)                   0.000     0.000    clk
    E3                   IBUF (Prop_ibuf_I_O)         0.438     0.438 r  clk_IBUF_inst/O
                         net (fo=1, routed)           0.699     1.136    clk_IBUF
    BUFGCTRL_X0Y16       BUFG (Prop_bufg_I_O)         0.029     1.165 r  clk_IBUF_BUFG_inst/O
                         net (fo=65, routed)          0.872     2.037    CE_generator_50Hz_inst/CLK
    SLICE_X2Y101         FDRE                                         r  CE_generator_50Hz_inst/count_reg[9]/C
                         clock pessimism             -0.245     1.791    
    SLICE_X2Y101         FDRE (Hold_fdre_C_D)         0.134     1.925    CE_generator_50Hz_inst/count_reg[9]
  -------------------------------------------------------------------
                         required time                         -1.925    
                         arrival time                           2.065    
  -------------------------------------------------------------------
                         slack                                  0.139    

Slack (MET) :             0.152ns  (arrival time - required time)
  Source:                 CE_generator_50Hz_inst/count_reg[3]/C
                            (rising edge-triggered cell FDRE clocked by sys_clk_pin  {rise@0.000ns fall@5.000ns period=10.000ns})
  Destination:            CE_generator_50Hz_inst/count_reg[11]/D
                            (rising edge-triggered cell FDRE clocked by sys_clk_pin  {rise@0.000ns fall@5.000ns period=10.000ns})
  Path Group:             sys_clk_pin
  Path Type:              Hold (Min at Fast Process Corner)
  Requirement:            0.000ns  (sys_clk_pin rise@0.000ns - sys_clk_pin rise@0.000ns)
  Data Path Delay:        0.553ns  (logic 0.426ns (76.997%)  route 0.127ns (23.003%))
  Logic Levels:           3  (CARRY4=3)
  Clock Path Skew:        0.267ns (DCD - SCD - CPR)
    Destination Clock Delay (DCD):    2.037ns
    Source Clock Delay      (SCD):    1.524ns
    Clock Pessimism Removal (CPR):    0.245ns

    Location             Delay type                Incr(ns)  Path(ns)    Netlist Resource(s)
  -------------------------------------------------------------------    -------------------
                         (clock sys_clk_pin rise edge)
                                                      0.000     0.000 r  
    E3                                                0.000     0.000 r  clk (IN)
                         net (fo=0)                   0.000     0.000    clk
    E3                   IBUF (Prop_ibuf_I_O)         0.250     0.250 r  clk_IBUF_inst/O
                         net (fo=1, routed)           0.644     0.894    clk_IBUF
    BUFGCTRL_X0Y16       BUFG (Prop_bufg_I_O)         0.026     0.920 r  clk_IBUF_BUFG_inst/O
                         net (fo=65, routed)          0.605     1.524    CE_generator_50Hz_inst/CLK
    SLICE_X2Y99          FDRE                                         r  CE_generator_50Hz_inst/count_reg[3]/C
  -------------------------------------------------------------------    -------------------
    SLICE_X2Y99          FDRE (Prop_fdre_C_Q)         0.164     1.688 r  CE_generator_50Hz_inst/count_reg[3]/Q
                         net (fo=2, routed)           0.127     1.815    CE_generator_50Hz_inst/count_reg_n_0_[3]
    SLICE_X2Y99          CARRY4 (Prop_carry4_S[2]_CO[3])
                                                      0.156     1.971 r  CE_generator_50Hz_inst/count0_carry/CO[3]
                         net (fo=1, routed)           0.001     1.972    CE_generator_50Hz_inst/count0_carry_n_0
    SLICE_X2Y100         CARRY4 (Prop_carry4_CI_CO[3])
                                                      0.040     2.012 r  CE_generator_50Hz_inst/count0_carry__0/CO[3]
                         net (fo=1, routed)           0.000     2.012    CE_generator_50Hz_inst/count0_carry__0_n_0
    SLICE_X2Y101         CARRY4 (Prop_carry4_CI_O[2])
                                                      0.066     2.078 r  CE_generator_50Hz_inst/count0_carry__1/O[2]
                         net (fo=1, routed)           0.000     2.078    CE_generator_50Hz_inst/count0_carry__1_n_5
    SLICE_X2Y101         FDRE                                         r  CE_generator_50Hz_inst/count_reg[11]/D
  -------------------------------------------------------------------    -------------------

                         (clock sys_clk_pin rise edge)
                                                      0.000     0.000 r  
    E3                                                0.000     0.000 r  clk (IN)
                         net (fo=0)                   0.000     0.000    clk
    E3                   IBUF (Prop_ibuf_I_O)         0.438     0.438 r  clk_IBUF_inst/O
                         net (fo=1, routed)           0.699     1.136    clk_IBUF
    BUFGCTRL_X0Y16       BUFG (Prop_bufg_I_O)         0.029     1.165 r  clk_IBUF_BUFG_inst/O
                         net (fo=65, routed)          0.872     2.037    CE_generator_50Hz_inst/CLK
    SLICE_X2Y101         FDRE                                         r  CE_generator_50Hz_inst/count_reg[11]/C
                         clock pessimism             -0.245     1.791    
    SLICE_X2Y101         FDRE (Hold_fdre_C_D)         0.134     1.925    CE_generator_50Hz_inst/count_reg[11]
  -------------------------------------------------------------------
                         required time                         -1.925    
                         arrival time                           2.078    
  -------------------------------------------------------------------
                         slack                                  0.152    

Slack (MET) :             0.159ns  (arrival time - required time)
  Source:                 CE_generator_50Hz_inst/count_reg[0]/C
                            (rising edge-triggered cell FDRE clocked by sys_clk_pin  {rise@0.000ns fall@5.000ns period=10.000ns})
  Destination:            CE_generator_50Hz_inst/count_reg[1]/D
                            (rising edge-triggered cell FDRE clocked by sys_clk_pin  {rise@0.000ns fall@5.000ns period=10.000ns})
  Path Group:             sys_clk_pin
  Path Type:              Hold (Min at Fast Process Corner)
  Requirement:            0.000ns  (sys_clk_pin rise@0.000ns - sys_clk_pin rise@0.000ns)
  Data Path Delay:        0.572ns  (logic 0.299ns (52.303%)  route 0.273ns (47.697%))
  Logic Levels:           1  (CARRY4=1)
  Clock Path Skew:        0.279ns (DCD - SCD - CPR)
    Destination Clock Delay (DCD):    2.043ns
    Source Clock Delay      (SCD):    1.518ns
    Clock Pessimism Removal (CPR):    0.245ns

    Location             Delay type                Incr(ns)  Path(ns)    Netlist Resource(s)
  -------------------------------------------------------------------    -------------------
                         (clock sys_clk_pin rise edge)
                                                      0.000     0.000 r  
    E3                                                0.000     0.000 r  clk (IN)
                         net (fo=0)                   0.000     0.000    clk
    E3                   IBUF (Prop_ibuf_I_O)         0.250     0.250 r  clk_IBUF_inst/O
                         net (fo=1, routed)           0.644     0.894    clk_IBUF
    BUFGCTRL_X0Y16       BUFG (Prop_bufg_I_O)         0.026     0.920 r  clk_IBUF_BUFG_inst/O
                         net (fo=65, routed)          0.599     1.518    CE_generator_50Hz_inst/CLK
    SLICE_X3Y101         FDRE                                         r  CE_generator_50Hz_inst/count_reg[0]/C
  -------------------------------------------------------------------    -------------------
    SLICE_X3Y101         FDRE (Prop_fdre_C_Q)         0.141     1.659 r  CE_generator_50Hz_inst/count_reg[0]/Q
                         net (fo=3, routed)           0.273     1.932    CE_generator_50Hz_inst/count_reg_n_0_[0]
    SLICE_X2Y99          CARRY4 (Prop_carry4_CYINIT_O[0])
                                                      0.158     2.090 r  CE_generator_50Hz_inst/count0_carry/O[0]
                         net (fo=1, routed)           0.000     2.090    CE_generator_50Hz_inst/count0_carry_n_7
    SLICE_X2Y99          FDRE                                         r  CE_generator_50Hz_inst/count_reg[1]/D
  -------------------------------------------------------------------    -------------------

                         (clock sys_clk_pin rise edge)
                                                      0.000     0.000 r  
    E3                                                0.000     0.000 r  clk (IN)
                         net (fo=0)                   0.000     0.000    clk
    E3                   IBUF (Prop_ibuf_I_O)         0.438     0.438 r  clk_IBUF_inst/O
                         net (fo=1, routed)           0.699     1.136    clk_IBUF
    BUFGCTRL_X0Y16       BUFG (Prop_bufg_I_O)         0.029     1.165 r  clk_IBUF_BUFG_inst/O
                         net (fo=65, routed)          0.878     2.043    CE_generator_50Hz_inst/CLK
    SLICE_X2Y99          FDRE                                         r  CE_generator_50Hz_inst/count_reg[1]/C
                         clock pessimism             -0.245     1.797    
    SLICE_X2Y99          FDRE (Hold_fdre_C_D)         0.134     1.931    CE_generator_50Hz_inst/count_reg[1]
  -------------------------------------------------------------------
                         required time                         -1.931    
                         arrival time                           2.090    
  -------------------------------------------------------------------
                         slack                                  0.159    

Slack (MET) :             0.173ns  (arrival time - required time)
  Source:                 CE_generator_50Hz_inst/count_reg[0]/C
                            (rising edge-triggered cell FDRE clocked by sys_clk_pin  {rise@0.000ns fall@5.000ns period=10.000ns})
  Destination:            CE_generator_50Hz_inst/count_reg[3]/D
                            (rising edge-triggered cell FDRE clocked by sys_clk_pin  {rise@0.000ns fall@5.000ns period=10.000ns})
  Path Group:             sys_clk_pin
  Path Type:              Hold (Min at Fast Process Corner)
  Requirement:            0.000ns  (sys_clk_pin rise@0.000ns - sys_clk_pin rise@0.000ns)
  Data Path Delay:        0.586ns  (logic 0.313ns (53.443%)  route 0.273ns (46.557%))
  Logic Levels:           1  (CARRY4=1)
  Clock Path Skew:        0.279ns (DCD - SCD - CPR)
    Destination Clock Delay (DCD):    2.043ns
    Source Clock Delay      (SCD):    1.518ns
    Clock Pessimism Removal (CPR):    0.245ns

    Location             Delay type                Incr(ns)  Path(ns)    Netlist Resource(s)
  -------------------------------------------------------------------    -------------------
                         (clock sys_clk_pin rise edge)
                                                      0.000     0.000 r  
    E3                                                0.000     0.000 r  clk (IN)
                         net (fo=0)                   0.000     0.000    clk
    E3                   IBUF (Prop_ibuf_I_O)         0.250     0.250 r  clk_IBUF_inst/O
                         net (fo=1, routed)           0.644     0.894    clk_IBUF
    BUFGCTRL_X0Y16       BUFG (Prop_bufg_I_O)         0.026     0.920 r  clk_IBUF_BUFG_inst/O
                         net (fo=65, routed)          0.599     1.518    CE_generator_50Hz_inst/CLK
    SLICE_X3Y101         FDRE                                         r  CE_generator_50Hz_inst/count_reg[0]/C
  -------------------------------------------------------------------    -------------------
    SLICE_X3Y101         FDRE (Prop_fdre_C_Q)         0.141     1.659 r  CE_generator_50Hz_inst/count_reg[0]/Q
                         net (fo=3, routed)           0.273     1.932    CE_generator_50Hz_inst/count_reg_n_0_[0]
    SLICE_X2Y99          CARRY4 (Prop_carry4_CYINIT_O[2])
                                                      0.172     2.104 r  CE_generator_50Hz_inst/count0_carry/O[2]
                         net (fo=1, routed)           0.000     2.104    CE_generator_50Hz_inst/count0_carry_n_5
    SLICE_X2Y99          FDRE                                         r  CE_generator_50Hz_inst/count_reg[3]/D
  -------------------------------------------------------------------    -------------------

                         (clock sys_clk_pin rise edge)
                                                      0.000     0.000 r  
    E3                                                0.000     0.000 r  clk (IN)
                         net (fo=0)                   0.000     0.000    clk
    E3                   IBUF (Prop_ibuf_I_O)         0.438     0.438 r  clk_IBUF_inst/O
                         net (fo=1, routed)           0.699     1.136    clk_IBUF
    BUFGCTRL_X0Y16       BUFG (Prop_bufg_I_O)         0.029     1.165 r  clk_IBUF_BUFG_inst/O
                         net (fo=65, routed)          0.878     2.043    CE_generator_50Hz_inst/CLK
    SLICE_X2Y99          FDRE                                         r  CE_generator_50Hz_inst/count_reg[3]/C
                         clock pessimism             -0.245     1.797    
    SLICE_X2Y99          FDRE (Hold_fdre_C_D)         0.134     1.931    CE_generator_50Hz_inst/count_reg[3]
  -------------------------------------------------------------------
                         required time                         -1.931    
                         arrival time                           2.104    
  -------------------------------------------------------------------
                         slack                                  0.173    

Slack (MET) :             0.175ns  (arrival time - required time)
  Source:                 CE_generator_50Hz_inst/count_reg[3]/C
                            (rising edge-triggered cell FDRE clocked by sys_clk_pin  {rise@0.000ns fall@5.000ns period=10.000ns})
  Destination:            CE_generator_50Hz_inst/count_reg[10]/D
                            (rising edge-triggered cell FDRE clocked by sys_clk_pin  {rise@0.000ns fall@5.000ns period=10.000ns})
  Path Group:             sys_clk_pin
  Path Type:              Hold (Min at Fast Process Corner)
  Requirement:            0.000ns  (sys_clk_pin rise@0.000ns - sys_clk_pin rise@0.000ns)
  Data Path Delay:        0.576ns  (logic 0.449ns (77.915%)  route 0.127ns (22.085%))
  Logic Levels:           3  (CARRY4=3)
  Clock Path Skew:        0.267ns (DCD - SCD - CPR)
    Destination Clock Delay (DCD):    2.037ns
    Source Clock Delay      (SCD):    1.524ns
    Clock Pessimism Removal (CPR):    0.245ns

    Location             Delay type                Incr(ns)  Path(ns)    Netlist Resource(s)
  -------------------------------------------------------------------    -------------------
                         (clock sys_clk_pin rise edge)
                                                      0.000     0.000 r  
    E3                                                0.000     0.000 r  clk (IN)
                         net (fo=0)                   0.000     0.000    clk
    E3                   IBUF (Prop_ibuf_I_O)         0.250     0.250 r  clk_IBUF_inst/O
                         net (fo=1, routed)           0.644     0.894    clk_IBUF
    BUFGCTRL_X0Y16       BUFG (Prop_bufg_I_O)         0.026     0.920 r  clk_IBUF_BUFG_inst/O
                         net (fo=65, routed)          0.605     1.524    CE_generator_50Hz_inst/CLK
    SLICE_X2Y99          FDRE                                         r  CE_generator_50Hz_inst/count_reg[3]/C
  -------------------------------------------------------------------    -------------------
    SLICE_X2Y99          FDRE (Prop_fdre_C_Q)         0.164     1.688 r  CE_generator_50Hz_inst/count_reg[3]/Q
                         net (fo=2, routed)           0.127     1.815    CE_generator_50Hz_inst/count_reg_n_0_[3]
    SLICE_X2Y99          CARRY4 (Prop_carry4_S[2]_CO[3])
                                                      0.156     1.971 r  CE_generator_50Hz_inst/count0_carry/CO[3]
                         net (fo=1, routed)           0.001     1.972    CE_generator_50Hz_inst/count0_carry_n_0
    SLICE_X2Y100         CARRY4 (Prop_carry4_CI_CO[3])
                                                      0.040     2.012 r  CE_generator_50Hz_inst/count0_carry__0/CO[3]
                         net (fo=1, routed)           0.000     2.012    CE_generator_50Hz_inst/count0_carry__0_n_0
    SLICE_X2Y101         CARRY4 (Prop_carry4_CI_O[1])
                                                      0.089     2.101 r  CE_generator_50Hz_inst/count0_carry__1/O[1]
                         net (fo=1, routed)           0.000     2.101    CE_generator_50Hz_inst/count0_carry__1_n_6
    SLICE_X2Y101         FDRE                                         r  CE_generator_50Hz_inst/count_reg[10]/D
  -------------------------------------------------------------------    -------------------

                         (clock sys_clk_pin rise edge)
                                                      0.000     0.000 r  
    E3                                                0.000     0.000 r  clk (IN)
                         net (fo=0)                   0.000     0.000    clk
    E3                   IBUF (Prop_ibuf_I_O)         0.438     0.438 r  clk_IBUF_inst/O
                         net (fo=1, routed)           0.699     1.136    clk_IBUF
    BUFGCTRL_X0Y16       BUFG (Prop_bufg_I_O)         0.029     1.165 r  clk_IBUF_BUFG_inst/O
                         net (fo=65, routed)          0.872     2.037    CE_generator_50Hz_inst/CLK
    SLICE_X2Y101         FDRE                                         r  CE_generator_50Hz_inst/count_reg[10]/C
                         clock pessimism             -0.245     1.791    
    SLICE_X2Y101         FDRE (Hold_fdre_C_D)         0.134     1.925    CE_generator_50Hz_inst/count_reg[10]
  -------------------------------------------------------------------
                         required time                         -1.925    
                         arrival time                           2.101    
  -------------------------------------------------------------------
                         slack                                  0.175    

Slack (MET) :             0.177ns  (arrival time - required time)
  Source:                 CE_generator_50Hz_inst/count_reg[3]/C
                            (rising edge-triggered cell FDRE clocked by sys_clk_pin  {rise@0.000ns fall@5.000ns period=10.000ns})
  Destination:            CE_generator_50Hz_inst/count_reg[12]/D
                            (rising edge-triggered cell FDRE clocked by sys_clk_pin  {rise@0.000ns fall@5.000ns period=10.000ns})
  Path Group:             sys_clk_pin
  Path Type:              Hold (Min at Fast Process Corner)
  Requirement:            0.000ns  (sys_clk_pin rise@0.000ns - sys_clk_pin rise@0.000ns)
  Data Path Delay:        0.578ns  (logic 0.451ns (77.991%)  route 0.127ns (22.009%))
  Logic Levels:           3  (CARRY4=3)
  Clock Path Skew:        0.267ns (DCD - SCD - CPR)
    Destination Clock Delay (DCD):    2.037ns
    Source Clock Delay      (SCD):    1.524ns
    Clock Pessimism Removal (CPR):    0.245ns

    Location             Delay type                Incr(ns)  Path(ns)    Netlist Resource(s)
  -------------------------------------------------------------------    -------------------
                         (clock sys_clk_pin rise edge)
                                                      0.000     0.000 r  
    E3                                                0.000     0.000 r  clk (IN)
                         net (fo=0)                   0.000     0.000    clk
    E3                   IBUF (Prop_ibuf_I_O)         0.250     0.250 r  clk_IBUF_inst/O
                         net (fo=1, routed)           0.644     0.894    clk_IBUF
    BUFGCTRL_X0Y16       BUFG (Prop_bufg_I_O)         0.026     0.920 r  clk_IBUF_BUFG_inst/O
                         net (fo=65, routed)          0.605     1.524    CE_generator_50Hz_inst/CLK
    SLICE_X2Y99          FDRE                                         r  CE_generator_50Hz_inst/count_reg[3]/C
  -------------------------------------------------------------------    -------------------
    SLICE_X2Y99          FDRE (Prop_fdre_C_Q)         0.164     1.688 r  CE_generator_50Hz_inst/count_reg[3]/Q
                         net (fo=2, routed)           0.127     1.815    CE_generator_50Hz_inst/count_reg_n_0_[3]
    SLICE_X2Y99          CARRY4 (Prop_carry4_S[2]_CO[3])
                                                      0.156     1.971 r  CE_generator_50Hz_inst/count0_carry/CO[3]
                         net (fo=1, routed)           0.001     1.972    CE_generator_50Hz_inst/count0_carry_n_0
    SLICE_X2Y100         CARRY4 (Prop_carry4_CI_CO[3])
                                                      0.040     2.012 r  CE_generator_50Hz_inst/count0_carry__0/CO[3]
                         net (fo=1, routed)           0.000     2.012    CE_generator_50Hz_inst/count0_carry__0_n_0
    SLICE_X2Y101         CARRY4 (Prop_carry4_CI_O[3])
                                                      0.091     2.103 r  CE_generator_50Hz_inst/count0_carry__1/O[3]
                         net (fo=1, routed)           0.000     2.103    CE_generator_50Hz_inst/count0_carry__1_n_4
    SLICE_X2Y101         FDRE                                         r  CE_generator_50Hz_inst/count_reg[12]/D
  -------------------------------------------------------------------    -------------------

                         (clock sys_clk_pin rise edge)
                                                      0.000     0.000 r  
    E3                                                0.000     0.000 r  clk (IN)
                         net (fo=0)                   0.000     0.000    clk
    E3                   IBUF (Prop_ibuf_I_O)         0.438     0.438 r  clk_IBUF_inst/O
                         net (fo=1, routed)           0.699     1.136    clk_IBUF
    BUFGCTRL_X0Y16       BUFG (Prop_bufg_I_O)         0.029     1.165 r  clk_IBUF_BUFG_inst/O
                         net (fo=65, routed)          0.872     2.037    CE_generator_50Hz_inst/CLK
    SLICE_X2Y101         FDRE                                         r  CE_generator_50Hz_inst/count_reg[12]/C
                         clock pessimism             -0.245     1.791    
    SLICE_X2Y101         FDRE (Hold_fdre_C_D)         0.134     1.925    CE_generator_50Hz_inst/count_reg[12]
  -------------------------------------------------------------------
                         required time                         -1.925    
                         arrival time                           2.103    
  -------------------------------------------------------------------
                         slack                                  0.177    





Pulse Width Checks
--------------------------------------------------------------------------------------
Clock Name:         sys_clk_pin
Waveform(ns):       { 0.000 5.000 }
Period(ns):         10.000
Sources:            { clk }

Check Type        Corner  Lib Pin  Reference Pin  Required(ns)  Actual(ns)  Slack(ns)  Location        Pin
Min Period        n/a     BUFG/I   n/a            2.155         10.000      7.845      BUFGCTRL_X0Y16  clk_IBUF_BUFG_inst/I
Min Period        n/a     FDRE/C   n/a            1.000         10.000      9.000      SLICE_X4Y103    CE_generator_25MHz_inst/ce_25MHz_reg/C
Min Period        n/a     FDRE/C   n/a            1.000         10.000      9.000      SLICE_X4Y103    CE_generator_25MHz_inst/count_reg[0]/C
Min Period        n/a     FDRE/C   n/a            1.000         10.000      9.000      SLICE_X4Y103    CE_generator_25MHz_inst/count_reg[1]/C
Min Period        n/a     FDRE/C   n/a            1.000         10.000      9.000      SLICE_X4Y100    CE_generator_50Hz_inst/ce_50Hz_reg/C
Min Period        n/a     FDRE/C   n/a            1.000         10.000      9.000      SLICE_X3Y101    CE_generator_50Hz_inst/count_reg[0]/C
Min Period        n/a     FDRE/C   n/a            1.000         10.000      9.000      SLICE_X2Y101    CE_generator_50Hz_inst/count_reg[10]/C
Min Period        n/a     FDRE/C   n/a            1.000         10.000      9.000      SLICE_X2Y101    CE_generator_50Hz_inst/count_reg[11]/C
Min Period        n/a     FDRE/C   n/a            1.000         10.000      9.000      SLICE_X2Y101    CE_generator_50Hz_inst/count_reg[12]/C
Min Period        n/a     FDRE/C   n/a            1.000         10.000      9.000      SLICE_X2Y102    CE_generator_50Hz_inst/count_reg[13]/C
Low Pulse Width   Slow    FDRE/C   n/a            0.500         5.000       4.500      SLICE_X4Y103    CE_generator_25MHz_inst/ce_25MHz_reg/C
Low Pulse Width   Fast    FDRE/C   n/a            0.500         5.000       4.500      SLICE_X4Y103    CE_generator_25MHz_inst/ce_25MHz_reg/C
Low Pulse Width   Slow    FDRE/C   n/a            0.500         5.000       4.500      SLICE_X4Y103    CE_generator_25MHz_inst/count_reg[0]/C
Low Pulse Width   Fast    FDRE/C   n/a            0.500         5.000       4.500      SLICE_X4Y103    CE_generator_25MHz_inst/count_reg[0]/C
Low Pulse Width   Slow    FDRE/C   n/a            0.500         5.000       4.500      SLICE_X4Y103    CE_generator_25MHz_inst/count_reg[1]/C
Low Pulse Width   Fast    FDRE/C   n/a            0.500         5.000       4.500      SLICE_X4Y103    CE_generator_25MHz_inst/count_reg[1]/C
Low Pulse Width   Slow    FDRE/C   n/a            0.500         5.000       4.500      SLICE_X4Y100    CE_generator_50Hz_inst/ce_50Hz_reg/C
Low Pulse Width   Fast    FDRE/C   n/a            0.500         5.000       4.500      SLICE_X4Y100    CE_generator_50Hz_inst/ce_50Hz_reg/C
Low Pulse Width   Slow    FDRE/C   n/a            0.500         5.000       4.500      SLICE_X3Y101    CE_generator_50Hz_inst/count_reg[0]/C
Low Pulse Width   Fast    FDRE/C   n/a            0.500         5.000       4.500      SLICE_X3Y101    CE_generator_50Hz_inst/count_reg[0]/C
High Pulse Width  Slow    FDRE/C   n/a            0.500         5.000       4.500      SLICE_X4Y103    CE_generator_25MHz_inst/ce_25MHz_reg/C
High Pulse Width  Fast    FDRE/C   n/a            0.500         5.000       4.500      SLICE_X4Y103    CE_generator_25MHz_inst/ce_25MHz_reg/C
High Pulse Width  Slow    FDRE/C   n/a            0.500         5.000       4.500      SLICE_X4Y103    CE_generator_25MHz_inst/count_reg[0]/C
High Pulse Width  Fast    FDRE/C   n/a            0.500         5.000       4.500      SLICE_X4Y103    CE_generator_25MHz_inst/count_reg[0]/C
High Pulse Width  Slow    FDRE/C   n/a            0.500         5.000       4.500      SLICE_X4Y103    CE_generator_25MHz_inst/count_reg[1]/C
High Pulse Width  Fast    FDRE/C   n/a            0.500         5.000       4.500      SLICE_X4Y103    CE_generator_25MHz_inst/count_reg[1]/C
High Pulse Width  Slow    FDRE/C   n/a            0.500         5.000       4.500      SLICE_X4Y100    CE_generator_50Hz_inst/ce_50Hz_reg/C
High Pulse Width  Fast    FDRE/C   n/a            0.500         5.000       4.500      SLICE_X4Y100    CE_generator_50Hz_inst/ce_50Hz_reg/C
High Pulse Width  Slow    FDRE/C   n/a            0.500         5.000       4.500      SLICE_X3Y101    CE_generator_50Hz_inst/count_reg[0]/C
High Pulse Width  Fast    FDRE/C   n/a            0.500         5.000       4.500      SLICE_X3Y101    CE_generator_50Hz_inst/count_reg[0]/C



--------------------------------------------------------------------------------------
Path Group:  (none)
From Clock:  
  To Clock:  

Max Delay            10 Endpoints
Min Delay            10 Endpoints
--------------------------------------------------------------------------------------


Max Delay Paths
--------------------------------------------------------------------------------------
Slack:                    inf
  Source:                 SW15
                            (input port)
  Destination:            LED[5]
                            (output port)
  Path Group:             (none)
  Path Type:              Max at Slow Process Corner
  Data Path Delay:        13.992ns  (logic 4.897ns (34.999%)  route 9.095ns (65.001%))
  Logic Levels:           3  (IBUF=1 LUT3=1 OBUF=1)

    Location             Delay type                Incr(ns)  Path(ns)    Netlist Resource(s)
  -------------------------------------------------------------------    -------------------
    T6                                                0.000     0.000 r  SW15 (IN)
                         net (fo=0)                   0.000     0.000    SW15
    T6                   IBUF (Prop_ibuf_I_O)         0.985     0.985 r  SW15_IBUF_inst/O
                         net (fo=10, routed)          5.962     6.947    VGA/VERTICAL_COUNTER_INST/SW15_IBUF
    SLICE_X0Y102         LUT3 (Prop_lut3_I1_O)        0.152     7.099 r  VGA/VERTICAL_COUNTER_INST/LED_OBUF[5]_inst_i_1/O
                         net (fo=1, routed)           3.133    10.232    LED_OBUF[5]
    V17                  OBUF (Prop_obuf_I_O)         3.760    13.992 r  LED_OBUF[5]_inst/O
                         net (fo=0)                   0.000    13.992    LED[5]
    V17                                                               r  LED[5] (OUT)
  -------------------------------------------------------------------    -------------------

Slack:                    inf
  Source:                 SW15
                            (input port)
  Destination:            LED[7]
                            (output port)
  Path Group:             (none)
  Path Type:              Max at Slow Process Corner
  Data Path Delay:        12.954ns  (logic 4.898ns (37.815%)  route 8.055ns (62.185%))
  Logic Levels:           3  (IBUF=1 LUT3=1 OBUF=1)

    Location             Delay type                Incr(ns)  Path(ns)    Netlist Resource(s)
  -------------------------------------------------------------------    -------------------
    T6                                                0.000     0.000 r  SW15 (IN)
                         net (fo=0)                   0.000     0.000    SW15
    T6                   IBUF (Prop_ibuf_I_O)         0.985     0.985 r  SW15_IBUF_inst/O
                         net (fo=10, routed)          4.984     5.969    VGA/VERTICAL_COUNTER_INST/SW15_IBUF
    SLICE_X1Y101         LUT3 (Prop_lut3_I1_O)        0.150     6.119 r  VGA/VERTICAL_COUNTER_INST/LED_OBUF[7]_inst_i_1/O
                         net (fo=1, routed)           3.071     9.190    LED_OBUF[7]
    U16                  OBUF (Prop_obuf_I_O)         3.763    12.954 r  LED_OBUF[7]_inst/O
                         net (fo=0)                   0.000    12.954    LED[7]
    U16                                                               r  LED[7] (OUT)
  -------------------------------------------------------------------    -------------------

Slack:                    inf
  Source:                 SW15
                            (input port)
  Destination:            LED[4]
                            (output port)
  Path Group:             (none)
  Path Type:              Max at Slow Process Corner
  Data Path Delay:        12.896ns  (logic 4.661ns (36.141%)  route 8.235ns (63.859%))
  Logic Levels:           3  (IBUF=1 LUT3=1 OBUF=1)

    Location             Delay type                Incr(ns)  Path(ns)    Netlist Resource(s)
  -------------------------------------------------------------------    -------------------
    T6                                                0.000     0.000 r  SW15 (IN)
                         net (fo=0)                   0.000     0.000    SW15
    T6                   IBUF (Prop_ibuf_I_O)         0.985     0.985 r  SW15_IBUF_inst/O
                         net (fo=10, routed)          5.962     6.947    VGA/VERTICAL_COUNTER_INST/SW15_IBUF
    SLICE_X0Y102         LUT3 (Prop_lut3_I1_O)        0.124     7.071 r  VGA/VERTICAL_COUNTER_INST/LED_OBUF[4]_inst_i_1/O
                         net (fo=1, routed)           2.274     9.345    LED_OBUF[4]
    R18                  OBUF (Prop_obuf_I_O)         3.552    12.896 r  LED_OBUF[4]_inst/O
                         net (fo=0)                   0.000    12.896    LED[4]
    R18                                                               r  LED[4] (OUT)
  -------------------------------------------------------------------    -------------------

Slack:                    inf
  Source:                 SW15
                            (input port)
  Destination:            LED[9]
                            (output port)
  Path Group:             (none)
  Path Type:              Max at Slow Process Corner
  Data Path Delay:        12.685ns  (logic 4.895ns (38.593%)  route 7.789ns (61.407%))
  Logic Levels:           3  (IBUF=1 LUT3=1 OBUF=1)

    Location             Delay type                Incr(ns)  Path(ns)    Netlist Resource(s)
  -------------------------------------------------------------------    -------------------
    T6                                                0.000     0.000 r  SW15 (IN)
                         net (fo=0)                   0.000     0.000    SW15
    T6                   IBUF (Prop_ibuf_I_O)         0.985     0.985 r  SW15_IBUF_inst/O
                         net (fo=10, routed)          5.201     6.186    VGA/VERTICAL_COUNTER_INST/SW15_IBUF
    SLICE_X1Y101         LUT3 (Prop_lut3_I1_O)        0.153     6.339 r  VGA/VERTICAL_COUNTER_INST/LED_OBUF[9]_inst_i_1/O
                         net (fo=1, routed)           2.588     8.928    LED_OBUF[9]
    T15                  OBUF (Prop_obuf_I_O)         3.757    12.685 r  LED_OBUF[9]_inst/O
                         net (fo=0)                   0.000    12.685    LED[9]
    T15                                                               r  LED[9] (OUT)
  -------------------------------------------------------------------    -------------------

Slack:                    inf
  Source:                 SW15
                            (input port)
  Destination:            LED[8]
                            (output port)
  Path Group:             (none)
  Path Type:              Max at Slow Process Corner
  Data Path Delay:        12.627ns  (logic 4.657ns (36.878%)  route 7.971ns (63.122%))
  Logic Levels:           3  (IBUF=1 LUT3=1 OBUF=1)

    Location             Delay type                Incr(ns)  Path(ns)    Netlist Resource(s)
  -------------------------------------------------------------------    -------------------
    T6                                                0.000     0.000 r  SW15 (IN)
                         net (fo=0)                   0.000     0.000    SW15
    T6                   IBUF (Prop_ibuf_I_O)         0.985     0.985 r  SW15_IBUF_inst/O
                         net (fo=10, routed)          5.201     6.186    VGA/VERTICAL_COUNTER_INST/SW15_IBUF
    SLICE_X1Y101         LUT3 (Prop_lut3_I1_O)        0.124     6.310 r  VGA/VERTICAL_COUNTER_INST/LED_OBUF[8]_inst_i_1/O
                         net (fo=1, routed)           2.770     9.080    LED_OBUF[8]
    V16                  OBUF (Prop_obuf_I_O)         3.548    12.627 r  LED_OBUF[8]_inst/O
                         net (fo=0)                   0.000    12.627    LED[8]
    V16                                                               r  LED[8] (OUT)
  -------------------------------------------------------------------    -------------------

Slack:                    inf
  Source:                 SW15
                            (input port)
  Destination:            LED[6]
                            (output port)
  Path Group:             (none)
  Path Type:              Max at Slow Process Corner
  Data Path Delay:        12.417ns  (logic 4.664ns (37.563%)  route 7.753ns (62.437%))
  Logic Levels:           3  (IBUF=1 LUT3=1 OBUF=1)

    Location             Delay type                Incr(ns)  Path(ns)    Netlist Resource(s)
  -------------------------------------------------------------------    -------------------
    T6                                                0.000     0.000 r  SW15 (IN)
                         net (fo=0)                   0.000     0.000    SW15
    T6                   IBUF (Prop_ibuf_I_O)         0.985     0.985 r  SW15_IBUF_inst/O
                         net (fo=10, routed)          4.984     5.969    VGA/VERTICAL_COUNTER_INST/SW15_IBUF
    SLICE_X1Y101         LUT3 (Prop_lut3_I1_O)        0.124     6.093 r  VGA/VERTICAL_COUNTER_INST/LED_OBUF[6]_inst_i_1/O
                         net (fo=1, routed)           2.769     8.862    LED_OBUF[6]
    U17                  OBUF (Prop_obuf_I_O)         3.555    12.417 r  LED_OBUF[6]_inst/O
                         net (fo=0)                   0.000    12.417    LED[6]
    U17                                                               r  LED[6] (OUT)
  -------------------------------------------------------------------    -------------------

Slack:                    inf
  Source:                 SW15
                            (input port)
  Destination:            LED[0]
                            (output port)
  Path Group:             (none)
  Path Type:              Max at Slow Process Corner
  Data Path Delay:        12.342ns  (logic 4.866ns (39.423%)  route 7.476ns (60.577%))
  Logic Levels:           3  (IBUF=1 LUT3=1 OBUF=1)

    Location             Delay type                Incr(ns)  Path(ns)    Netlist Resource(s)
  -------------------------------------------------------------------    -------------------
    T6                                                0.000     0.000 r  SW15 (IN)
                         net (fo=0)                   0.000     0.000    SW15
    T6                   IBUF (Prop_ibuf_I_O)         0.985     0.985 r  SW15_IBUF_inst/O
                         net (fo=10, routed)          5.363     6.348    VGA/VERTICAL_COUNTER_INST/SW15_IBUF
    SLICE_X0Y103         LUT3 (Prop_lut3_I1_O)        0.152     6.500 r  VGA/VERTICAL_COUNTER_INST/LED_OBUF[0]_inst_i_1/O
                         net (fo=1, routed)           2.113     8.613    LED_OBUF[0]
    H17                  OBUF (Prop_obuf_I_O)         3.728    12.342 r  LED_OBUF[0]_inst/O
                         net (fo=0)                   0.000    12.342    LED[0]
    H17                                                               r  LED[0] (OUT)
  -------------------------------------------------------------------    -------------------

Slack:                    inf
  Source:                 SW15
                            (input port)
  Destination:            LED[3]
                            (output port)
  Path Group:             (none)
  Path Type:              Max at Slow Process Corner
  Data Path Delay:        12.120ns  (logic 4.856ns (40.062%)  route 7.265ns (59.938%))
  Logic Levels:           3  (IBUF=1 LUT3=1 OBUF=1)

    Location             Delay type                Incr(ns)  Path(ns)    Netlist Resource(s)
  -------------------------------------------------------------------    -------------------
    T6                                                0.000     0.000 r  SW15 (IN)
                         net (fo=0)                   0.000     0.000    SW15
    T6                   IBUF (Prop_ibuf_I_O)         0.985     0.985 r  SW15_IBUF_inst/O
                         net (fo=10, routed)          4.977     5.962    VGA/VERTICAL_COUNTER_INST/SW15_IBUF
    SLICE_X0Y102         LUT3 (Prop_lut3_I1_O)        0.118     6.080 r  VGA/VERTICAL_COUNTER_INST/LED_OBUF[3]_inst_i_1/O
                         net (fo=1, routed)           2.288     8.368    LED_OBUF[3]
    N14                  OBUF (Prop_obuf_I_O)         3.753    12.120 r  LED_OBUF[3]_inst/O
                         net (fo=0)                   0.000    12.120    LED[3]
    N14                                                               r  LED[3] (OUT)
  -------------------------------------------------------------------    -------------------

Slack:                    inf
  Source:                 SW15
                            (input port)
  Destination:            LED[2]
                            (output port)
  Path Group:             (none)
  Path Type:              Max at Slow Process Corner
  Data Path Delay:        11.698ns  (logic 4.662ns (39.852%)  route 7.036ns (60.148%))
  Logic Levels:           3  (IBUF=1 LUT3=1 OBUF=1)

    Location             Delay type                Incr(ns)  Path(ns)    Netlist Resource(s)
  -------------------------------------------------------------------    -------------------
    T6                                                0.000     0.000 r  SW15 (IN)
                         net (fo=0)                   0.000     0.000    SW15
    T6                   IBUF (Prop_ibuf_I_O)         0.985     0.985 r  SW15_IBUF_inst/O
                         net (fo=10, routed)          4.977     5.962    VGA/VERTICAL_COUNTER_INST/SW15_IBUF
    SLICE_X0Y102         LUT3 (Prop_lut3_I1_O)        0.124     6.086 r  VGA/VERTICAL_COUNTER_INST/LED_OBUF[2]_inst_i_1/O
                         net (fo=1, routed)           2.059     8.145    LED_OBUF[2]
    J13                  OBUF (Prop_obuf_I_O)         3.553    11.698 r  LED_OBUF[2]_inst/O
                         net (fo=0)                   0.000    11.698    LED[2]
    J13                                                               r  LED[2] (OUT)
  -------------------------------------------------------------------    -------------------

Slack:                    inf
  Source:                 SW15
                            (input port)
  Destination:            LED[1]
                            (output port)
  Path Group:             (none)
  Path Type:              Max at Slow Process Corner
  Data Path Delay:        11.696ns  (logic 4.644ns (39.711%)  route 7.051ns (60.289%))
  Logic Levels:           3  (IBUF=1 LUT3=1 OBUF=1)

    Location             Delay type                Incr(ns)  Path(ns)    Netlist Resource(s)
  -------------------------------------------------------------------    -------------------
    T6                                                0.000     0.000 r  SW15 (IN)
                         net (fo=0)                   0.000     0.000    SW15
    T6                   IBUF (Prop_ibuf_I_O)         0.985     0.985 r  SW15_IBUF_inst/O
                         net (fo=10, routed)          5.363     6.348    VGA/VERTICAL_COUNTER_INST/SW15_IBUF
    SLICE_X0Y103         LUT3 (Prop_lut3_I1_O)        0.124     6.472 r  VGA/VERTICAL_COUNTER_INST/LED_OBUF[1]_inst_i_1/O
                         net (fo=1, routed)           1.688     8.160    LED_OBUF[1]
    K15                  OBUF (Prop_obuf_I_O)         3.535    11.696 r  LED_OBUF[1]_inst/O
                         net (fo=0)                   0.000    11.696    LED[1]
    K15                                                               r  LED[1] (OUT)
  -------------------------------------------------------------------    -------------------





Min Delay Paths
--------------------------------------------------------------------------------------
Slack:                    inf
  Source:                 SW15
                            (input port)
  Destination:            LED[1]
                            (output port)
  Path Group:             (none)
  Path Type:              Min at Fast Process Corner
  Data Path Delay:        4.274ns  (logic 1.495ns (34.976%)  route 2.779ns (65.024%))
  Logic Levels:           3  (IBUF=1 LUT3=1 OBUF=1)

    Location             Delay type                Incr(ns)  Path(ns)    Netlist Resource(s)
  -------------------------------------------------------------------    -------------------
    T6                                                0.000     0.000 r  SW15 (IN)
                         net (fo=0)                   0.000     0.000    SW15
    T6                   IBUF (Prop_ibuf_I_O)         0.214     0.214 r  SW15_IBUF_inst/O
                         net (fo=10, routed)          2.437     2.651    VGA/VERTICAL_COUNTER_INST/SW15_IBUF
    SLICE_X0Y103         LUT3 (Prop_lut3_I1_O)        0.045     2.696 r  VGA/VERTICAL_COUNTER_INST/LED_OBUF[1]_inst_i_1/O
                         net (fo=1, routed)           0.342     3.038    LED_OBUF[1]
    K15                  OBUF (Prop_obuf_I_O)         1.236     4.274 r  LED_OBUF[1]_inst/O
                         net (fo=0)                   0.000     4.274    LED[1]
    K15                                                               r  LED[1] (OUT)
  -------------------------------------------------------------------    -------------------

Slack:                    inf
  Source:                 SW15
                            (input port)
  Destination:            LED[2]
                            (output port)
  Path Group:             (none)
  Path Type:              Min at Fast Process Corner
  Data Path Delay:        4.300ns  (logic 1.512ns (35.164%)  route 2.788ns (64.836%))
  Logic Levels:           3  (IBUF=1 LUT3=1 OBUF=1)

    Location             Delay type                Incr(ns)  Path(ns)    Netlist Resource(s)
  -------------------------------------------------------------------    -------------------
    T6                                                0.000     0.000 r  SW15 (IN)
                         net (fo=0)                   0.000     0.000    SW15
    T6                   IBUF (Prop_ibuf_I_O)         0.214     0.214 r  SW15_IBUF_inst/O
                         net (fo=10, routed)          2.304     2.518    VGA/VERTICAL_COUNTER_INST/SW15_IBUF
    SLICE_X0Y102         LUT3 (Prop_lut3_I1_O)        0.045     2.563 r  VGA/VERTICAL_COUNTER_INST/LED_OBUF[2]_inst_i_1/O
                         net (fo=1, routed)           0.484     3.047    LED_OBUF[2]
    J13                  OBUF (Prop_obuf_I_O)         1.253     4.300 r  LED_OBUF[2]_inst/O
                         net (fo=0)                   0.000     4.300    LED[2]
    J13                                                               r  LED[2] (OUT)
  -------------------------------------------------------------------    -------------------

Slack:                    inf
  Source:                 SW15
                            (input port)
  Destination:            LED[3]
                            (output port)
  Path Group:             (none)
  Path Type:              Min at Fast Process Corner
  Data Path Delay:        4.478ns  (logic 1.575ns (35.174%)  route 2.903ns (64.826%))
  Logic Levels:           3  (IBUF=1 LUT3=1 OBUF=1)

    Location             Delay type                Incr(ns)  Path(ns)    Netlist Resource(s)
  -------------------------------------------------------------------    -------------------
    T6                                                0.000     0.000 r  SW15 (IN)
                         net (fo=0)                   0.000     0.000    SW15
    T6                   IBUF (Prop_ibuf_I_O)         0.214     0.214 r  SW15_IBUF_inst/O
                         net (fo=10, routed)          2.304     2.518    VGA/VERTICAL_COUNTER_INST/SW15_IBUF
    SLICE_X0Y102         LUT3 (Prop_lut3_I1_O)        0.048     2.566 r  VGA/VERTICAL_COUNTER_INST/LED_OBUF[3]_inst_i_1/O
                         net (fo=1, routed)           0.599     3.165    LED_OBUF[3]
    N14                  OBUF (Prop_obuf_I_O)         1.313     4.478 r  LED_OBUF[3]_inst/O
                         net (fo=0)                   0.000     4.478    LED[3]
    N14                                                               r  LED[3] (OUT)
  -------------------------------------------------------------------    -------------------

Slack:                    inf
  Source:                 SW15
                            (input port)
  Destination:            LED[0]
                            (output port)
  Path Group:             (none)
  Path Type:              Min at Fast Process Corner
  Data Path Delay:        4.491ns  (logic 1.545ns (34.403%)  route 2.946ns (65.597%))
  Logic Levels:           3  (IBUF=1 LUT3=1 OBUF=1)

    Location             Delay type                Incr(ns)  Path(ns)    Netlist Resource(s)
  -------------------------------------------------------------------    -------------------
    T6                                                0.000     0.000 r  SW15 (IN)
                         net (fo=0)                   0.000     0.000    SW15
    T6                   IBUF (Prop_ibuf_I_O)         0.214     0.214 r  SW15_IBUF_inst/O
                         net (fo=10, routed)          2.437     2.651    VGA/VERTICAL_COUNTER_INST/SW15_IBUF
    SLICE_X0Y103         LUT3 (Prop_lut3_I1_O)        0.043     2.694 r  VGA/VERTICAL_COUNTER_INST/LED_OBUF[0]_inst_i_1/O
                         net (fo=1, routed)           0.509     3.203    LED_OBUF[0]
    H17                  OBUF (Prop_obuf_I_O)         1.288     4.491 r  LED_OBUF[0]_inst/O
                         net (fo=0)                   0.000     4.491    LED[0]
    H17                                                               r  LED[0] (OUT)
  -------------------------------------------------------------------    -------------------

Slack:                    inf
  Source:                 SW15
                            (input port)
  Destination:            LED[6]
                            (output port)
  Path Group:             (none)
  Path Type:              Min at Fast Process Corner
  Data Path Delay:        4.612ns  (logic 1.514ns (32.837%)  route 3.098ns (67.164%))
  Logic Levels:           3  (IBUF=1 LUT3=1 OBUF=1)

    Location             Delay type                Incr(ns)  Path(ns)    Netlist Resource(s)
  -------------------------------------------------------------------    -------------------
    T6                                                0.000     0.000 r  SW15 (IN)
                         net (fo=0)                   0.000     0.000    SW15
    T6                   IBUF (Prop_ibuf_I_O)         0.214     0.214 r  SW15_IBUF_inst/O
                         net (fo=10, routed)          2.280     2.494    VGA/VERTICAL_COUNTER_INST/SW15_IBUF
    SLICE_X1Y101         LUT3 (Prop_lut3_I1_O)        0.045     2.539 r  VGA/VERTICAL_COUNTER_INST/LED_OBUF[6]_inst_i_1/O
                         net (fo=1, routed)           0.818     3.356    LED_OBUF[6]
    U17                  OBUF (Prop_obuf_I_O)         1.256     4.612 r  LED_OBUF[6]_inst/O
                         net (fo=0)                   0.000     4.612    LED[6]
    U17                                                               r  LED[6] (OUT)
  -------------------------------------------------------------------    -------------------

Slack:                    inf
  Source:                 SW15
                            (input port)
  Destination:            LED[9]
                            (output port)
  Path Group:             (none)
  Path Type:              Min at Fast Process Corner
  Data Path Delay:        4.688ns  (logic 1.576ns (33.610%)  route 3.112ns (66.390%))
  Logic Levels:           3  (IBUF=1 LUT3=1 OBUF=1)

    Location             Delay type                Incr(ns)  Path(ns)    Netlist Resource(s)
  -------------------------------------------------------------------    -------------------
    T6                                                0.000     0.000 r  SW15 (IN)
                         net (fo=0)                   0.000     0.000    SW15
    T6                   IBUF (Prop_ibuf_I_O)         0.214     0.214 r  SW15_IBUF_inst/O
                         net (fo=10, routed)          2.366     2.580    VGA/VERTICAL_COUNTER_INST/SW15_IBUF
    SLICE_X1Y101         LUT3 (Prop_lut3_I1_O)        0.042     2.622 r  VGA/VERTICAL_COUNTER_INST/LED_OBUF[9]_inst_i_1/O
                         net (fo=1, routed)           0.746     3.368    LED_OBUF[9]
    T15                  OBUF (Prop_obuf_I_O)         1.320     4.688 r  LED_OBUF[9]_inst/O
                         net (fo=0)                   0.000     4.688    LED[9]
    T15                                                               r  LED[9] (OUT)
  -------------------------------------------------------------------    -------------------

Slack:                    inf
  Source:                 SW15
                            (input port)
  Destination:            LED[8]
                            (output port)
  Path Group:             (none)
  Path Type:              Min at Fast Process Corner
  Data Path Delay:        4.693ns  (logic 1.507ns (32.115%)  route 3.186ns (67.885%))
  Logic Levels:           3  (IBUF=1 LUT3=1 OBUF=1)

    Location             Delay type                Incr(ns)  Path(ns)    Netlist Resource(s)
  -------------------------------------------------------------------    -------------------
    T6                                                0.000     0.000 r  SW15 (IN)
                         net (fo=0)                   0.000     0.000    SW15
    T6                   IBUF (Prop_ibuf_I_O)         0.214     0.214 r  SW15_IBUF_inst/O
                         net (fo=10, routed)          2.366     2.580    VGA/VERTICAL_COUNTER_INST/SW15_IBUF
    SLICE_X1Y101         LUT3 (Prop_lut3_I1_O)        0.045     2.625 r  VGA/VERTICAL_COUNTER_INST/LED_OBUF[8]_inst_i_1/O
                         net (fo=1, routed)           0.820     3.444    LED_OBUF[8]
    V16                  OBUF (Prop_obuf_I_O)         1.248     4.693 r  LED_OBUF[8]_inst/O
                         net (fo=0)                   0.000     4.693    LED[8]
    V16                                                               r  LED[8] (OUT)
  -------------------------------------------------------------------    -------------------

Slack:                    inf
  Source:                 SW15
                            (input port)
  Destination:            LED[7]
                            (output port)
  Path Group:             (none)
  Path Type:              Min at Fast Process Corner
  Data Path Delay:        4.786ns  (logic 1.582ns (33.048%)  route 3.204ns (66.952%))
  Logic Levels:           3  (IBUF=1 LUT3=1 OBUF=1)

    Location             Delay type                Incr(ns)  Path(ns)    Netlist Resource(s)
  -------------------------------------------------------------------    -------------------
    T6                                                0.000     0.000 r  SW15 (IN)
                         net (fo=0)                   0.000     0.000    SW15
    T6                   IBUF (Prop_ibuf_I_O)         0.214     0.214 r  SW15_IBUF_inst/O
                         net (fo=10, routed)          2.280     2.494    VGA/VERTICAL_COUNTER_INST/SW15_IBUF
    SLICE_X1Y101         LUT3 (Prop_lut3_I1_O)        0.045     2.539 r  VGA/VERTICAL_COUNTER_INST/LED_OBUF[7]_inst_i_1/O
                         net (fo=1, routed)           0.924     3.463    LED_OBUF[7]
    U16                  OBUF (Prop_obuf_I_O)         1.323     4.786 r  LED_OBUF[7]_inst/O
                         net (fo=0)                   0.000     4.786    LED[7]
    U16                                                               r  LED[7] (OUT)
  -------------------------------------------------------------------    -------------------

Slack:                    inf
  Source:                 SW15
                            (input port)
  Destination:            LED[4]
                            (output port)
  Path Group:             (none)
  Path Type:              Min at Fast Process Corner
  Data Path Delay:        4.851ns  (logic 1.511ns (31.154%)  route 3.339ns (68.846%))
  Logic Levels:           3  (IBUF=1 LUT3=1 OBUF=1)

    Location             Delay type                Incr(ns)  Path(ns)    Netlist Resource(s)
  -------------------------------------------------------------------    -------------------
    T6                                                0.000     0.000 r  SW15 (IN)
                         net (fo=0)                   0.000     0.000    SW15
    T6                   IBUF (Prop_ibuf_I_O)         0.214     0.214 r  SW15_IBUF_inst/O
                         net (fo=10, routed)          2.758     2.971    VGA/VERTICAL_COUNTER_INST/SW15_IBUF
    SLICE_X0Y102         LUT3 (Prop_lut3_I1_O)        0.045     3.016 r  VGA/VERTICAL_COUNTER_INST/LED_OBUF[4]_inst_i_1/O
                         net (fo=1, routed)           0.582     3.598    LED_OBUF[4]
    R18                  OBUF (Prop_obuf_I_O)         1.252     4.851 r  LED_OBUF[4]_inst/O
                         net (fo=0)                   0.000     4.851    LED[4]
    R18                                                               r  LED[4] (OUT)
  -------------------------------------------------------------------    -------------------

Slack:                    inf
  Source:                 SW15
                            (input port)
  Destination:            LED[5]
                            (output port)
  Path Group:             (none)
  Path Type:              Min at Fast Process Corner
  Data Path Delay:        5.303ns  (logic 1.578ns (29.763%)  route 3.725ns (70.237%))
  Logic Levels:           3  (IBUF=1 LUT3=1 OBUF=1)

    Location             Delay type                Incr(ns)  Path(ns)    Netlist Resource(s)
  -------------------------------------------------------------------    -------------------
    T6                                                0.000     0.000 r  SW15 (IN)
                         net (fo=0)                   0.000     0.000    SW15
    T6                   IBUF (Prop_ibuf_I_O)         0.214     0.214 r  SW15_IBUF_inst/O
                         net (fo=10, routed)          2.758     2.971    VGA/VERTICAL_COUNTER_INST/SW15_IBUF
    SLICE_X0Y102         LUT3 (Prop_lut3_I1_O)        0.045     3.016 r  VGA/VERTICAL_COUNTER_INST/LED_OBUF[5]_inst_i_1/O
                         net (fo=1, routed)           0.967     3.983    LED_OBUF[5]
    V17                  OBUF (Prop_obuf_I_O)         1.319     5.303 r  LED_OBUF[5]_inst/O
                         net (fo=0)                   0.000     5.303    LED[5]
    V17                                                               r  LED[5] (OUT)
  -------------------------------------------------------------------    -------------------





--------------------------------------------------------------------------------------
Path Group:  (none)
From Clock:  sys_clk_pin
  To Clock:  

Max Delay            27 Endpoints
Min Delay            27 Endpoints
--------------------------------------------------------------------------------------


Max Delay Paths
--------------------------------------------------------------------------------------
Slack:                    inf
  Source:                 VGA/RGB_GENERATOR_INST/green_reg[0]/C
                            (rising edge-triggered cell FDRE clocked by sys_clk_pin  {rise@0.000ns fall@5.000ns period=10.000ns})
  Destination:            VGA_G[0]
                            (output port)
  Path Group:             (none)
  Path Type:              Max at Slow Process Corner
  Data Path Delay:        9.356ns  (logic 3.994ns (42.691%)  route 5.362ns (57.309%))
  Logic Levels:           1  (OBUF=1)
  Clock Uncertainty:      0.025ns  ((TSJ^2 + TIJ^2)^1/2 + DJ) / 2 + PE
    Total System Jitter     (TSJ):    0.050ns
    Total Input Jitter      (TIJ):    0.000ns
    Discrete Jitter          (DJ):    0.000ns
    Phase Error              (PE):    0.000ns

    Location             Delay type                Incr(ns)  Path(ns)    Netlist Resource(s)
  -------------------------------------------------------------------    -------------------
                         (clock sys_clk_pin rise edge)
                                                      0.000     0.000 r  
    E3                                                0.000     0.000 r  clk (IN)
                         net (fo=0)                   0.000     0.000    clk
    E3                   IBUF (Prop_ibuf_I_O)         1.482     1.482 r  clk_IBUF_inst/O
                         net (fo=1, routed)           2.025     3.506    clk_IBUF
    BUFGCTRL_X0Y16       BUFG (Prop_bufg_I_O)         0.096     3.602 r  clk_IBUF_BUFG_inst/O
                         net (fo=65, routed)          1.709     5.311    VGA/RGB_GENERATOR_INST/CLK
    SLICE_X4Y102         FDRE                                         r  VGA/RGB_GENERATOR_INST/green_reg[0]/C
  -------------------------------------------------------------------    -------------------
    SLICE_X4Y102         FDRE (Prop_fdre_C_Q)         0.456     5.767 r  VGA/RGB_GENERATOR_INST/green_reg[0]/Q
                         net (fo=1, routed)           5.362    11.129    VGA_G_OBUF[0]
    C6                   OBUF (Prop_obuf_I_O)         3.538    14.667 r  VGA_G_OBUF[0]_inst/O
                         net (fo=0)                   0.000    14.667    VGA_G[0]
    C6                                                                r  VGA_G[0] (OUT)
  -------------------------------------------------------------------    -------------------

Slack:                    inf
  Source:                 VGA/RGB_GENERATOR_INST/green_reg[2]/C
                            (rising edge-triggered cell FDRE clocked by sys_clk_pin  {rise@0.000ns fall@5.000ns period=10.000ns})
  Destination:            VGA_G[2]
                            (output port)
  Path Group:             (none)
  Path Type:              Max at Slow Process Corner
  Data Path Delay:        9.339ns  (logic 4.002ns (42.855%)  route 5.337ns (57.145%))
  Logic Levels:           1  (OBUF=1)
  Clock Uncertainty:      0.025ns  ((TSJ^2 + TIJ^2)^1/2 + DJ) / 2 + PE
    Total System Jitter     (TSJ):    0.050ns
    Total Input Jitter      (TIJ):    0.000ns
    Discrete Jitter          (DJ):    0.000ns
    Phase Error              (PE):    0.000ns

    Location             Delay type                Incr(ns)  Path(ns)    Netlist Resource(s)
  -------------------------------------------------------------------    -------------------
                         (clock sys_clk_pin rise edge)
                                                      0.000     0.000 r  
    E3                                                0.000     0.000 r  clk (IN)
                         net (fo=0)                   0.000     0.000    clk
    E3                   IBUF (Prop_ibuf_I_O)         1.482     1.482 r  clk_IBUF_inst/O
                         net (fo=1, routed)           2.025     3.506    clk_IBUF
    BUFGCTRL_X0Y16       BUFG (Prop_bufg_I_O)         0.096     3.602 r  clk_IBUF_BUFG_inst/O
                         net (fo=65, routed)          1.710     5.312    VGA/RGB_GENERATOR_INST/CLK
    SLICE_X1Y101         FDRE                                         r  VGA/RGB_GENERATOR_INST/green_reg[2]/C
  -------------------------------------------------------------------    -------------------
    SLICE_X1Y101         FDRE (Prop_fdre_C_Q)         0.456     5.768 r  VGA/RGB_GENERATOR_INST/green_reg[2]/Q
                         net (fo=1, routed)           5.337    11.105    VGA_G_OBUF[2]
    B6                   OBUF (Prop_obuf_I_O)         3.546    14.652 r  VGA_G_OBUF[2]_inst/O
                         net (fo=0)                   0.000    14.652    VGA_G[2]
    B6                                                                r  VGA_G[2] (OUT)
  -------------------------------------------------------------------    -------------------

Slack:                    inf
  Source:                 VGA/RGB_GENERATOR_INST/red_reg[2]/C
                            (rising edge-triggered cell FDRE clocked by sys_clk_pin  {rise@0.000ns fall@5.000ns period=10.000ns})
  Destination:            VGA_R[2]
                            (output port)
  Path Group:             (none)
  Path Type:              Max at Slow Process Corner
  Data Path Delay:        9.326ns  (logic 3.991ns (42.798%)  route 5.334ns (57.202%))
  Logic Levels:           1  (OBUF=1)
  Clock Uncertainty:      0.025ns  ((TSJ^2 + TIJ^2)^1/2 + DJ) / 2 + PE
    Total System Jitter     (TSJ):    0.050ns
    Total Input Jitter      (TIJ):    0.000ns
    Discrete Jitter          (DJ):    0.000ns
    Phase Error              (PE):    0.000ns

    Location             Delay type                Incr(ns)  Path(ns)    Netlist Resource(s)
  -------------------------------------------------------------------    -------------------
                         (clock sys_clk_pin rise edge)
                                                      0.000     0.000 r  
    E3                                                0.000     0.000 r  clk (IN)
                         net (fo=0)                   0.000     0.000    clk
    E3                   IBUF (Prop_ibuf_I_O)         1.482     1.482 r  clk_IBUF_inst/O
                         net (fo=1, routed)           2.025     3.506    clk_IBUF
    BUFGCTRL_X0Y16       BUFG (Prop_bufg_I_O)         0.096     3.602 r  clk_IBUF_BUFG_inst/O
                         net (fo=65, routed)          1.709     5.311    VGA/RGB_GENERATOR_INST/CLK
    SLICE_X4Y101         FDRE                                         r  VGA/RGB_GENERATOR_INST/red_reg[2]/C
  -------------------------------------------------------------------    -------------------
    SLICE_X4Y101         FDRE (Prop_fdre_C_Q)         0.456     5.767 r  VGA/RGB_GENERATOR_INST/red_reg[2]/Q
                         net (fo=1, routed)           5.334    11.102    VGA_R_OBUF[2]
    C5                   OBUF (Prop_obuf_I_O)         3.535    14.637 r  VGA_R_OBUF[2]_inst/O
                         net (fo=0)                   0.000    14.637    VGA_R[2]
    C5                                                                r  VGA_R[2] (OUT)
  -------------------------------------------------------------------    -------------------

Slack:                    inf
  Source:                 VGA/RGB_GENERATOR_INST/green_reg[3]/C
                            (rising edge-triggered cell FDRE clocked by sys_clk_pin  {rise@0.000ns fall@5.000ns period=10.000ns})
  Destination:            VGA_G[3]
                            (output port)
  Path Group:             (none)
  Path Type:              Max at Slow Process Corner
  Data Path Delay:        9.322ns  (logic 4.002ns (42.935%)  route 5.320ns (57.065%))
  Logic Levels:           1  (OBUF=1)
  Clock Uncertainty:      0.025ns  ((TSJ^2 + TIJ^2)^1/2 + DJ) / 2 + PE
    Total System Jitter     (TSJ):    0.050ns
    Total Input Jitter      (TIJ):    0.000ns
    Discrete Jitter          (DJ):    0.000ns
    Phase Error              (PE):    0.000ns

    Location             Delay type                Incr(ns)  Path(ns)    Netlist Resource(s)
  -------------------------------------------------------------------    -------------------
                         (clock sys_clk_pin rise edge)
                                                      0.000     0.000 r  
    E3                                                0.000     0.000 r  clk (IN)
                         net (fo=0)                   0.000     0.000    clk
    E3                   IBUF (Prop_ibuf_I_O)         1.482     1.482 r  clk_IBUF_inst/O
                         net (fo=1, routed)           2.025     3.506    clk_IBUF
    BUFGCTRL_X0Y16       BUFG (Prop_bufg_I_O)         0.096     3.602 r  clk_IBUF_BUFG_inst/O
                         net (fo=65, routed)          1.709     5.311    VGA/RGB_GENERATOR_INST/CLK
    SLICE_X5Y101         FDRE                                         r  VGA/RGB_GENERATOR_INST/green_reg[3]/C
  -------------------------------------------------------------------    -------------------
    SLICE_X5Y101         FDRE (Prop_fdre_C_Q)         0.456     5.767 r  VGA/RGB_GENERATOR_INST/green_reg[3]/Q
                         net (fo=1, routed)           5.320    11.087    VGA_G_OBUF[3]
    A6                   OBUF (Prop_obuf_I_O)         3.546    14.633 r  VGA_G_OBUF[3]_inst/O
                         net (fo=0)                   0.000    14.633    VGA_G[3]
    A6                                                                r  VGA_G[3] (OUT)
  -------------------------------------------------------------------    -------------------

Slack:                    inf
  Source:                 VGA/RGB_GENERATOR_INST/blue_reg[0]/C
                            (rising edge-triggered cell FDRE clocked by sys_clk_pin  {rise@0.000ns fall@5.000ns period=10.000ns})
  Destination:            VGA_B[0]
                            (output port)
  Path Group:             (none)
  Path Type:              Max at Slow Process Corner
  Data Path Delay:        9.286ns  (logic 4.003ns (43.108%)  route 5.283ns (56.892%))
  Logic Levels:           1  (OBUF=1)
  Clock Uncertainty:      0.025ns  ((TSJ^2 + TIJ^2)^1/2 + DJ) / 2 + PE
    Total System Jitter     (TSJ):    0.050ns
    Total Input Jitter      (TIJ):    0.000ns
    Discrete Jitter          (DJ):    0.000ns
    Phase Error              (PE):    0.000ns

    Location             Delay type                Incr(ns)  Path(ns)    Netlist Resource(s)
  -------------------------------------------------------------------    -------------------
                         (clock sys_clk_pin rise edge)
                                                      0.000     0.000 r  
    E3                                                0.000     0.000 r  clk (IN)
                         net (fo=0)                   0.000     0.000    clk
    E3                   IBUF (Prop_ibuf_I_O)         1.482     1.482 r  clk_IBUF_inst/O
                         net (fo=1, routed)           2.025     3.506    clk_IBUF
    BUFGCTRL_X0Y16       BUFG (Prop_bufg_I_O)         0.096     3.602 r  clk_IBUF_BUFG_inst/O
                         net (fo=65, routed)          1.709     5.311    VGA/RGB_GENERATOR_INST/CLK
    SLICE_X4Y101         FDRE                                         r  VGA/RGB_GENERATOR_INST/blue_reg[0]/C
  -------------------------------------------------------------------    -------------------
    SLICE_X4Y101         FDRE (Prop_fdre_C_Q)         0.456     5.767 r  VGA/RGB_GENERATOR_INST/blue_reg[0]/Q
                         net (fo=1, routed)           5.283    11.050    VGA_B_OBUF[0]
    B7                   OBUF (Prop_obuf_I_O)         3.547    14.597 r  VGA_B_OBUF[0]_inst/O
                         net (fo=0)                   0.000    14.597    VGA_B[0]
    B7                                                                r  VGA_B[0] (OUT)
  -------------------------------------------------------------------    -------------------

Slack:                    inf
  Source:                 VGA/RGB_GENERATOR_INST/blue_reg[3]/C
                            (rising edge-triggered cell FDRE clocked by sys_clk_pin  {rise@0.000ns fall@5.000ns period=10.000ns})
  Destination:            VGA_B[3]
                            (output port)
  Path Group:             (none)
  Path Type:              Max at Slow Process Corner
  Data Path Delay:        9.275ns  (logic 4.008ns (43.210%)  route 5.267ns (56.790%))
  Logic Levels:           1  (OBUF=1)
  Clock Uncertainty:      0.025ns  ((TSJ^2 + TIJ^2)^1/2 + DJ) / 2 + PE
    Total System Jitter     (TSJ):    0.050ns
    Total Input Jitter      (TIJ):    0.000ns
    Discrete Jitter          (DJ):    0.000ns
    Phase Error              (PE):    0.000ns

    Location             Delay type                Incr(ns)  Path(ns)    Netlist Resource(s)
  -------------------------------------------------------------------    -------------------
                         (clock sys_clk_pin rise edge)
                                                      0.000     0.000 r  
    E3                                                0.000     0.000 r  clk (IN)
                         net (fo=0)                   0.000     0.000    clk
    E3                   IBUF (Prop_ibuf_I_O)         1.482     1.482 r  clk_IBUF_inst/O
                         net (fo=1, routed)           2.025     3.506    clk_IBUF
    BUFGCTRL_X0Y16       BUFG (Prop_bufg_I_O)         0.096     3.602 r  clk_IBUF_BUFG_inst/O
                         net (fo=65, routed)          1.709     5.311    VGA/RGB_GENERATOR_INST/CLK
    SLICE_X4Y102         FDRE                                         r  VGA/RGB_GENERATOR_INST/blue_reg[3]/C
  -------------------------------------------------------------------    -------------------
    SLICE_X4Y102         FDRE (Prop_fdre_C_Q)         0.456     5.767 r  VGA/RGB_GENERATOR_INST/blue_reg[3]/Q
                         net (fo=1, routed)           5.267    11.034    VGA_B_OBUF[3]
    D8                   OBUF (Prop_obuf_I_O)         3.552    14.586 r  VGA_B_OBUF[3]_inst/O
                         net (fo=0)                   0.000    14.586    VGA_B[3]
    D8                                                                r  VGA_B[3] (OUT)
  -------------------------------------------------------------------    -------------------

Slack:                    inf
  Source:                 VGA/RGB_GENERATOR_INST/blue_reg[1]/C
                            (rising edge-triggered cell FDRE clocked by sys_clk_pin  {rise@0.000ns fall@5.000ns period=10.000ns})
  Destination:            VGA_B[1]
                            (output port)
  Path Group:             (none)
  Path Type:              Max at Slow Process Corner
  Data Path Delay:        9.249ns  (logic 4.007ns (43.328%)  route 5.241ns (56.672%))
  Logic Levels:           1  (OBUF=1)
  Clock Uncertainty:      0.025ns  ((TSJ^2 + TIJ^2)^1/2 + DJ) / 2 + PE
    Total System Jitter     (TSJ):    0.050ns
    Total Input Jitter      (TIJ):    0.000ns
    Discrete Jitter          (DJ):    0.000ns
    Phase Error              (PE):    0.000ns

    Location             Delay type                Incr(ns)  Path(ns)    Netlist Resource(s)
  -------------------------------------------------------------------    -------------------
                         (clock sys_clk_pin rise edge)
                                                      0.000     0.000 r  
    E3                                                0.000     0.000 r  clk (IN)
                         net (fo=0)                   0.000     0.000    clk
    E3                   IBUF (Prop_ibuf_I_O)         1.482     1.482 r  clk_IBUF_inst/O
                         net (fo=1, routed)           2.025     3.506    clk_IBUF
    BUFGCTRL_X0Y16       BUFG (Prop_bufg_I_O)         0.096     3.602 r  clk_IBUF_BUFG_inst/O
                         net (fo=65, routed)          1.709     5.311    VGA/RGB_GENERATOR_INST/CLK
    SLICE_X4Y102         FDRE                                         r  VGA/RGB_GENERATOR_INST/blue_reg[1]/C
  -------------------------------------------------------------------    -------------------
    SLICE_X4Y102         FDRE (Prop_fdre_C_Q)         0.456     5.767 r  VGA/RGB_GENERATOR_INST/blue_reg[1]/Q
                         net (fo=1, routed)           5.241    11.009    VGA_B_OBUF[1]
    C7                   OBUF (Prop_obuf_I_O)         3.551    14.560 r  VGA_B_OBUF[1]_inst/O
                         net (fo=0)                   0.000    14.560    VGA_B[1]
    C7                                                                r  VGA_B[1] (OUT)
  -------------------------------------------------------------------    -------------------

Slack:                    inf
  Source:                 VGA/RGB_GENERATOR_INST/green_reg[1]/C
                            (rising edge-triggered cell FDRE clocked by sys_clk_pin  {rise@0.000ns fall@5.000ns period=10.000ns})
  Destination:            VGA_G[1]
                            (output port)
  Path Group:             (none)
  Path Type:              Max at Slow Process Corner
  Data Path Delay:        9.116ns  (logic 4.001ns (43.883%)  route 5.116ns (56.117%))
  Logic Levels:           1  (OBUF=1)
  Clock Uncertainty:      0.025ns  ((TSJ^2 + TIJ^2)^1/2 + DJ) / 2 + PE
    Total System Jitter     (TSJ):    0.050ns
    Total Input Jitter      (TIJ):    0.000ns
    Discrete Jitter          (DJ):    0.000ns
    Phase Error              (PE):    0.000ns

    Location             Delay type                Incr(ns)  Path(ns)    Netlist Resource(s)
  -------------------------------------------------------------------    -------------------
                         (clock sys_clk_pin rise edge)
                                                      0.000     0.000 r  
    E3                                                0.000     0.000 r  clk (IN)
                         net (fo=0)                   0.000     0.000    clk
    E3                   IBUF (Prop_ibuf_I_O)         1.482     1.482 r  clk_IBUF_inst/O
                         net (fo=1, routed)           2.025     3.506    clk_IBUF
    BUFGCTRL_X0Y16       BUFG (Prop_bufg_I_O)         0.096     3.602 r  clk_IBUF_BUFG_inst/O
                         net (fo=65, routed)          1.709     5.311    VGA/RGB_GENERATOR_INST/CLK
    SLICE_X5Y101         FDRE                                         r  VGA/RGB_GENERATOR_INST/green_reg[1]/C
  -------------------------------------------------------------------    -------------------
    SLICE_X5Y101         FDRE (Prop_fdre_C_Q)         0.456     5.767 r  VGA/RGB_GENERATOR_INST/green_reg[1]/Q
                         net (fo=1, routed)           5.116    10.883    VGA_G_OBUF[1]
    A5                   OBUF (Prop_obuf_I_O)         3.545    14.428 r  VGA_G_OBUF[1]_inst/O
                         net (fo=0)                   0.000    14.428    VGA_G[1]
    A5                                                                r  VGA_G[1] (OUT)
  -------------------------------------------------------------------    -------------------

Slack:                    inf
  Source:                 VGA/RGB_GENERATOR_INST/red_reg[3]/C
                            (rising edge-triggered cell FDRE clocked by sys_clk_pin  {rise@0.000ns fall@5.000ns period=10.000ns})
  Destination:            VGA_R[3]
                            (output port)
  Path Group:             (none)
  Path Type:              Max at Slow Process Corner
  Data Path Delay:        9.061ns  (logic 4.008ns (44.226%)  route 5.054ns (55.774%))
  Logic Levels:           1  (OBUF=1)
  Clock Uncertainty:      0.025ns  ((TSJ^2 + TIJ^2)^1/2 + DJ) / 2 + PE
    Total System Jitter     (TSJ):    0.050ns
    Total Input Jitter      (TIJ):    0.000ns
    Discrete Jitter          (DJ):    0.000ns
    Phase Error              (PE):    0.000ns

    Location             Delay type                Incr(ns)  Path(ns)    Netlist Resource(s)
  -------------------------------------------------------------------    -------------------
                         (clock sys_clk_pin rise edge)
                                                      0.000     0.000 r  
    E3                                                0.000     0.000 r  clk (IN)
                         net (fo=0)                   0.000     0.000    clk
    E3                   IBUF (Prop_ibuf_I_O)         1.482     1.482 r  clk_IBUF_inst/O
                         net (fo=1, routed)           2.025     3.506    clk_IBUF
    BUFGCTRL_X0Y16       BUFG (Prop_bufg_I_O)         0.096     3.602 r  clk_IBUF_BUFG_inst/O
                         net (fo=65, routed)          1.709     5.311    VGA/RGB_GENERATOR_INST/CLK
    SLICE_X4Y101         FDRE                                         r  VGA/RGB_GENERATOR_INST/red_reg[3]/C
  -------------------------------------------------------------------    -------------------
    SLICE_X4Y101         FDRE (Prop_fdre_C_Q)         0.456     5.767 r  VGA/RGB_GENERATOR_INST/red_reg[3]/Q
                         net (fo=1, routed)           5.054    10.821    VGA_R_OBUF[3]
    A4                   OBUF (Prop_obuf_I_O)         3.552    14.373 r  VGA_R_OBUF[3]_inst/O
                         net (fo=0)                   0.000    14.373    VGA_R[3]
    A4                                                                r  VGA_R[3] (OUT)
  -------------------------------------------------------------------    -------------------

Slack:                    inf
  Source:                 VGA/RGB_GENERATOR_INST/red_reg[1]/C
                            (rising edge-triggered cell FDRE clocked by sys_clk_pin  {rise@0.000ns fall@5.000ns period=10.000ns})
  Destination:            VGA_R[1]
                            (output port)
  Path Group:             (none)
  Path Type:              Max at Slow Process Corner
  Data Path Delay:        9.029ns  (logic 4.004ns (44.351%)  route 5.024ns (55.649%))
  Logic Levels:           1  (OBUF=1)
  Clock Uncertainty:      0.025ns  ((TSJ^2 + TIJ^2)^1/2 + DJ) / 2 + PE
    Total System Jitter     (TSJ):    0.050ns
    Total Input Jitter      (TIJ):    0.000ns
    Discrete Jitter          (DJ):    0.000ns
    Phase Error              (PE):    0.000ns

    Location             Delay type                Incr(ns)  Path(ns)    Netlist Resource(s)
  -------------------------------------------------------------------    -------------------
                         (clock sys_clk_pin rise edge)
                                                      0.000     0.000 r  
    E3                                                0.000     0.000 r  clk (IN)
                         net (fo=0)                   0.000     0.000    clk
    E3                   IBUF (Prop_ibuf_I_O)         1.482     1.482 r  clk_IBUF_inst/O
                         net (fo=1, routed)           2.025     3.506    clk_IBUF
    BUFGCTRL_X0Y16       BUFG (Prop_bufg_I_O)         0.096     3.602 r  clk_IBUF_BUFG_inst/O
                         net (fo=65, routed)          1.709     5.311    VGA/RGB_GENERATOR_INST/CLK
    SLICE_X5Y102         FDRE                                         r  VGA/RGB_GENERATOR_INST/red_reg[1]/C
  -------------------------------------------------------------------    -------------------
    SLICE_X5Y102         FDRE (Prop_fdre_C_Q)         0.456     5.767 r  VGA/RGB_GENERATOR_INST/red_reg[1]/Q
                         net (fo=1, routed)           5.024    10.792    VGA_R_OBUF[1]
    B4                   OBUF (Prop_obuf_I_O)         3.548    14.340 r  VGA_R_OBUF[1]_inst/O
                         net (fo=0)                   0.000    14.340    VGA_R[1]
    B4                                                                r  VGA_R[1] (OUT)
  -------------------------------------------------------------------    -------------------





Min Delay Paths
--------------------------------------------------------------------------------------
Slack:                    inf
  Source:                 VGA/HSYNC_GENERATOR_INST/hsync_reg_lopt_replica_2/C
                            (rising edge-triggered cell FDSE clocked by sys_clk_pin  {rise@0.000ns fall@5.000ns period=10.000ns})
  Destination:            hsync_os
                            (output port)
  Path Group:             (none)
  Path Type:              Min at Fast Process Corner
  Data Path Delay:        1.949ns  (logic 1.364ns (69.978%)  route 0.585ns (30.022%))
  Logic Levels:           1  (OBUF=1)
  Clock Uncertainty:      0.025ns  ((TSJ^2 + TIJ^2)^1/2 + DJ) / 2 + PE
    Total System Jitter     (TSJ):    0.050ns
    Total Input Jitter      (TIJ):    0.000ns
    Discrete Jitter          (DJ):    0.000ns
    Phase Error              (PE):    0.000ns

    Location             Delay type                Incr(ns)  Path(ns)    Netlist Resource(s)
  -------------------------------------------------------------------    -------------------
                         (clock sys_clk_pin rise edge)
                                                      0.000     0.000 r  
    E3                                                0.000     0.000 r  clk (IN)
                         net (fo=0)                   0.000     0.000    clk
    E3                   IBUF (Prop_ibuf_I_O)         0.250     0.250 r  clk_IBUF_inst/O
                         net (fo=1, routed)           0.644     0.894    clk_IBUF
    BUFGCTRL_X0Y16       BUFG (Prop_bufg_I_O)         0.026     0.920 r  clk_IBUF_BUFG_inst/O
                         net (fo=65, routed)          0.598     1.517    VGA/HSYNC_GENERATOR_INST/CLK
    SLICE_X0Y103         FDSE                                         r  VGA/HSYNC_GENERATOR_INST/hsync_reg_lopt_replica_2/C
  -------------------------------------------------------------------    -------------------
    SLICE_X0Y103         FDSE (Prop_fdse_C_Q)         0.141     1.658 r  VGA/HSYNC_GENERATOR_INST/hsync_reg_lopt_replica_2/Q
                         net (fo=1, routed)           0.585     2.244    lopt_4
    F16                  OBUF (Prop_obuf_I_O)         1.223     3.467 r  hsync_os_OBUF_inst/O
                         net (fo=0)                   0.000     3.467    hsync_os
    F16                                                               r  hsync_os (OUT)
  -------------------------------------------------------------------    -------------------

Slack:                    inf
  Source:                 VGA/VERTICAL_COUNTER_INST/s_vctr_reg[1]/C
                            (rising edge-triggered cell FDRE clocked by sys_clk_pin  {rise@0.000ns fall@5.000ns period=10.000ns})
  Destination:            LED[1]
                            (output port)
  Path Group:             (none)
  Path Type:              Min at Fast Process Corner
  Data Path Delay:        2.018ns  (logic 1.422ns (70.483%)  route 0.596ns (29.517%))
  Logic Levels:           2  (LUT3=1 OBUF=1)
  Clock Uncertainty:      0.025ns  ((TSJ^2 + TIJ^2)^1/2 + DJ) / 2 + PE
    Total System Jitter     (TSJ):    0.050ns
    Total Input Jitter      (TIJ):    0.000ns
    Discrete Jitter          (DJ):    0.000ns
    Phase Error              (PE):    0.000ns

    Location             Delay type                Incr(ns)  Path(ns)    Netlist Resource(s)
  -------------------------------------------------------------------    -------------------
                         (clock sys_clk_pin rise edge)
                                                      0.000     0.000 r  
    E3                                                0.000     0.000 r  clk (IN)
                         net (fo=0)                   0.000     0.000    clk
    E3                   IBUF (Prop_ibuf_I_O)         0.250     0.250 r  clk_IBUF_inst/O
                         net (fo=1, routed)           0.644     0.894    clk_IBUF
    BUFGCTRL_X0Y16       BUFG (Prop_bufg_I_O)         0.026     0.920 r  clk_IBUF_BUFG_inst/O
                         net (fo=65, routed)          0.599     1.518    VGA/VERTICAL_COUNTER_INST/CLK
    SLICE_X0Y102         FDRE                                         r  VGA/VERTICAL_COUNTER_INST/s_vctr_reg[1]/C
  -------------------------------------------------------------------    -------------------
    SLICE_X0Y102         FDRE (Prop_fdre_C_Q)         0.141     1.659 r  VGA/VERTICAL_COUNTER_INST/s_vctr_reg[1]/Q
                         net (fo=11, routed)          0.253     1.913    VGA/VERTICAL_COUNTER_INST/vctr[1]
    SLICE_X0Y103         LUT3 (Prop_lut3_I0_O)        0.045     1.958 r  VGA/VERTICAL_COUNTER_INST/LED_OBUF[1]_inst_i_1/O
                         net (fo=1, routed)           0.342     2.300    LED_OBUF[1]
    K15                  OBUF (Prop_obuf_I_O)         1.236     3.536 r  LED_OBUF[1]_inst/O
                         net (fo=0)                   0.000     3.536    LED[1]
    K15                                                               r  LED[1] (OUT)
  -------------------------------------------------------------------    -------------------

Slack:                    inf
  Source:                 VGA/VERTICAL_COUNTER_INST/s_vctr_reg[4]/C
                            (rising edge-triggered cell FDRE clocked by sys_clk_pin  {rise@0.000ns fall@5.000ns period=10.000ns})
  Destination:            LED[4]
                            (output port)
  Path Group:             (none)
  Path Type:              Min at Fast Process Corner
  Data Path Delay:        2.153ns  (logic 1.438ns (66.795%)  route 0.715ns (33.205%))
  Logic Levels:           2  (LUT3=1 OBUF=1)
  Clock Uncertainty:      0.025ns  ((TSJ^2 + TIJ^2)^1/2 + DJ) / 2 + PE
    Total System Jitter     (TSJ):    0.050ns
    Total Input Jitter      (TIJ):    0.000ns
    Discrete Jitter          (DJ):    0.000ns
    Phase Error              (PE):    0.000ns

    Location             Delay type                Incr(ns)  Path(ns)    Netlist Resource(s)
  -------------------------------------------------------------------    -------------------
                         (clock sys_clk_pin rise edge)
                                                      0.000     0.000 r  
    E3                                                0.000     0.000 r  clk (IN)
                         net (fo=0)                   0.000     0.000    clk
    E3                   IBUF (Prop_ibuf_I_O)         0.250     0.250 r  clk_IBUF_inst/O
                         net (fo=1, routed)           0.644     0.894    clk_IBUF
    BUFGCTRL_X0Y16       BUFG (Prop_bufg_I_O)         0.026     0.920 r  clk_IBUF_BUFG_inst/O
                         net (fo=65, routed)          0.599     1.518    VGA/VERTICAL_COUNTER_INST/CLK
    SLICE_X1Y102         FDRE                                         r  VGA/VERTICAL_COUNTER_INST/s_vctr_reg[4]/C
  -------------------------------------------------------------------    -------------------
    SLICE_X1Y102         FDRE (Prop_fdre_C_Q)         0.141     1.659 r  VGA/VERTICAL_COUNTER_INST/s_vctr_reg[4]/Q
                         net (fo=6, routed)           0.133     1.793    VGA/VERTICAL_COUNTER_INST/vctr[4]
    SLICE_X0Y102         LUT3 (Prop_lut3_I0_O)        0.045     1.838 r  VGA/VERTICAL_COUNTER_INST/LED_OBUF[4]_inst_i_1/O
                         net (fo=1, routed)           0.582     2.419    LED_OBUF[4]
    R18                  OBUF (Prop_obuf_I_O)         1.252     3.672 r  LED_OBUF[4]_inst/O
                         net (fo=0)                   0.000     3.672    LED[4]
    R18                                                               r  LED[4] (OUT)
  -------------------------------------------------------------------    -------------------

Slack:                    inf
  Source:                 VGA/HORIZONTAL_COUNTER_INST/s_hctr_reg[0]/C
                            (rising edge-triggered cell FDRE clocked by sys_clk_pin  {rise@0.000ns fall@5.000ns period=10.000ns})
  Destination:            LED[0]
                            (output port)
  Path Group:             (none)
  Path Type:              Min at Fast Process Corner
  Data Path Delay:        2.174ns  (logic 1.478ns (68.001%)  route 0.696ns (31.999%))
  Logic Levels:           2  (LUT3=1 OBUF=1)
  Clock Uncertainty:      0.025ns  ((TSJ^2 + TIJ^2)^1/2 + DJ) / 2 + PE
    Total System Jitter     (TSJ):    0.050ns
    Total Input Jitter      (TIJ):    0.000ns
    Discrete Jitter          (DJ):    0.000ns
    Phase Error              (PE):    0.000ns

    Location             Delay type                Incr(ns)  Path(ns)    Netlist Resource(s)
  -------------------------------------------------------------------    -------------------
                         (clock sys_clk_pin rise edge)
                                                      0.000     0.000 r  
    E3                                                0.000     0.000 r  clk (IN)
                         net (fo=0)                   0.000     0.000    clk
    E3                   IBUF (Prop_ibuf_I_O)         0.250     0.250 r  clk_IBUF_inst/O
                         net (fo=1, routed)           0.644     0.894    clk_IBUF
    BUFGCTRL_X0Y16       BUFG (Prop_bufg_I_O)         0.026     0.920 r  clk_IBUF_BUFG_inst/O
                         net (fo=65, routed)          0.598     1.517    VGA/HORIZONTAL_COUNTER_INST/CLK
    SLICE_X0Y104         FDRE                                         r  VGA/HORIZONTAL_COUNTER_INST/s_hctr_reg[0]/C
  -------------------------------------------------------------------    -------------------
    SLICE_X0Y104         FDRE (Prop_fdre_C_Q)         0.141     1.658 r  VGA/HORIZONTAL_COUNTER_INST/s_hctr_reg[0]/Q
                         net (fo=7, routed)           0.187     1.845    VGA/VERTICAL_COUNTER_INST/LED[9][0]
    SLICE_X0Y103         LUT3 (Prop_lut3_I2_O)        0.049     1.894 r  VGA/VERTICAL_COUNTER_INST/LED_OBUF[0]_inst_i_1/O
                         net (fo=1, routed)           0.509     2.403    LED_OBUF[0]
    H17                  OBUF (Prop_obuf_I_O)         1.288     3.691 r  LED_OBUF[0]_inst/O
                         net (fo=0)                   0.000     3.691    LED[0]
    H17                                                               r  LED[0] (OUT)
  -------------------------------------------------------------------    -------------------

Slack:                    inf
  Source:                 VGA/VERTICAL_COUNTER_INST/s_vctr_reg[2]/C
                            (rising edge-triggered cell FDRE clocked by sys_clk_pin  {rise@0.000ns fall@5.000ns period=10.000ns})
  Destination:            LED[2]
                            (output port)
  Path Group:             (none)
  Path Type:              Min at Fast Process Corner
  Data Path Delay:        2.250ns  (logic 1.439ns (63.959%)  route 0.811ns (36.041%))
  Logic Levels:           2  (LUT3=1 OBUF=1)
  Clock Uncertainty:      0.025ns  ((TSJ^2 + TIJ^2)^1/2 + DJ) / 2 + PE
    Total System Jitter     (TSJ):    0.050ns
    Total Input Jitter      (TIJ):    0.000ns
    Discrete Jitter          (DJ):    0.000ns
    Phase Error              (PE):    0.000ns

    Location             Delay type                Incr(ns)  Path(ns)    Netlist Resource(s)
  -------------------------------------------------------------------    -------------------
                         (clock sys_clk_pin rise edge)
                                                      0.000     0.000 r  
    E3                                                0.000     0.000 r  clk (IN)
                         net (fo=0)                   0.000     0.000    clk
    E3                   IBUF (Prop_ibuf_I_O)         0.250     0.250 r  clk_IBUF_inst/O
                         net (fo=1, routed)           0.644     0.894    clk_IBUF
    BUFGCTRL_X0Y16       BUFG (Prop_bufg_I_O)         0.026     0.920 r  clk_IBUF_BUFG_inst/O
                         net (fo=65, routed)          0.599     1.518    VGA/VERTICAL_COUNTER_INST/CLK
    SLICE_X0Y102         FDRE                                         r  VGA/VERTICAL_COUNTER_INST/s_vctr_reg[2]/C
  -------------------------------------------------------------------    -------------------
    SLICE_X0Y102         FDRE (Prop_fdre_C_Q)         0.141     1.659 r  VGA/VERTICAL_COUNTER_INST/s_vctr_reg[2]/Q
                         net (fo=9, routed)           0.327     1.986    VGA/VERTICAL_COUNTER_INST/vctr[2]
    SLICE_X0Y102         LUT3 (Prop_lut3_I0_O)        0.045     2.031 r  VGA/VERTICAL_COUNTER_INST/LED_OBUF[2]_inst_i_1/O
                         net (fo=1, routed)           0.484     2.515    LED_OBUF[2]
    J13                  OBUF (Prop_obuf_I_O)         1.253     3.769 r  LED_OBUF[2]_inst/O
                         net (fo=0)                   0.000     3.769    LED[2]
    J13                                                               r  LED[2] (OUT)
  -------------------------------------------------------------------    -------------------

Slack:                    inf
  Source:                 VGA/VSYNC_GENERATOR_INST/vsync_reg_lopt_replica/C
                            (rising edge-triggered cell FDSE clocked by sys_clk_pin  {rise@0.000ns fall@5.000ns period=10.000ns})
  Destination:            VGA_vsync
                            (output port)
  Path Group:             (none)
  Path Type:              Min at Fast Process Corner
  Data Path Delay:        2.264ns  (logic 1.447ns (63.909%)  route 0.817ns (36.091%))
  Logic Levels:           1  (OBUF=1)
  Clock Uncertainty:      0.025ns  ((TSJ^2 + TIJ^2)^1/2 + DJ) / 2 + PE
    Total System Jitter     (TSJ):    0.050ns
    Total Input Jitter      (TIJ):    0.000ns
    Discrete Jitter          (DJ):    0.000ns
    Phase Error              (PE):    0.000ns

    Location             Delay type                Incr(ns)  Path(ns)    Netlist Resource(s)
  -------------------------------------------------------------------    -------------------
                         (clock sys_clk_pin rise edge)
                                                      0.000     0.000 r  
    E3                                                0.000     0.000 r  clk (IN)
                         net (fo=0)                   0.000     0.000    clk
    E3                   IBUF (Prop_ibuf_I_O)         0.250     0.250 r  clk_IBUF_inst/O
                         net (fo=1, routed)           0.644     0.894    clk_IBUF
    BUFGCTRL_X0Y16       BUFG (Prop_bufg_I_O)         0.026     0.920 r  clk_IBUF_BUFG_inst/O
                         net (fo=65, routed)          0.598     1.517    VGA/VSYNC_GENERATOR_INST/CLK
    SLICE_X0Y103         FDSE                                         r  VGA/VSYNC_GENERATOR_INST/vsync_reg_lopt_replica/C
  -------------------------------------------------------------------    -------------------
    SLICE_X0Y103         FDSE (Prop_fdse_C_Q)         0.128     1.645 r  VGA/VSYNC_GENERATOR_INST/vsync_reg_lopt_replica/Q
                         net (fo=1, routed)           0.817     2.462    lopt
    B12                  OBUF (Prop_obuf_I_O)         1.319     3.781 r  VGA_vsync_OBUF_inst/O
                         net (fo=0)                   0.000     3.781    VGA_vsync
    B12                                                               r  VGA_vsync (OUT)
  -------------------------------------------------------------------    -------------------

Slack:                    inf
  Source:                 VGA/HSYNC_GENERATOR_INST/hsync_reg_lopt_replica/C
                            (rising edge-triggered cell FDSE clocked by sys_clk_pin  {rise@0.000ns fall@5.000ns period=10.000ns})
  Destination:            VGA_hsync
                            (output port)
  Path Group:             (none)
  Path Type:              Min at Fast Process Corner
  Data Path Delay:        2.282ns  (logic 1.406ns (61.609%)  route 0.876ns (38.391%))
  Logic Levels:           1  (OBUF=1)
  Clock Uncertainty:      0.025ns  ((TSJ^2 + TIJ^2)^1/2 + DJ) / 2 + PE
    Total System Jitter     (TSJ):    0.050ns
    Total Input Jitter      (TIJ):    0.000ns
    Discrete Jitter          (DJ):    0.000ns
    Phase Error              (PE):    0.000ns

    Location             Delay type                Incr(ns)  Path(ns)    Netlist Resource(s)
  -------------------------------------------------------------------    -------------------
                         (clock sys_clk_pin rise edge)
                                                      0.000     0.000 r  
    E3                                                0.000     0.000 r  clk (IN)
                         net (fo=0)                   0.000     0.000    clk
    E3                   IBUF (Prop_ibuf_I_O)         0.250     0.250 r  clk_IBUF_inst/O
                         net (fo=1, routed)           0.644     0.894    clk_IBUF
    BUFGCTRL_X0Y16       BUFG (Prop_bufg_I_O)         0.026     0.920 r  clk_IBUF_BUFG_inst/O
                         net (fo=65, routed)          0.598     1.517    VGA/HSYNC_GENERATOR_INST/CLK
    SLICE_X0Y103         FDSE                                         r  VGA/HSYNC_GENERATOR_INST/hsync_reg_lopt_replica/C
  -------------------------------------------------------------------    -------------------
    SLICE_X0Y103         FDSE (Prop_fdse_C_Q)         0.141     1.658 r  VGA/HSYNC_GENERATOR_INST/hsync_reg_lopt_replica/Q
                         net (fo=1, routed)           0.876     2.535    lopt_3
    B11                  OBUF (Prop_obuf_I_O)         1.265     3.800 r  VGA_hsync_OBUF_inst/O
                         net (fo=0)                   0.000     3.800    VGA_hsync
    B11                                                               r  VGA_hsync (OUT)
  -------------------------------------------------------------------    -------------------

Slack:                    inf
  Source:                 VGA/VSYNC_GENERATOR_INST/vsync_reg/C
                            (rising edge-triggered cell FDSE clocked by sys_clk_pin  {rise@0.000ns fall@5.000ns period=10.000ns})
  Destination:            vsync_os
                            (output port)
  Path Group:             (none)
  Path Type:              Min at Fast Process Corner
  Data Path Delay:        2.408ns  (logic 1.379ns (57.291%)  route 1.028ns (42.709%))
  Logic Levels:           1  (OBUF=1)
  Clock Uncertainty:      0.025ns  ((TSJ^2 + TIJ^2)^1/2 + DJ) / 2 + PE
    Total System Jitter     (TSJ):    0.050ns
    Total Input Jitter      (TIJ):    0.000ns
    Discrete Jitter          (DJ):    0.000ns
    Phase Error              (PE):    0.000ns

    Location             Delay type                Incr(ns)  Path(ns)    Netlist Resource(s)
  -------------------------------------------------------------------    -------------------
                         (clock sys_clk_pin rise edge)
                                                      0.000     0.000 r  
    E3                                                0.000     0.000 r  clk (IN)
                         net (fo=0)                   0.000     0.000    clk
    E3                   IBUF (Prop_ibuf_I_O)         0.250     0.250 r  clk_IBUF_inst/O
                         net (fo=1, routed)           0.644     0.894    clk_IBUF
    BUFGCTRL_X0Y16       BUFG (Prop_bufg_I_O)         0.026     0.920 r  clk_IBUF_BUFG_inst/O
                         net (fo=65, routed)          0.598     1.517    VGA/VSYNC_GENERATOR_INST/CLK
    SLICE_X0Y103         FDSE                                         r  VGA/VSYNC_GENERATOR_INST/vsync_reg/C
  -------------------------------------------------------------------    -------------------
    SLICE_X0Y103         FDSE (Prop_fdse_C_Q)         0.141     1.658 r  VGA/VSYNC_GENERATOR_INST/vsync_reg/Q
                         net (fo=1, routed)           1.028     2.687    VGA_vsync_OBUF
    D14                  OBUF (Prop_obuf_I_O)         1.238     3.925 r  vsync_os_OBUF_inst/O
                         net (fo=0)                   0.000     3.925    vsync_os
    D14                                                               r  vsync_os (OUT)
  -------------------------------------------------------------------    -------------------

Slack:                    inf
  Source:                 VGA/VERTICAL_COUNTER_INST/s_vctr_reg[3]/C
                            (rising edge-triggered cell FDRE clocked by sys_clk_pin  {rise@0.000ns fall@5.000ns period=10.000ns})
  Destination:            LED[3]
                            (output port)
  Path Group:             (none)
  Path Type:              Min at Fast Process Corner
  Data Path Delay:        2.416ns  (logic 1.500ns (62.098%)  route 0.916ns (37.902%))
  Logic Levels:           2  (LUT3=1 OBUF=1)
  Clock Uncertainty:      0.025ns  ((TSJ^2 + TIJ^2)^1/2 + DJ) / 2 + PE
    Total System Jitter     (TSJ):    0.050ns
    Total Input Jitter      (TIJ):    0.000ns
    Discrete Jitter          (DJ):    0.000ns
    Phase Error              (PE):    0.000ns

    Location             Delay type                Incr(ns)  Path(ns)    Netlist Resource(s)
  -------------------------------------------------------------------    -------------------
                         (clock sys_clk_pin rise edge)
                                                      0.000     0.000 r  
    E3                                                0.000     0.000 r  clk (IN)
                         net (fo=0)                   0.000     0.000    clk
    E3                   IBUF (Prop_ibuf_I_O)         0.250     0.250 r  clk_IBUF_inst/O
                         net (fo=1, routed)           0.644     0.894    clk_IBUF
    BUFGCTRL_X0Y16       BUFG (Prop_bufg_I_O)         0.026     0.920 r  clk_IBUF_BUFG_inst/O
                         net (fo=65, routed)          0.599     1.518    VGA/VERTICAL_COUNTER_INST/CLK
    SLICE_X0Y102         FDRE                                         r  VGA/VERTICAL_COUNTER_INST/s_vctr_reg[3]/C
  -------------------------------------------------------------------    -------------------
    SLICE_X0Y102         FDRE (Prop_fdre_C_Q)         0.141     1.659 r  VGA/VERTICAL_COUNTER_INST/s_vctr_reg[3]/Q
                         net (fo=7, routed)           0.317     1.976    VGA/VERTICAL_COUNTER_INST/vctr[3]
    SLICE_X0Y102         LUT3 (Prop_lut3_I0_O)        0.046     2.022 r  VGA/VERTICAL_COUNTER_INST/LED_OBUF[3]_inst_i_1/O
                         net (fo=1, routed)           0.599     2.621    LED_OBUF[3]
    N14                  OBUF (Prop_obuf_I_O)         1.313     3.934 r  LED_OBUF[3]_inst/O
                         net (fo=0)                   0.000     3.934    LED[3]
    N14                                                               r  LED[3] (OUT)
  -------------------------------------------------------------------    -------------------

Slack:                    inf
  Source:                 VGA/VSYNC_GENERATOR_INST/vsync_reg_lopt_replica_2/C
                            (rising edge-triggered cell FDSE clocked by sys_clk_pin  {rise@0.000ns fall@5.000ns period=10.000ns})
  Destination:            vsync_led
                            (output port)
  Path Group:             (none)
  Path Type:              Min at Fast Process Corner
  Data Path Delay:        2.425ns  (logic 1.410ns (58.155%)  route 1.015ns (41.845%))
  Logic Levels:           1  (OBUF=1)
  Clock Uncertainty:      0.025ns  ((TSJ^2 + TIJ^2)^1/2 + DJ) / 2 + PE
    Total System Jitter     (TSJ):    0.050ns
    Total Input Jitter      (TIJ):    0.000ns
    Discrete Jitter          (DJ):    0.000ns
    Phase Error              (PE):    0.000ns

    Location             Delay type                Incr(ns)  Path(ns)    Netlist Resource(s)
  -------------------------------------------------------------------    -------------------
                         (clock sys_clk_pin rise edge)
                                                      0.000     0.000 r  
    E3                                                0.000     0.000 r  clk (IN)
                         net (fo=0)                   0.000     0.000    clk
    E3                   IBUF (Prop_ibuf_I_O)         0.250     0.250 r  clk_IBUF_inst/O
                         net (fo=1, routed)           0.644     0.894    clk_IBUF
    BUFGCTRL_X0Y16       BUFG (Prop_bufg_I_O)         0.026     0.920 r  clk_IBUF_BUFG_inst/O
                         net (fo=65, routed)          0.599     1.518    VGA/VSYNC_GENERATOR_INST/CLK
    SLICE_X0Y101         FDSE                                         r  VGA/VSYNC_GENERATOR_INST/vsync_reg_lopt_replica_2/C
  -------------------------------------------------------------------    -------------------
    SLICE_X0Y101         FDSE (Prop_fdse_C_Q)         0.141     1.659 r  VGA/VSYNC_GENERATOR_INST/vsync_reg_lopt_replica_2/Q
                         net (fo=1, routed)           1.015     2.674    lopt_1
    V11                  OBUF (Prop_obuf_I_O)         1.269     3.944 r  vsync_led_OBUF_inst/O
                         net (fo=0)                   0.000     3.944    vsync_led
    V11                                                               r  vsync_led (OUT)
  -------------------------------------------------------------------    -------------------





--------------------------------------------------------------------------------------
Path Group:  (none)
From Clock:  
  To Clock:  sys_clk_pin

Max Delay            80 Endpoints
Min Delay            80 Endpoints
--------------------------------------------------------------------------------------


Max Delay Paths
--------------------------------------------------------------------------------------
Slack:                    inf
  Source:                 SW14
                            (input port)
  Destination:            VGA/HORIZONTAL_COUNTER_INST/s_hctr_reg[2]/CE
                            (rising edge-triggered cell FDRE clocked by sys_clk_pin  {rise@0.000ns fall@5.000ns period=10.000ns})
  Path Group:             (none)
  Path Type:              Setup (Max at Slow Process Corner)
  Data Path Delay:        7.355ns  (logic 1.098ns (14.926%)  route 6.257ns (85.074%))
  Logic Levels:           2  (IBUF=1 LUT3=1)
  Clock Path Skew:        5.011ns (DCD - SCD + CPR)
    Destination Clock Delay (DCD):    5.011ns
    Source Clock Delay      (SCD):    0.000ns
    Clock Pessimism Removal (CPR):    0.000ns
  Clock Uncertainty:      0.025ns  ((TSJ^2 + TIJ^2)^1/2 + DJ) / 2 + PE
    Total System Jitter     (TSJ):    0.050ns
    Total Input Jitter      (TIJ):    0.000ns
    Discrete Jitter          (DJ):    0.000ns
    Phase Error              (PE):    0.000ns

    Location             Delay type                Incr(ns)  Path(ns)    Netlist Resource(s)
  -------------------------------------------------------------------    -------------------
    R8                                                0.000     0.000 r  SW14 (IN)
                         net (fo=0)                   0.000     0.000    SW14
    R8                   IBUF (Prop_ibuf_I_O)         0.974     0.974 r  SW14_IBUF_inst/O
                         net (fo=1, routed)           5.048     6.021    CE_generator_25MHz_inst/SW14_IBUF
    SLICE_X4Y100         LUT3 (Prop_lut3_I1_O)        0.124     6.145 r  CE_generator_25MHz_inst/s_hctr[9]_i_1/O
                         net (fo=28, routed)          1.210     7.355    VGA/HORIZONTAL_COUNTER_INST/E[0]
    SLICE_X1Y103         FDRE                                         r  VGA/HORIZONTAL_COUNTER_INST/s_hctr_reg[2]/CE
  -------------------------------------------------------------------    -------------------

                         (clock sys_clk_pin rise edge)
                                                      0.000     0.000 r  
    E3                                                0.000     0.000 r  clk (IN)
                         net (fo=0)                   0.000     0.000    clk
    E3                   IBUF (Prop_ibuf_I_O)         1.411     1.411 r  clk_IBUF_inst/O
                         net (fo=1, routed)           1.920     3.331    clk_IBUF
    BUFGCTRL_X0Y16       BUFG (Prop_bufg_I_O)         0.091     3.422 r  clk_IBUF_BUFG_inst/O
                         net (fo=65, routed)          1.589     5.011    VGA/HORIZONTAL_COUNTER_INST/CLK
    SLICE_X1Y103         FDRE                                         r  VGA/HORIZONTAL_COUNTER_INST/s_hctr_reg[2]/C

Slack:                    inf
  Source:                 SW14
                            (input port)
  Destination:            VGA/HORIZONTAL_COUNTER_INST/s_hctr_reg[3]/CE
                            (rising edge-triggered cell FDRE clocked by sys_clk_pin  {rise@0.000ns fall@5.000ns period=10.000ns})
  Path Group:             (none)
  Path Type:              Setup (Max at Slow Process Corner)
  Data Path Delay:        7.355ns  (logic 1.098ns (14.926%)  route 6.257ns (85.074%))
  Logic Levels:           2  (IBUF=1 LUT3=1)
  Clock Path Skew:        5.011ns (DCD - SCD + CPR)
    Destination Clock Delay (DCD):    5.011ns
    Source Clock Delay      (SCD):    0.000ns
    Clock Pessimism Removal (CPR):    0.000ns
  Clock Uncertainty:      0.025ns  ((TSJ^2 + TIJ^2)^1/2 + DJ) / 2 + PE
    Total System Jitter     (TSJ):    0.050ns
    Total Input Jitter      (TIJ):    0.000ns
    Discrete Jitter          (DJ):    0.000ns
    Phase Error              (PE):    0.000ns

    Location             Delay type                Incr(ns)  Path(ns)    Netlist Resource(s)
  -------------------------------------------------------------------    -------------------
    R8                                                0.000     0.000 r  SW14 (IN)
                         net (fo=0)                   0.000     0.000    SW14
    R8                   IBUF (Prop_ibuf_I_O)         0.974     0.974 r  SW14_IBUF_inst/O
                         net (fo=1, routed)           5.048     6.021    CE_generator_25MHz_inst/SW14_IBUF
    SLICE_X4Y100         LUT3 (Prop_lut3_I1_O)        0.124     6.145 r  CE_generator_25MHz_inst/s_hctr[9]_i_1/O
                         net (fo=28, routed)          1.210     7.355    VGA/HORIZONTAL_COUNTER_INST/E[0]
    SLICE_X1Y103         FDRE                                         r  VGA/HORIZONTAL_COUNTER_INST/s_hctr_reg[3]/CE
  -------------------------------------------------------------------    -------------------

                         (clock sys_clk_pin rise edge)
                                                      0.000     0.000 r  
    E3                                                0.000     0.000 r  clk (IN)
                         net (fo=0)                   0.000     0.000    clk
    E3                   IBUF (Prop_ibuf_I_O)         1.411     1.411 r  clk_IBUF_inst/O
                         net (fo=1, routed)           1.920     3.331    clk_IBUF
    BUFGCTRL_X0Y16       BUFG (Prop_bufg_I_O)         0.091     3.422 r  clk_IBUF_BUFG_inst/O
                         net (fo=65, routed)          1.589     5.011    VGA/HORIZONTAL_COUNTER_INST/CLK
    SLICE_X1Y103         FDRE                                         r  VGA/HORIZONTAL_COUNTER_INST/s_hctr_reg[3]/C

Slack:                    inf
  Source:                 SW14
                            (input port)
  Destination:            VGA/HORIZONTAL_COUNTER_INST/s_hctr_reg[5]/CE
                            (rising edge-triggered cell FDRE clocked by sys_clk_pin  {rise@0.000ns fall@5.000ns period=10.000ns})
  Path Group:             (none)
  Path Type:              Setup (Max at Slow Process Corner)
  Data Path Delay:        7.355ns  (logic 1.098ns (14.926%)  route 6.257ns (85.074%))
  Logic Levels:           2  (IBUF=1 LUT3=1)
  Clock Path Skew:        5.011ns (DCD - SCD + CPR)
    Destination Clock Delay (DCD):    5.011ns
    Source Clock Delay      (SCD):    0.000ns
    Clock Pessimism Removal (CPR):    0.000ns
  Clock Uncertainty:      0.025ns  ((TSJ^2 + TIJ^2)^1/2 + DJ) / 2 + PE
    Total System Jitter     (TSJ):    0.050ns
    Total Input Jitter      (TIJ):    0.000ns
    Discrete Jitter          (DJ):    0.000ns
    Phase Error              (PE):    0.000ns

    Location             Delay type                Incr(ns)  Path(ns)    Netlist Resource(s)
  -------------------------------------------------------------------    -------------------
    R8                                                0.000     0.000 r  SW14 (IN)
                         net (fo=0)                   0.000     0.000    SW14
    R8                   IBUF (Prop_ibuf_I_O)         0.974     0.974 r  SW14_IBUF_inst/O
                         net (fo=1, routed)           5.048     6.021    CE_generator_25MHz_inst/SW14_IBUF
    SLICE_X4Y100         LUT3 (Prop_lut3_I1_O)        0.124     6.145 r  CE_generator_25MHz_inst/s_hctr[9]_i_1/O
                         net (fo=28, routed)          1.210     7.355    VGA/HORIZONTAL_COUNTER_INST/E[0]
    SLICE_X1Y103         FDRE                                         r  VGA/HORIZONTAL_COUNTER_INST/s_hctr_reg[5]/CE
  -------------------------------------------------------------------    -------------------

                         (clock sys_clk_pin rise edge)
                                                      0.000     0.000 r  
    E3                                                0.000     0.000 r  clk (IN)
                         net (fo=0)                   0.000     0.000    clk
    E3                   IBUF (Prop_ibuf_I_O)         1.411     1.411 r  clk_IBUF_inst/O
                         net (fo=1, routed)           1.920     3.331    clk_IBUF
    BUFGCTRL_X0Y16       BUFG (Prop_bufg_I_O)         0.091     3.422 r  clk_IBUF_BUFG_inst/O
                         net (fo=65, routed)          1.589     5.011    VGA/HORIZONTAL_COUNTER_INST/CLK
    SLICE_X1Y103         FDRE                                         r  VGA/HORIZONTAL_COUNTER_INST/s_hctr_reg[5]/C

Slack:                    inf
  Source:                 SW14
                            (input port)
  Destination:            VGA/HSYNC_GENERATOR_INST/hsync_reg/CE
                            (rising edge-triggered cell FDSE clocked by sys_clk_pin  {rise@0.000ns fall@5.000ns period=10.000ns})
  Path Group:             (none)
  Path Type:              Setup (Max at Slow Process Corner)
  Data Path Delay:        7.355ns  (logic 1.098ns (14.926%)  route 6.257ns (85.074%))
  Logic Levels:           2  (IBUF=1 LUT3=1)
  Clock Path Skew:        5.011ns (DCD - SCD + CPR)
    Destination Clock Delay (DCD):    5.011ns
    Source Clock Delay      (SCD):    0.000ns
    Clock Pessimism Removal (CPR):    0.000ns
  Clock Uncertainty:      0.025ns  ((TSJ^2 + TIJ^2)^1/2 + DJ) / 2 + PE
    Total System Jitter     (TSJ):    0.050ns
    Total Input Jitter      (TIJ):    0.000ns
    Discrete Jitter          (DJ):    0.000ns
    Phase Error              (PE):    0.000ns

    Location             Delay type                Incr(ns)  Path(ns)    Netlist Resource(s)
  -------------------------------------------------------------------    -------------------
    R8                                                0.000     0.000 r  SW14 (IN)
                         net (fo=0)                   0.000     0.000    SW14
    R8                   IBUF (Prop_ibuf_I_O)         0.974     0.974 r  SW14_IBUF_inst/O
                         net (fo=1, routed)           5.048     6.021    CE_generator_25MHz_inst/SW14_IBUF
    SLICE_X4Y100         LUT3 (Prop_lut3_I1_O)        0.124     6.145 r  CE_generator_25MHz_inst/s_hctr[9]_i_1/O
                         net (fo=28, routed)          1.210     7.355    VGA/HSYNC_GENERATOR_INST/E[0]
    SLICE_X1Y103         FDSE                                         r  VGA/HSYNC_GENERATOR_INST/hsync_reg/CE
  -------------------------------------------------------------------    -------------------

                         (clock sys_clk_pin rise edge)
                                                      0.000     0.000 r  
    E3                                                0.000     0.000 r  clk (IN)
                         net (fo=0)                   0.000     0.000    clk
    E3                   IBUF (Prop_ibuf_I_O)         1.411     1.411 r  clk_IBUF_inst/O
                         net (fo=1, routed)           1.920     3.331    clk_IBUF
    BUFGCTRL_X0Y16       BUFG (Prop_bufg_I_O)         0.091     3.422 r  clk_IBUF_BUFG_inst/O
                         net (fo=65, routed)          1.589     5.011    VGA/HSYNC_GENERATOR_INST/CLK
    SLICE_X1Y103         FDSE                                         r  VGA/HSYNC_GENERATOR_INST/hsync_reg/C

Slack:                    inf
  Source:                 SW14
                            (input port)
  Destination:            VGA/HORIZONTAL_COUNTER_INST/s_hctr_reg[6]/CE
                            (rising edge-triggered cell FDRE clocked by sys_clk_pin  {rise@0.000ns fall@5.000ns period=10.000ns})
  Path Group:             (none)
  Path Type:              Setup (Max at Slow Process Corner)
  Data Path Delay:        7.299ns  (logic 1.098ns (15.041%)  route 6.201ns (84.959%))
  Logic Levels:           2  (IBUF=1 LUT3=1)
  Clock Path Skew:        5.011ns (DCD - SCD + CPR)
    Destination Clock Delay (DCD):    5.011ns
    Source Clock Delay      (SCD):    0.000ns
    Clock Pessimism Removal (CPR):    0.000ns
  Clock Uncertainty:      0.025ns  ((TSJ^2 + TIJ^2)^1/2 + DJ) / 2 + PE
    Total System Jitter     (TSJ):    0.050ns
    Total Input Jitter      (TIJ):    0.000ns
    Discrete Jitter          (DJ):    0.000ns
    Phase Error              (PE):    0.000ns

    Location             Delay type                Incr(ns)  Path(ns)    Netlist Resource(s)
  -------------------------------------------------------------------    -------------------
    R8                                                0.000     0.000 r  SW14 (IN)
                         net (fo=0)                   0.000     0.000    SW14
    R8                   IBUF (Prop_ibuf_I_O)         0.974     0.974 r  SW14_IBUF_inst/O
                         net (fo=1, routed)           5.048     6.021    CE_generator_25MHz_inst/SW14_IBUF
    SLICE_X4Y100         LUT3 (Prop_lut3_I1_O)        0.124     6.145 r  CE_generator_25MHz_inst/s_hctr[9]_i_1/O
                         net (fo=28, routed)          1.153     7.299    VGA/HORIZONTAL_COUNTER_INST/E[0]
    SLICE_X3Y103         FDRE                                         r  VGA/HORIZONTAL_COUNTER_INST/s_hctr_reg[6]/CE
  -------------------------------------------------------------------    -------------------

                         (clock sys_clk_pin rise edge)
                                                      0.000     0.000 r  
    E3                                                0.000     0.000 r  clk (IN)
                         net (fo=0)                   0.000     0.000    clk
    E3                   IBUF (Prop_ibuf_I_O)         1.411     1.411 r  clk_IBUF_inst/O
                         net (fo=1, routed)           1.920     3.331    clk_IBUF
    BUFGCTRL_X0Y16       BUFG (Prop_bufg_I_O)         0.091     3.422 r  clk_IBUF_BUFG_inst/O
                         net (fo=65, routed)          1.589     5.011    VGA/HORIZONTAL_COUNTER_INST/CLK
    SLICE_X3Y103         FDRE                                         r  VGA/HORIZONTAL_COUNTER_INST/s_hctr_reg[6]/C

Slack:                    inf
  Source:                 SW14
                            (input port)
  Destination:            VGA/HORIZONTAL_COUNTER_INST/s_hctr_reg[7]/CE
                            (rising edge-triggered cell FDRE clocked by sys_clk_pin  {rise@0.000ns fall@5.000ns period=10.000ns})
  Path Group:             (none)
  Path Type:              Setup (Max at Slow Process Corner)
  Data Path Delay:        7.299ns  (logic 1.098ns (15.041%)  route 6.201ns (84.959%))
  Logic Levels:           2  (IBUF=1 LUT3=1)
  Clock Path Skew:        5.011ns (DCD - SCD + CPR)
    Destination Clock Delay (DCD):    5.011ns
    Source Clock Delay      (SCD):    0.000ns
    Clock Pessimism Removal (CPR):    0.000ns
  Clock Uncertainty:      0.025ns  ((TSJ^2 + TIJ^2)^1/2 + DJ) / 2 + PE
    Total System Jitter     (TSJ):    0.050ns
    Total Input Jitter      (TIJ):    0.000ns
    Discrete Jitter          (DJ):    0.000ns
    Phase Error              (PE):    0.000ns

    Location             Delay type                Incr(ns)  Path(ns)    Netlist Resource(s)
  -------------------------------------------------------------------    -------------------
    R8                                                0.000     0.000 r  SW14 (IN)
                         net (fo=0)                   0.000     0.000    SW14
    R8                   IBUF (Prop_ibuf_I_O)         0.974     0.974 r  SW14_IBUF_inst/O
                         net (fo=1, routed)           5.048     6.021    CE_generator_25MHz_inst/SW14_IBUF
    SLICE_X4Y100         LUT3 (Prop_lut3_I1_O)        0.124     6.145 r  CE_generator_25MHz_inst/s_hctr[9]_i_1/O
                         net (fo=28, routed)          1.153     7.299    VGA/HORIZONTAL_COUNTER_INST/E[0]
    SLICE_X3Y103         FDRE                                         r  VGA/HORIZONTAL_COUNTER_INST/s_hctr_reg[7]/CE
  -------------------------------------------------------------------    -------------------

                         (clock sys_clk_pin rise edge)
                                                      0.000     0.000 r  
    E3                                                0.000     0.000 r  clk (IN)
                         net (fo=0)                   0.000     0.000    clk
    E3                   IBUF (Prop_ibuf_I_O)         1.411     1.411 r  clk_IBUF_inst/O
                         net (fo=1, routed)           1.920     3.331    clk_IBUF
    BUFGCTRL_X0Y16       BUFG (Prop_bufg_I_O)         0.091     3.422 r  clk_IBUF_BUFG_inst/O
                         net (fo=65, routed)          1.589     5.011    VGA/HORIZONTAL_COUNTER_INST/CLK
    SLICE_X3Y103         FDRE                                         r  VGA/HORIZONTAL_COUNTER_INST/s_hctr_reg[7]/C

Slack:                    inf
  Source:                 SW14
                            (input port)
  Destination:            VGA/HORIZONTAL_COUNTER_INST/s_hctr_reg[0]/CE
                            (rising edge-triggered cell FDRE clocked by sys_clk_pin  {rise@0.000ns fall@5.000ns period=10.000ns})
  Path Group:             (none)
  Path Type:              Setup (Max at Slow Process Corner)
  Data Path Delay:        7.177ns  (logic 1.098ns (15.295%)  route 6.079ns (84.705%))
  Logic Levels:           2  (IBUF=1 LUT3=1)
  Clock Path Skew:        5.011ns (DCD - SCD + CPR)
    Destination Clock Delay (DCD):    5.011ns
    Source Clock Delay      (SCD):    0.000ns
    Clock Pessimism Removal (CPR):    0.000ns
  Clock Uncertainty:      0.025ns  ((TSJ^2 + TIJ^2)^1/2 + DJ) / 2 + PE
    Total System Jitter     (TSJ):    0.050ns
    Total Input Jitter      (TIJ):    0.000ns
    Discrete Jitter          (DJ):    0.000ns
    Phase Error              (PE):    0.000ns

    Location             Delay type                Incr(ns)  Path(ns)    Netlist Resource(s)
  -------------------------------------------------------------------    -------------------
    R8                                                0.000     0.000 r  SW14 (IN)
                         net (fo=0)                   0.000     0.000    SW14
    R8                   IBUF (Prop_ibuf_I_O)         0.974     0.974 r  SW14_IBUF_inst/O
                         net (fo=1, routed)           5.048     6.021    CE_generator_25MHz_inst/SW14_IBUF
    SLICE_X4Y100         LUT3 (Prop_lut3_I1_O)        0.124     6.145 r  CE_generator_25MHz_inst/s_hctr[9]_i_1/O
                         net (fo=28, routed)          1.032     7.177    VGA/HORIZONTAL_COUNTER_INST/E[0]
    SLICE_X0Y104         FDRE                                         r  VGA/HORIZONTAL_COUNTER_INST/s_hctr_reg[0]/CE
  -------------------------------------------------------------------    -------------------

                         (clock sys_clk_pin rise edge)
                                                      0.000     0.000 r  
    E3                                                0.000     0.000 r  clk (IN)
                         net (fo=0)                   0.000     0.000    clk
    E3                   IBUF (Prop_ibuf_I_O)         1.411     1.411 r  clk_IBUF_inst/O
                         net (fo=1, routed)           1.920     3.331    clk_IBUF
    BUFGCTRL_X0Y16       BUFG (Prop_bufg_I_O)         0.091     3.422 r  clk_IBUF_BUFG_inst/O
                         net (fo=65, routed)          1.589     5.011    VGA/HORIZONTAL_COUNTER_INST/CLK
    SLICE_X0Y104         FDRE                                         r  VGA/HORIZONTAL_COUNTER_INST/s_hctr_reg[0]/C

Slack:                    inf
  Source:                 SW14
                            (input port)
  Destination:            VGA/HORIZONTAL_COUNTER_INST/s_hctr_reg[1]/CE
                            (rising edge-triggered cell FDRE clocked by sys_clk_pin  {rise@0.000ns fall@5.000ns period=10.000ns})
  Path Group:             (none)
  Path Type:              Setup (Max at Slow Process Corner)
  Data Path Delay:        7.177ns  (logic 1.098ns (15.295%)  route 6.079ns (84.705%))
  Logic Levels:           2  (IBUF=1 LUT3=1)
  Clock Path Skew:        5.011ns (DCD - SCD + CPR)
    Destination Clock Delay (DCD):    5.011ns
    Source Clock Delay      (SCD):    0.000ns
    Clock Pessimism Removal (CPR):    0.000ns
  Clock Uncertainty:      0.025ns  ((TSJ^2 + TIJ^2)^1/2 + DJ) / 2 + PE
    Total System Jitter     (TSJ):    0.050ns
    Total Input Jitter      (TIJ):    0.000ns
    Discrete Jitter          (DJ):    0.000ns
    Phase Error              (PE):    0.000ns

    Location             Delay type                Incr(ns)  Path(ns)    Netlist Resource(s)
  -------------------------------------------------------------------    -------------------
    R8                                                0.000     0.000 r  SW14 (IN)
                         net (fo=0)                   0.000     0.000    SW14
    R8                   IBUF (Prop_ibuf_I_O)         0.974     0.974 r  SW14_IBUF_inst/O
                         net (fo=1, routed)           5.048     6.021    CE_generator_25MHz_inst/SW14_IBUF
    SLICE_X4Y100         LUT3 (Prop_lut3_I1_O)        0.124     6.145 r  CE_generator_25MHz_inst/s_hctr[9]_i_1/O
                         net (fo=28, routed)          1.032     7.177    VGA/HORIZONTAL_COUNTER_INST/E[0]
    SLICE_X0Y104         FDRE                                         r  VGA/HORIZONTAL_COUNTER_INST/s_hctr_reg[1]/CE
  -------------------------------------------------------------------    -------------------

                         (clock sys_clk_pin rise edge)
                                                      0.000     0.000 r  
    E3                                                0.000     0.000 r  clk (IN)
                         net (fo=0)                   0.000     0.000    clk
    E3                   IBUF (Prop_ibuf_I_O)         1.411     1.411 r  clk_IBUF_inst/O
                         net (fo=1, routed)           1.920     3.331    clk_IBUF
    BUFGCTRL_X0Y16       BUFG (Prop_bufg_I_O)         0.091     3.422 r  clk_IBUF_BUFG_inst/O
                         net (fo=65, routed)          1.589     5.011    VGA/HORIZONTAL_COUNTER_INST/CLK
    SLICE_X0Y104         FDRE                                         r  VGA/HORIZONTAL_COUNTER_INST/s_hctr_reg[1]/C

Slack:                    inf
  Source:                 SW14
                            (input port)
  Destination:            VGA/HORIZONTAL_COUNTER_INST/s_hctr_reg[4]/CE
                            (rising edge-triggered cell FDRE clocked by sys_clk_pin  {rise@0.000ns fall@5.000ns period=10.000ns})
  Path Group:             (none)
  Path Type:              Setup (Max at Slow Process Corner)
  Data Path Delay:        7.166ns  (logic 1.098ns (15.320%)  route 6.068ns (84.680%))
  Logic Levels:           2  (IBUF=1 LUT3=1)
  Clock Path Skew:        5.011ns (DCD - SCD + CPR)
    Destination Clock Delay (DCD):    5.011ns
    Source Clock Delay      (SCD):    0.000ns
    Clock Pessimism Removal (CPR):    0.000ns
  Clock Uncertainty:      0.025ns  ((TSJ^2 + TIJ^2)^1/2 + DJ) / 2 + PE
    Total System Jitter     (TSJ):    0.050ns
    Total Input Jitter      (TIJ):    0.000ns
    Discrete Jitter          (DJ):    0.000ns
    Phase Error              (PE):    0.000ns

    Location             Delay type                Incr(ns)  Path(ns)    Netlist Resource(s)
  -------------------------------------------------------------------    -------------------
    R8                                                0.000     0.000 r  SW14 (IN)
                         net (fo=0)                   0.000     0.000    SW14
    R8                   IBUF (Prop_ibuf_I_O)         0.974     0.974 r  SW14_IBUF_inst/O
                         net (fo=1, routed)           5.048     6.021    CE_generator_25MHz_inst/SW14_IBUF
    SLICE_X4Y100         LUT3 (Prop_lut3_I1_O)        0.124     6.145 r  CE_generator_25MHz_inst/s_hctr[9]_i_1/O
                         net (fo=28, routed)          1.020     7.166    VGA/HORIZONTAL_COUNTER_INST/E[0]
    SLICE_X0Y103         FDRE                                         r  VGA/HORIZONTAL_COUNTER_INST/s_hctr_reg[4]/CE
  -------------------------------------------------------------------    -------------------

                         (clock sys_clk_pin rise edge)
                                                      0.000     0.000 r  
    E3                                                0.000     0.000 r  clk (IN)
                         net (fo=0)                   0.000     0.000    clk
    E3                   IBUF (Prop_ibuf_I_O)         1.411     1.411 r  clk_IBUF_inst/O
                         net (fo=1, routed)           1.920     3.331    clk_IBUF
    BUFGCTRL_X0Y16       BUFG (Prop_bufg_I_O)         0.091     3.422 r  clk_IBUF_BUFG_inst/O
                         net (fo=65, routed)          1.589     5.011    VGA/HORIZONTAL_COUNTER_INST/CLK
    SLICE_X0Y103         FDRE                                         r  VGA/HORIZONTAL_COUNTER_INST/s_hctr_reg[4]/C

Slack:                    inf
  Source:                 SW14
                            (input port)
  Destination:            VGA/HSYNC_GENERATOR_INST/hsync_reg_lopt_replica/CE
                            (rising edge-triggered cell FDSE clocked by sys_clk_pin  {rise@0.000ns fall@5.000ns period=10.000ns})
  Path Group:             (none)
  Path Type:              Setup (Max at Slow Process Corner)
  Data Path Delay:        7.166ns  (logic 1.098ns (15.320%)  route 6.068ns (84.680%))
  Logic Levels:           2  (IBUF=1 LUT3=1)
  Clock Path Skew:        5.011ns (DCD - SCD + CPR)
    Destination Clock Delay (DCD):    5.011ns
    Source Clock Delay      (SCD):    0.000ns
    Clock Pessimism Removal (CPR):    0.000ns
  Clock Uncertainty:      0.025ns  ((TSJ^2 + TIJ^2)^1/2 + DJ) / 2 + PE
    Total System Jitter     (TSJ):    0.050ns
    Total Input Jitter      (TIJ):    0.000ns
    Discrete Jitter          (DJ):    0.000ns
    Phase Error              (PE):    0.000ns

    Location             Delay type                Incr(ns)  Path(ns)    Netlist Resource(s)
  -------------------------------------------------------------------    -------------------
    R8                                                0.000     0.000 r  SW14 (IN)
                         net (fo=0)                   0.000     0.000    SW14
    R8                   IBUF (Prop_ibuf_I_O)         0.974     0.974 r  SW14_IBUF_inst/O
                         net (fo=1, routed)           5.048     6.021    CE_generator_25MHz_inst/SW14_IBUF
    SLICE_X4Y100         LUT3 (Prop_lut3_I1_O)        0.124     6.145 r  CE_generator_25MHz_inst/s_hctr[9]_i_1/O
                         net (fo=28, routed)          1.020     7.166    VGA/HSYNC_GENERATOR_INST/E[0]
    SLICE_X0Y103         FDSE                                         r  VGA/HSYNC_GENERATOR_INST/hsync_reg_lopt_replica/CE
  -------------------------------------------------------------------    -------------------

                         (clock sys_clk_pin rise edge)
                                                      0.000     0.000 r  
    E3                                                0.000     0.000 r  clk (IN)
                         net (fo=0)                   0.000     0.000    clk
    E3                   IBUF (Prop_ibuf_I_O)         1.411     1.411 r  clk_IBUF_inst/O
                         net (fo=1, routed)           1.920     3.331    clk_IBUF
    BUFGCTRL_X0Y16       BUFG (Prop_bufg_I_O)         0.091     3.422 r  clk_IBUF_BUFG_inst/O
                         net (fo=65, routed)          1.589     5.011    VGA/HSYNC_GENERATOR_INST/CLK
    SLICE_X0Y103         FDSE                                         r  VGA/HSYNC_GENERATOR_INST/hsync_reg_lopt_replica/C





Min Delay Paths
--------------------------------------------------------------------------------------
Slack:                    inf
  Source:                 SW[0]
                            (input port)
  Destination:            VGA/RGB_GENERATOR_INST/blue_reg[0]/D
                            (rising edge-triggered cell FDRE clocked by sys_clk_pin  {rise@0.000ns fall@5.000ns period=10.000ns})
  Path Group:             (none)
  Path Type:              Hold (Min at Fast Process Corner)
  Data Path Delay:        0.725ns  (logic 0.290ns (40.034%)  route 0.435ns (59.966%))
  Logic Levels:           2  (IBUF=1 LUT6=1)
  Clock Path Skew:        2.034ns (DCD - SCD - CPR)
    Destination Clock Delay (DCD):    2.034ns
    Source Clock Delay      (SCD):    0.000ns
    Clock Pessimism Removal (CPR):    -0.000ns

    Location             Delay type                Incr(ns)  Path(ns)    Netlist Resource(s)
  -------------------------------------------------------------------    -------------------
    J15                                               0.000     0.000 r  SW[0] (IN)
                         net (fo=0)                   0.000     0.000    SW[0]
    J15                  IBUF (Prop_ibuf_I_O)         0.245     0.245 r  SW_IBUF[0]_inst/O
                         net (fo=1, routed)           0.435     0.680    VGA/HORIZONTAL_COUNTER_INST/SW_IBUF[0]
    SLICE_X4Y101         LUT6 (Prop_lut6_I4_O)        0.045     0.725 r  VGA/HORIZONTAL_COUNTER_INST/blue[0]_i_1/O
                         net (fo=1, routed)           0.000     0.725    VGA/RGB_GENERATOR_INST/blue_reg[3]_1[0]
    SLICE_X4Y101         FDRE                                         r  VGA/RGB_GENERATOR_INST/blue_reg[0]/D
  -------------------------------------------------------------------    -------------------

                         (clock sys_clk_pin rise edge)
                                                      0.000     0.000 r  
    E3                                                0.000     0.000 r  clk (IN)
                         net (fo=0)                   0.000     0.000    clk
    E3                   IBUF (Prop_ibuf_I_O)         0.438     0.438 r  clk_IBUF_inst/O
                         net (fo=1, routed)           0.699     1.136    clk_IBUF
    BUFGCTRL_X0Y16       BUFG (Prop_bufg_I_O)         0.029     1.165 r  clk_IBUF_BUFG_inst/O
                         net (fo=65, routed)          0.868     2.034    VGA/RGB_GENERATOR_INST/CLK
    SLICE_X4Y101         FDRE                                         r  VGA/RGB_GENERATOR_INST/blue_reg[0]/C

Slack:                    inf
  Source:                 SW[1]
                            (input port)
  Destination:            VGA/RGB_GENERATOR_INST/blue_reg[1]/D
                            (rising edge-triggered cell FDRE clocked by sys_clk_pin  {rise@0.000ns fall@5.000ns period=10.000ns})
  Path Group:             (none)
  Path Type:              Hold (Min at Fast Process Corner)
  Data Path Delay:        0.816ns  (logic 0.292ns (35.847%)  route 0.523ns (64.153%))
  Logic Levels:           2  (IBUF=1 LUT6=1)
  Clock Path Skew:        2.034ns (DCD - SCD - CPR)
    Destination Clock Delay (DCD):    2.034ns
    Source Clock Delay      (SCD):    0.000ns
    Clock Pessimism Removal (CPR):    -0.000ns

    Location             Delay type                Incr(ns)  Path(ns)    Netlist Resource(s)
  -------------------------------------------------------------------    -------------------
    L16                                               0.000     0.000 r  SW[1] (IN)
                         net (fo=0)                   0.000     0.000    SW[1]
    L16                  IBUF (Prop_ibuf_I_O)         0.247     0.247 r  SW_IBUF[1]_inst/O
                         net (fo=1, routed)           0.523     0.771    VGA/HORIZONTAL_COUNTER_INST/SW_IBUF[1]
    SLICE_X4Y102         LUT6 (Prop_lut6_I4_O)        0.045     0.816 r  VGA/HORIZONTAL_COUNTER_INST/blue[1]_i_1/O
                         net (fo=1, routed)           0.000     0.816    VGA/RGB_GENERATOR_INST/blue_reg[3]_1[1]
    SLICE_X4Y102         FDRE                                         r  VGA/RGB_GENERATOR_INST/blue_reg[1]/D
  -------------------------------------------------------------------    -------------------

                         (clock sys_clk_pin rise edge)
                                                      0.000     0.000 r  
    E3                                                0.000     0.000 r  clk (IN)
                         net (fo=0)                   0.000     0.000    clk
    E3                   IBUF (Prop_ibuf_I_O)         0.438     0.438 r  clk_IBUF_inst/O
                         net (fo=1, routed)           0.699     1.136    clk_IBUF
    BUFGCTRL_X0Y16       BUFG (Prop_bufg_I_O)         0.029     1.165 r  clk_IBUF_BUFG_inst/O
                         net (fo=65, routed)          0.868     2.034    VGA/RGB_GENERATOR_INST/CLK
    SLICE_X4Y102         FDRE                                         r  VGA/RGB_GENERATOR_INST/blue_reg[1]/C

Slack:                    inf
  Source:                 SW[2]
                            (input port)
  Destination:            VGA/RGB_GENERATOR_INST/blue_reg[2]/D
                            (rising edge-triggered cell FDRE clocked by sys_clk_pin  {rise@0.000ns fall@5.000ns period=10.000ns})
  Path Group:             (none)
  Path Type:              Hold (Min at Fast Process Corner)
  Data Path Delay:        0.844ns  (logic 0.298ns (35.281%)  route 0.547ns (64.719%))
  Logic Levels:           2  (IBUF=1 LUT6=1)
  Clock Path Skew:        2.034ns (DCD - SCD - CPR)
    Destination Clock Delay (DCD):    2.034ns
    Source Clock Delay      (SCD):    0.000ns
    Clock Pessimism Removal (CPR):    -0.000ns

    Location             Delay type                Incr(ns)  Path(ns)    Netlist Resource(s)
  -------------------------------------------------------------------    -------------------
    M13                                               0.000     0.000 r  SW[2] (IN)
                         net (fo=0)                   0.000     0.000    SW[2]
    M13                  IBUF (Prop_ibuf_I_O)         0.253     0.253 r  SW_IBUF[2]_inst/O
                         net (fo=1, routed)           0.547     0.799    VGA/HORIZONTAL_COUNTER_INST/SW_IBUF[2]
    SLICE_X5Y101         LUT6 (Prop_lut6_I4_O)        0.045     0.844 r  VGA/HORIZONTAL_COUNTER_INST/blue[2]_i_1/O
                         net (fo=1, routed)           0.000     0.844    VGA/RGB_GENERATOR_INST/blue_reg[3]_1[2]
    SLICE_X5Y101         FDRE                                         r  VGA/RGB_GENERATOR_INST/blue_reg[2]/D
  -------------------------------------------------------------------    -------------------

                         (clock sys_clk_pin rise edge)
                                                      0.000     0.000 r  
    E3                                                0.000     0.000 r  clk (IN)
                         net (fo=0)                   0.000     0.000    clk
    E3                   IBUF (Prop_ibuf_I_O)         0.438     0.438 r  clk_IBUF_inst/O
                         net (fo=1, routed)           0.699     1.136    clk_IBUF
    BUFGCTRL_X0Y16       BUFG (Prop_bufg_I_O)         0.029     1.165 r  clk_IBUF_BUFG_inst/O
                         net (fo=65, routed)          0.868     2.034    VGA/RGB_GENERATOR_INST/CLK
    SLICE_X5Y101         FDRE                                         r  VGA/RGB_GENERATOR_INST/blue_reg[2]/C

Slack:                    inf
  Source:                 SW[7]
                            (input port)
  Destination:            VGA/RGB_GENERATOR_INST/green_reg[3]/D
                            (rising edge-triggered cell FDRE clocked by sys_clk_pin  {rise@0.000ns fall@5.000ns period=10.000ns})
  Path Group:             (none)
  Path Type:              Hold (Min at Fast Process Corner)
  Data Path Delay:        0.901ns  (logic 0.320ns (35.563%)  route 0.581ns (64.437%))
  Logic Levels:           2  (IBUF=1 LUT6=1)
  Clock Path Skew:        2.034ns (DCD - SCD - CPR)
    Destination Clock Delay (DCD):    2.034ns
    Source Clock Delay      (SCD):    0.000ns
    Clock Pessimism Removal (CPR):    -0.000ns

    Location             Delay type                Incr(ns)  Path(ns)    Netlist Resource(s)
  -------------------------------------------------------------------    -------------------
    R13                                               0.000     0.000 r  SW[7] (IN)
                         net (fo=0)                   0.000     0.000    SW[7]
    R13                  IBUF (Prop_ibuf_I_O)         0.275     0.275 r  SW_IBUF[7]_inst/O
                         net (fo=1, routed)           0.581     0.856    VGA/HORIZONTAL_COUNTER_INST/SW_IBUF[7]
    SLICE_X5Y101         LUT6 (Prop_lut6_I4_O)        0.045     0.901 r  VGA/HORIZONTAL_COUNTER_INST/green[3]_i_1/O
                         net (fo=1, routed)           0.000     0.901    VGA/RGB_GENERATOR_INST/green_reg[3]_1[3]
    SLICE_X5Y101         FDRE                                         r  VGA/RGB_GENERATOR_INST/green_reg[3]/D
  -------------------------------------------------------------------    -------------------

                         (clock sys_clk_pin rise edge)
                                                      0.000     0.000 r  
    E3                                                0.000     0.000 r  clk (IN)
                         net (fo=0)                   0.000     0.000    clk
    E3                   IBUF (Prop_ibuf_I_O)         0.438     0.438 r  clk_IBUF_inst/O
                         net (fo=1, routed)           0.699     1.136    clk_IBUF
    BUFGCTRL_X0Y16       BUFG (Prop_bufg_I_O)         0.029     1.165 r  clk_IBUF_BUFG_inst/O
                         net (fo=65, routed)          0.868     2.034    VGA/RGB_GENERATOR_INST/CLK
    SLICE_X5Y101         FDRE                                         r  VGA/RGB_GENERATOR_INST/green_reg[3]/C

Slack:                    inf
  Source:                 SW[5]
                            (input port)
  Destination:            VGA/RGB_GENERATOR_INST/green_reg[1]/D
                            (rising edge-triggered cell FDRE clocked by sys_clk_pin  {rise@0.000ns fall@5.000ns period=10.000ns})
  Path Group:             (none)
  Path Type:              Hold (Min at Fast Process Corner)
  Data Path Delay:        0.926ns  (logic 0.310ns (33.489%)  route 0.616ns (66.511%))
  Logic Levels:           2  (IBUF=1 LUT6=1)
  Clock Path Skew:        2.034ns (DCD - SCD - CPR)
    Destination Clock Delay (DCD):    2.034ns
    Source Clock Delay      (SCD):    0.000ns
    Clock Pessimism Removal (CPR):    -0.000ns

    Location             Delay type                Incr(ns)  Path(ns)    Netlist Resource(s)
  -------------------------------------------------------------------    -------------------
    T18                                               0.000     0.000 r  SW[5] (IN)
                         net (fo=0)                   0.000     0.000    SW[5]
    T18                  IBUF (Prop_ibuf_I_O)         0.265     0.265 r  SW_IBUF[5]_inst/O
                         net (fo=1, routed)           0.616     0.881    VGA/HORIZONTAL_COUNTER_INST/SW_IBUF[5]
    SLICE_X5Y101         LUT6 (Prop_lut6_I4_O)        0.045     0.926 r  VGA/HORIZONTAL_COUNTER_INST/green[1]_i_1/O
                         net (fo=1, routed)           0.000     0.926    VGA/RGB_GENERATOR_INST/green_reg[3]_1[1]
    SLICE_X5Y101         FDRE                                         r  VGA/RGB_GENERATOR_INST/green_reg[1]/D
  -------------------------------------------------------------------    -------------------

                         (clock sys_clk_pin rise edge)
                                                      0.000     0.000 r  
    E3                                                0.000     0.000 r  clk (IN)
                         net (fo=0)                   0.000     0.000    clk
    E3                   IBUF (Prop_ibuf_I_O)         0.438     0.438 r  clk_IBUF_inst/O
                         net (fo=1, routed)           0.699     1.136    clk_IBUF
    BUFGCTRL_X0Y16       BUFG (Prop_bufg_I_O)         0.029     1.165 r  clk_IBUF_BUFG_inst/O
                         net (fo=65, routed)          0.868     2.034    VGA/RGB_GENERATOR_INST/CLK
    SLICE_X5Y101         FDRE                                         r  VGA/RGB_GENERATOR_INST/green_reg[1]/C

Slack:                    inf
  Source:                 SW[3]
                            (input port)
  Destination:            VGA/RGB_GENERATOR_INST/blue_reg[3]/D
                            (rising edge-triggered cell FDRE clocked by sys_clk_pin  {rise@0.000ns fall@5.000ns period=10.000ns})
  Path Group:             (none)
  Path Type:              Hold (Min at Fast Process Corner)
  Data Path Delay:        0.964ns  (logic 0.290ns (30.089%)  route 0.674ns (69.911%))
  Logic Levels:           2  (IBUF=1 LUT6=1)
  Clock Path Skew:        2.034ns (DCD - SCD - CPR)
    Destination Clock Delay (DCD):    2.034ns
    Source Clock Delay      (SCD):    0.000ns
    Clock Pessimism Removal (CPR):    -0.000ns

    Location             Delay type                Incr(ns)  Path(ns)    Netlist Resource(s)
  -------------------------------------------------------------------    -------------------
    R15                                               0.000     0.000 r  SW[3] (IN)
                         net (fo=0)                   0.000     0.000    SW[3]
    R15                  IBUF (Prop_ibuf_I_O)         0.245     0.245 r  SW_IBUF[3]_inst/O
                         net (fo=1, routed)           0.674     0.919    VGA/HORIZONTAL_COUNTER_INST/SW_IBUF[3]
    SLICE_X4Y102         LUT6 (Prop_lut6_I4_O)        0.045     0.964 r  VGA/HORIZONTAL_COUNTER_INST/blue[3]_i_1/O
                         net (fo=1, routed)           0.000     0.964    VGA/RGB_GENERATOR_INST/blue_reg[3]_1[3]
    SLICE_X4Y102         FDRE                                         r  VGA/RGB_GENERATOR_INST/blue_reg[3]/D
  -------------------------------------------------------------------    -------------------

                         (clock sys_clk_pin rise edge)
                                                      0.000     0.000 r  
    E3                                                0.000     0.000 r  clk (IN)
                         net (fo=0)                   0.000     0.000    clk
    E3                   IBUF (Prop_ibuf_I_O)         0.438     0.438 r  clk_IBUF_inst/O
                         net (fo=1, routed)           0.699     1.136    clk_IBUF
    BUFGCTRL_X0Y16       BUFG (Prop_bufg_I_O)         0.029     1.165 r  clk_IBUF_BUFG_inst/O
                         net (fo=65, routed)          0.868     2.034    VGA/RGB_GENERATOR_INST/CLK
    SLICE_X4Y102         FDRE                                         r  VGA/RGB_GENERATOR_INST/blue_reg[3]/C

Slack:                    inf
  Source:                 SW[4]
                            (input port)
  Destination:            VGA/RGB_GENERATOR_INST/green_reg[0]/D
                            (rising edge-triggered cell FDRE clocked by sys_clk_pin  {rise@0.000ns fall@5.000ns period=10.000ns})
  Path Group:             (none)
  Path Type:              Hold (Min at Fast Process Corner)
  Data Path Delay:        1.052ns  (logic 0.305ns (29.014%)  route 0.747ns (70.986%))
  Logic Levels:           2  (IBUF=1 LUT6=1)
  Clock Path Skew:        2.034ns (DCD - SCD - CPR)
    Destination Clock Delay (DCD):    2.034ns
    Source Clock Delay      (SCD):    0.000ns
    Clock Pessimism Removal (CPR):    -0.000ns

    Location             Delay type                Incr(ns)  Path(ns)    Netlist Resource(s)
  -------------------------------------------------------------------    -------------------
    R17                                               0.000     0.000 r  SW[4] (IN)
                         net (fo=0)                   0.000     0.000    SW[4]
    R17                  IBUF (Prop_ibuf_I_O)         0.260     0.260 r  SW_IBUF[4]_inst/O
                         net (fo=1, routed)           0.747     1.007    VGA/HORIZONTAL_COUNTER_INST/SW_IBUF[4]
    SLICE_X4Y102         LUT6 (Prop_lut6_I4_O)        0.045     1.052 r  VGA/HORIZONTAL_COUNTER_INST/green[0]_i_1/O
                         net (fo=1, routed)           0.000     1.052    VGA/RGB_GENERATOR_INST/green_reg[3]_1[0]
    SLICE_X4Y102         FDRE                                         r  VGA/RGB_GENERATOR_INST/green_reg[0]/D
  -------------------------------------------------------------------    -------------------

                         (clock sys_clk_pin rise edge)
                                                      0.000     0.000 r  
    E3                                                0.000     0.000 r  clk (IN)
                         net (fo=0)                   0.000     0.000    clk
    E3                   IBUF (Prop_ibuf_I_O)         0.438     0.438 r  clk_IBUF_inst/O
                         net (fo=1, routed)           0.699     1.136    clk_IBUF
    BUFGCTRL_X0Y16       BUFG (Prop_bufg_I_O)         0.029     1.165 r  clk_IBUF_BUFG_inst/O
                         net (fo=65, routed)          0.868     2.034    VGA/RGB_GENERATOR_INST/CLK
    SLICE_X4Y102         FDRE                                         r  VGA/RGB_GENERATOR_INST/green_reg[0]/C

Slack:                    inf
  Source:                 SW[10]
                            (input port)
  Destination:            VGA/RGB_GENERATOR_INST/red_reg[2]/D
                            (rising edge-triggered cell FDRE clocked by sys_clk_pin  {rise@0.000ns fall@5.000ns period=10.000ns})
  Path Group:             (none)
  Path Type:              Hold (Min at Fast Process Corner)
  Data Path Delay:        1.133ns  (logic 0.295ns (26.040%)  route 0.838ns (73.960%))
  Logic Levels:           2  (IBUF=1 LUT6=1)
  Clock Path Skew:        2.034ns (DCD - SCD - CPR)
    Destination Clock Delay (DCD):    2.034ns
    Source Clock Delay      (SCD):    0.000ns
    Clock Pessimism Removal (CPR):    -0.000ns

    Location             Delay type                Incr(ns)  Path(ns)    Netlist Resource(s)
  -------------------------------------------------------------------    -------------------
    R16                                               0.000     0.000 r  SW[10] (IN)
                         net (fo=0)                   0.000     0.000    SW[10]
    R16                  IBUF (Prop_ibuf_I_O)         0.250     0.250 r  SW_IBUF[10]_inst/O
                         net (fo=1, routed)           0.838     1.088    VGA/HORIZONTAL_COUNTER_INST/SW_IBUF[10]
    SLICE_X4Y101         LUT6 (Prop_lut6_I4_O)        0.045     1.133 r  VGA/HORIZONTAL_COUNTER_INST/red[2]_i_1/O
                         net (fo=1, routed)           0.000     1.133    VGA/RGB_GENERATOR_INST/D[2]
    SLICE_X4Y101         FDRE                                         r  VGA/RGB_GENERATOR_INST/red_reg[2]/D
  -------------------------------------------------------------------    -------------------

                         (clock sys_clk_pin rise edge)
                                                      0.000     0.000 r  
    E3                                                0.000     0.000 r  clk (IN)
                         net (fo=0)                   0.000     0.000    clk
    E3                   IBUF (Prop_ibuf_I_O)         0.438     0.438 r  clk_IBUF_inst/O
                         net (fo=1, routed)           0.699     1.136    clk_IBUF
    BUFGCTRL_X0Y16       BUFG (Prop_bufg_I_O)         0.029     1.165 r  clk_IBUF_BUFG_inst/O
                         net (fo=65, routed)          0.868     2.034    VGA/RGB_GENERATOR_INST/CLK
    SLICE_X4Y101         FDRE                                         r  VGA/RGB_GENERATOR_INST/red_reg[2]/C

Slack:                    inf
  Source:                 SW[6]
                            (input port)
  Destination:            VGA/RGB_GENERATOR_INST/green_reg[2]/D
                            (rising edge-triggered cell FDRE clocked by sys_clk_pin  {rise@0.000ns fall@5.000ns period=10.000ns})
  Path Group:             (none)
  Path Type:              Hold (Min at Fast Process Corner)
  Data Path Delay:        1.227ns  (logic 0.307ns (24.997%)  route 0.921ns (75.003%))
  Logic Levels:           2  (IBUF=1 LUT6=1)
  Clock Path Skew:        2.037ns (DCD - SCD - CPR)
    Destination Clock Delay (DCD):    2.037ns
    Source Clock Delay      (SCD):    0.000ns
    Clock Pessimism Removal (CPR):    -0.000ns

    Location             Delay type                Incr(ns)  Path(ns)    Netlist Resource(s)
  -------------------------------------------------------------------    -------------------
    U18                                               0.000     0.000 r  SW[6] (IN)
                         net (fo=0)                   0.000     0.000    SW[6]
    U18                  IBUF (Prop_ibuf_I_O)         0.262     0.262 r  SW_IBUF[6]_inst/O
                         net (fo=1, routed)           0.921     1.182    VGA/HORIZONTAL_COUNTER_INST/SW_IBUF[6]
    SLICE_X1Y101         LUT6 (Prop_lut6_I4_O)        0.045     1.227 r  VGA/HORIZONTAL_COUNTER_INST/green[2]_i_1/O
                         net (fo=1, routed)           0.000     1.227    VGA/RGB_GENERATOR_INST/green_reg[3]_1[2]
    SLICE_X1Y101         FDRE                                         r  VGA/RGB_GENERATOR_INST/green_reg[2]/D
  -------------------------------------------------------------------    -------------------

                         (clock sys_clk_pin rise edge)
                                                      0.000     0.000 r  
    E3                                                0.000     0.000 r  clk (IN)
                         net (fo=0)                   0.000     0.000    clk
    E3                   IBUF (Prop_ibuf_I_O)         0.438     0.438 r  clk_IBUF_inst/O
                         net (fo=1, routed)           0.699     1.136    clk_IBUF
    BUFGCTRL_X0Y16       BUFG (Prop_bufg_I_O)         0.029     1.165 r  clk_IBUF_BUFG_inst/O
                         net (fo=65, routed)          0.872     2.037    VGA/RGB_GENERATOR_INST/CLK
    SLICE_X1Y101         FDRE                                         r  VGA/RGB_GENERATOR_INST/green_reg[2]/C

Slack:                    inf
  Source:                 CPU_RESETN
                            (input port)
  Destination:            VGA/EDGE_DETECTOR_INST/input_sync_aux_reg/D
                            (rising edge-triggered cell FDRE clocked by sys_clk_pin  {rise@0.000ns fall@5.000ns period=10.000ns})
  Path Group:             (none)
  Path Type:              Hold (Min at Fast Process Corner)
  Data Path Delay:        1.373ns  (logic 0.320ns (23.283%)  route 1.053ns (76.717%))
  Logic Levels:           2  (IBUF=1 LUT2=1)
  Clock Path Skew:        2.036ns (DCD - SCD - CPR)
    Destination Clock Delay (DCD):    2.036ns
    Source Clock Delay      (SCD):    0.000ns
    Clock Pessimism Removal (CPR):    -0.000ns

    Location             Delay type                Incr(ns)  Path(ns)    Netlist Resource(s)
  -------------------------------------------------------------------    -------------------
    C12                                               0.000     0.000 r  CPU_RESETN (IN)
                         net (fo=0)                   0.000     0.000    CPU_RESETN
    C12                  IBUF (Prop_ibuf_I_O)         0.275     0.275 r  CPU_RESETN_IBUF_inst/O
                         net (fo=3, routed)           1.053     1.328    VGA/HSYNC_GENERATOR_INST/CPU_RESETN_IBUF
    SLICE_X1Y104         LUT2 (Prop_lut2_I1_O)        0.045     1.373 r  VGA/HSYNC_GENERATOR_INST/input_sync_aux_i_1/O
                         net (fo=1, routed)           0.000     1.373    VGA/EDGE_DETECTOR_INST/input_sync_aux_reg_0
    SLICE_X1Y104         FDRE                                         r  VGA/EDGE_DETECTOR_INST/input_sync_aux_reg/D
  -------------------------------------------------------------------    -------------------

                         (clock sys_clk_pin rise edge)
                                                      0.000     0.000 r  
    E3                                                0.000     0.000 r  clk (IN)
                         net (fo=0)                   0.000     0.000    clk
    E3                   IBUF (Prop_ibuf_I_O)         0.438     0.438 r  clk_IBUF_inst/O
                         net (fo=1, routed)           0.699     1.136    clk_IBUF
    BUFGCTRL_X0Y16       BUFG (Prop_bufg_I_O)         0.029     1.165 r  clk_IBUF_BUFG_inst/O
                         net (fo=65, routed)          0.871     2.036    VGA/EDGE_DETECTOR_INST/CLK
    SLICE_X1Y104         FDRE                                         r  VGA/EDGE_DETECTOR_INST/input_sync_aux_reg/C





