Copyright 1986-2022 Xilinx, Inc. All Rights Reserved. Copyright 2022-2023 Advanced Micro Devices, Inc. All Rights Reserved.
------------------------------------------------------------------------------------------------------------------------------------------------------------------------------------------------------------------------------------------------------------------------------------------
| Tool Version : Vivado v.2023.2 (win64) Build 4029153 Fri Oct 13 20:14:34 MDT 2023
| Date         : Mon Sep 21 10:27:47 2026
| Host         : LU running 64-bit major release  (build 9200)
| Command      : report_timing_summary -max_paths 10 -report_unconstrained -file top_board_VGA_interface_phase_1_timing_summary_routed.rpt -pb top_board_VGA_interface_phase_1_timing_summary_routed.pb -rpx top_board_VGA_interface_phase_1_timing_summary_routed.rpx -warn_on_violation
| Design       : top_board_VGA_interface_phase_1
| Device       : 7a100t-csg324
| Speed File   : -1  PRODUCTION 1.23 2018-06-13
| Design State : Routed
------------------------------------------------------------------------------------------------------------------------------------------------------------------------------------------------------------------------------------------------------------------------------------------

Timing Summary Report

------------------------------------------------------------------------------------------------
| Timer Settings
| --------------
------------------------------------------------------------------------------------------------

  Enable Multi Corner Analysis               :  Yes
  Enable Pessimism Removal                   :  Yes
  Pessimism Removal Resolution               :  Nearest Common Node
  Enable Input Delay Default Clock           :  No
  Enable Preset / Clear Arcs                 :  No
  Disable Flight Delays                      :  No
  Ignore I/O Paths                           :  No
  Timing Early Launch at Borrowing Latches   :  No
  Borrow Time for Max Delay Exceptions       :  Yes
  Merge Timing Exceptions                    :  Yes
  Inter-SLR Compensation                     :  Conservative

  Corner  Analyze    Analyze    
  Name    Max Paths  Min Paths  
  ------  ---------  ---------  
  Slow    Yes        Yes        
  Fast    Yes        Yes        


------------------------------------------------------------------------------------------------
| Report Methodology
| ------------------
------------------------------------------------------------------------------------------------

Rule       Severity  Description                    Violations  
---------  --------  -----------------------------  ----------  
TIMING-18  Warning   Missing input or output delay  41          

Note: This report is based on the most recent report_methodology run and may not be up-to-date. Run report_methodology on the current design for the latest report.



check_timing report

Table of Contents
-----------------
1. checking no_clock (0)
2. checking constant_clock (0)
3. checking pulse_width_clock (0)
4. checking unconstrained_internal_endpoints (0)
5. checking no_input_delay (14)
6. checking no_output_delay (27)
7. checking multiple_clock (0)
8. checking generated_clocks (0)
9. checking loops (0)
10. checking partial_input_delay (0)
11. checking partial_output_delay (0)
12. checking latch_loops (0)

1. checking no_clock (0)
------------------------
 There are 0 register/latch pins with no clock.


2. checking constant_clock (0)
------------------------------
 There are 0 register/latch pins with constant_clock.


3. checking pulse_width_clock (0)
---------------------------------
 There are 0 register/latch pins which need pulse_width check


4. checking unconstrained_internal_endpoints (0)
------------------------------------------------
 There are 0 pins that are not constrained for maximum delay.

 There are 0 pins that are not constrained for maximum delay due to constant clock.


5. checking no_input_delay (14)
-------------------------------
 There are 14 input ports with no input delay specified. (HIGH)

 There are 0 input ports with no input delay but user has a false path constraint.


6. checking no_output_delay (27)
--------------------------------
 There are 27 ports with no output delay specified. (HIGH)

 There are 0 ports with no output delay but user has a false path constraint

 There are 0 ports with no output delay but with a timing clock defined on it or propagating through it


7. checking multiple_clock (0)
------------------------------
 There are 0 register/latch pins with multiple clocks.


8. checking generated_clocks (0)
--------------------------------
 There are 0 generated clocks that are not connected to a clock source.


9. checking loops (0)
---------------------
 There are 0 combinational loops in the design.


10. checking partial_input_delay (0)
------------------------------------
 There are 0 input ports with partial input delay specified.


11. checking partial_output_delay (0)
-------------------------------------
 There are 0 ports with partial output delay specified.


12. checking latch_loops (0)
----------------------------
 There are 0 combinational latch loops in the design through latch input



------------------------------------------------------------------------------------------------
| Design Timing Summary
| ---------------------
------------------------------------------------------------------------------------------------

    WNS(ns)      TNS(ns)  TNS Failing Endpoints  TNS Total Endpoints      WHS(ns)      THS(ns)  THS Failing Endpoints  THS Total Endpoints     WPWS(ns)     TPWS(ns)  TPWS Failing Endpoints  TPWS Total Endpoints  
    -------      -------  ---------------------  -------------------      -------      -------  ---------------------  -------------------     --------     --------  ----------------------  --------------------  
      6.316        0.000                      0                  124        0.071        0.000                      0                  124        4.500        0.000                       0                    66  


All user specified timing constraints are met.


------------------------------------------------------------------------------------------------
| Clock Summary
| -------------
------------------------------------------------------------------------------------------------

Clock        Waveform(ns)       Period(ns)      Frequency(MHz)
-----        ------------       ----------      --------------
sys_clk_pin  {0.000 5.000}      10.000          100.000         


------------------------------------------------------------------------------------------------
| Intra Clock Table
| -----------------
------------------------------------------------------------------------------------------------

Clock             WNS(ns)      TNS(ns)  TNS Failing Endpoints  TNS Total Endpoints      WHS(ns)      THS(ns)  THS Failing Endpoints  THS Total Endpoints     WPWS(ns)     TPWS(ns)  TPWS Failing Endpoints  TPWS Total Endpoints  
-----             -------      -------  ---------------------  -------------------      -------      -------  ---------------------  -------------------     --------     --------  ----------------------  --------------------  
sys_clk_pin         6.316        0.000                      0                  124        0.071        0.000                      0                  124        4.500        0.000                       0                    66  


------------------------------------------------------------------------------------------------
| Inter Clock Table
| -----------------
------------------------------------------------------------------------------------------------

From Clock    To Clock          WNS(ns)      TNS(ns)  TNS Failing Endpoints  TNS Total Endpoints      WHS(ns)      THS(ns)  THS Failing Endpoints  THS Total Endpoints  
----------    --------          -------      -------  ---------------------  -------------------      -------      -------  ---------------------  -------------------  


------------------------------------------------------------------------------------------------
| Other Path Groups Table
| -----------------------
------------------------------------------------------------------------------------------------

Path Group    From Clock    To Clock          WNS(ns)      TNS(ns)  TNS Failing Endpoints  TNS Total Endpoints      WHS(ns)      THS(ns)  THS Failing Endpoints  THS Total Endpoints  
----------    ----------    --------          -------      -------  ---------------------  -------------------      -------      -------  ---------------------  -------------------  


------------------------------------------------------------------------------------------------
| User Ignored Path Table
| -----------------------
------------------------------------------------------------------------------------------------

Path Group    From Clock    To Clock    
----------    ----------    --------    


------------------------------------------------------------------------------------------------
| Unconstrained Path Table
| ------------------------
------------------------------------------------------------------------------------------------

Path Group    From Clock    To Clock    
----------    ----------    --------    
(none)                                    
(none)        sys_clk_pin                 
(none)                      sys_clk_pin   


------------------------------------------------------------------------------------------------
| Timing Details
| --------------
------------------------------------------------------------------------------------------------


---------------------------------------------------------------------------------------------------
From Clock:  sys_clk_pin
  To Clock:  sys_clk_pin

Setup :            0  Failing Endpoints,  Worst Slack        6.316ns,  Total Violation        0.000ns
Hold  :            0  Failing Endpoints,  Worst Slack        0.071ns,  Total Violation        0.000ns
PW    :            0  Failing Endpoints,  Worst Slack        4.500ns,  Total Violation        0.000ns
---------------------------------------------------------------------------------------------------


Max Delay Paths
--------------------------------------------------------------------------------------
Slack (MET) :             6.316ns  (required time - arrival time)
  Source:                 CE_generator_50Hz_inst/count_reg[20]/C
                            (rising edge-triggered cell FDRE clocked by sys_clk_pin  {rise@0.000ns fall@5.000ns period=10.000ns})
  Destination:            CE_generator_50Hz_inst/count_reg[1]/R
                            (rising edge-triggered cell FDRE clocked by sys_clk_pin  {rise@0.000ns fall@5.000ns period=10.000ns})
  Path Group:             sys_clk_pin
  Path Type:              Setup (Max at Slow Process Corner)
  Requirement:            10.000ns  (sys_clk_pin rise@10.000ns - sys_clk_pin rise@0.000ns)
  Data Path Delay:        3.022ns  (logic 0.766ns (25.348%)  route 2.256ns (74.652%))
  Logic Levels:           2  (LUT4=1 LUT5=1)
  Clock Path Skew:        -0.103ns (DCD - SCD + CPR)
    Destination Clock Delay (DCD):    5.029ns = ( 15.029 - 10.000 ) 
    Source Clock Delay      (SCD):    5.311ns
    Clock Pessimism Removal (CPR):    0.180ns
  Clock Uncertainty:      0.035ns  ((TSJ^2 + TIJ^2)^1/2 + DJ) / 2 + PE
    Total System Jitter     (TSJ):    0.071ns
    Total Input Jitter      (TIJ):    0.000ns
    Discrete Jitter          (DJ):    0.000ns
    Phase Error              (PE):    0.000ns

    Location             Delay type                Incr(ns)  Path(ns)    Netlist Resource(s)
  -------------------------------------------------------------------    -------------------
                         (clock sys_clk_pin rise edge)
                                                      0.000     0.000 r  
    E3                                                0.000     0.000 r  clk (IN)
                         net (fo=0)                   0.000     0.000    clk
    E3                   IBUF (Prop_ibuf_I_O)         1.482     1.482 r  clk_IBUF_inst/O
                         net (fo=1, routed)           2.025     3.506    clk_IBUF
    BUFGCTRL_X0Y16       BUFG (Prop_bufg_I_O)         0.096     3.602 r  clk_IBUF_BUFG_inst/O
                         net (fo=65, routed)          1.709     5.311    CE_generator_50Hz_inst/CLK
    SLICE_X2Y103         FDRE                                         r  CE_generator_50Hz_inst/count_reg[20]/C
  -------------------------------------------------------------------    -------------------
    SLICE_X2Y103         FDRE (Prop_fdre_C_Q)         0.518     5.829 r  CE_generator_50Hz_inst/count_reg[20]/Q
                         net (fo=2, routed)           0.958     6.788    CE_generator_50Hz_inst/count_reg_n_0_[20]
    SLICE_X3Y100         LUT4 (Prop_lut4_I0_O)        0.124     6.912 f  CE_generator_50Hz_inst/count[20]_i_5/O
                         net (fo=1, routed)           0.639     7.551    CE_generator_50Hz_inst/count[20]_i_5_n_0
    SLICE_X3Y101         LUT5 (Prop_lut5_I3_O)        0.124     7.675 r  CE_generator_50Hz_inst/count[20]_i_1/O
                         net (fo=22, routed)          0.658     8.333    CE_generator_50Hz_inst/count[20]_i_1_n_0
    SLICE_X2Y99          FDRE                                         r  CE_generator_50Hz_inst/count_reg[1]/R
  -------------------------------------------------------------------    -------------------

                         (clock sys_clk_pin rise edge)
                                                     10.000    10.000 r  
    E3                                                0.000    10.000 r  clk (IN)
                         net (fo=0)                   0.000    10.000    clk
    E3                   IBUF (Prop_ibuf_I_O)         1.411    11.411 r  clk_IBUF_inst/O
                         net (fo=1, routed)           1.920    13.331    clk_IBUF
    BUFGCTRL_X0Y16       BUFG (Prop_bufg_I_O)         0.091    13.422 r  clk_IBUF_BUFG_inst/O
                         net (fo=65, routed)          1.606    15.029    CE_generator_50Hz_inst/CLK
    SLICE_X2Y99          FDRE                                         r  CE_generator_50Hz_inst/count_reg[1]/C
                         clock pessimism              0.180    15.209    
                         clock uncertainty           -0.035    15.173    
    SLICE_X2Y99          FDRE (Setup_fdre_C_R)       -0.524    14.649    CE_generator_50Hz_inst/count_reg[1]
  -------------------------------------------------------------------
                         required time                         14.649    
                         arrival time                          -8.333    
  -------------------------------------------------------------------
                         slack                                  6.316    

Slack (MET) :             6.316ns  (required time - arrival time)
  Source:                 CE_generator_50Hz_inst/count_reg[20]/C
                            (rising edge-triggered cell FDRE clocked by sys_clk_pin  {rise@0.000ns fall@5.000ns period=10.000ns})
  Destination:            CE_generator_50Hz_inst/count_reg[2]/R
                            (rising edge-triggered cell FDRE clocked by sys_clk_pin  {rise@0.000ns fall@5.000ns period=10.000ns})
  Path Group:             sys_clk_pin
  Path Type:              Setup (Max at Slow Process Corner)
  Requirement:            10.000ns  (sys_clk_pin rise@10.000ns - sys_clk_pin rise@0.000ns)
  Data Path Delay:        3.022ns  (logic 0.766ns (25.348%)  route 2.256ns (74.652%))
  Logic Levels:           2  (LUT4=1 LUT5=1)
  Clock Path Skew:        -0.103ns (DCD - SCD + CPR)
    Destination Clock Delay (DCD):    5.029ns = ( 15.029 - 10.000 ) 
    Source Clock Delay      (SCD):    5.311ns
    Clock Pessimism Removal (CPR):    0.180ns
  Clock Uncertainty:      0.035ns  ((TSJ^2 + TIJ^2)^1/2 + DJ) / 2 + PE
    Total System Jitter     (TSJ):    0.071ns
    Total Input Jitter      (TIJ):    0.000ns
    Discrete Jitter          (DJ):    0.000ns
    Phase Error              (PE):    0.000ns

    Location             Delay type                Incr(ns)  Path(ns)    Netlist Resource(s)
  -------------------------------------------------------------------    -------------------
                         (clock sys_clk_pin rise edge)
                                                      0.000     0.000 r  
    E3                                                0.000     0.000 r  clk (IN)
                         net (fo=0)                   0.000     0.000    clk
    E3                   IBUF (Prop_ibuf_I_O)         1.482     1.482 r  clk_IBUF_inst/O
                         net (fo=1, routed)           2.025     3.506    clk_IBUF
    BUFGCTRL_X0Y16       BUFG (Prop_bufg_I_O)         0.096     3.602 r  clk_IBUF_BUFG_inst/O
                         net (fo=65, routed)          1.709     5.311    CE_generator_50Hz_inst/CLK
    SLICE_X2Y103         FDRE                                         r  CE_generator_50Hz_inst/count_reg[20]/C
  -------------------------------------------------------------------    -------------------
    SLICE_X2Y103         FDRE (Prop_fdre_C_Q)         0.518     5.829 r  CE_generator_50Hz_inst/count_reg[20]/Q
                         net (fo=2, routed)           0.958     6.788    CE_generator_50Hz_inst/count_reg_n_0_[20]
    SLICE_X3Y100         LUT4 (Prop_lut4_I0_O)        0.124     6.912 f  CE_generator_50Hz_inst/count[20]_i_5/O
                         net (fo=1, routed)           0.639     7.551    CE_generator_50Hz_inst/count[20]_i_5_n_0
    SLICE_X3Y101         LUT5 (Prop_lut5_I3_O)        0.124     7.675 r  CE_generator_50Hz_inst/count[20]_i_1/O
                         net (fo=22, routed)          0.658     8.333    CE_generator_50Hz_inst/count[20]_i_1_n_0
    SLICE_X2Y99          FDRE                                         r  CE_generator_50Hz_inst/count_reg[2]/R
  -------------------------------------------------------------------    -------------------

                         (clock sys_clk_pin rise edge)
                                                     10.000    10.000 r  
    E3                                                0.000    10.000 r  clk (IN)
                         net (fo=0)                   0.000    10.000    clk
    E3                   IBUF (Prop_ibuf_I_O)         1.411    11.411 r  clk_IBUF_inst/O
                         net (fo=1, routed)           1.920    13.331    clk_IBUF
    BUFGCTRL_X0Y16       BUFG (Prop_bufg_I_O)         0.091    13.422 r  clk_IBUF_BUFG_inst/O
                         net (fo=65, routed)          1.606    15.029    CE_generator_50Hz_inst/CLK
    SLICE_X2Y99          FDRE                                         r  CE_generator_50Hz_inst/count_reg[2]/C
                         clock pessimism              0.180    15.209    
                         clock uncertainty           -0.035    15.173    
    SLICE_X2Y99          FDRE (Setup_fdre_C_R)       -0.524    14.649    CE_generator_50Hz_inst/count_reg[2]
  -------------------------------------------------------------------
                         required time                         14.649    
                         arrival time                          -8.333    
  -------------------------------------------------------------------
                         slack                                  6.316    

Slack (MET) :             6.316ns  (required time - arrival time)
  Source:                 CE_generator_50Hz_inst/count_reg[20]/C
                            (rising edge-triggered cell FDRE clocked by sys_clk_pin  {rise@0.000ns fall@5.000ns period=10.000ns})
  Destination:            CE_generator_50Hz_inst/count_reg[3]/R
                            (rising edge-triggered cell FDRE clocked by sys_clk_pin  {rise@0.000ns fall@5.000ns period=10.000ns})
  Path Group:             sys_clk_pin
  Path Type:              Setup (Max at Slow Process Corner)
  Requirement:            10.000ns  (sys_clk_pin rise@10.000ns - sys_clk_pin rise@0.000ns)
  Data Path Delay:        3.022ns  (logic 0.766ns (25.348%)  route 2.256ns (74.652%))
  Logic Levels:           2  (LUT4=1 LUT5=1)
  Clock Path Skew:        -0.103ns (DCD - SCD + CPR)
    Destination Clock Delay (DCD):    5.029ns = ( 15.029 - 10.000 ) 
    Source Clock Delay      (SCD):    5.311ns
    Clock Pessimism Removal (CPR):    0.180ns
  Clock Uncertainty:      0.035ns  ((TSJ^2 + TIJ^2)^1/2 + DJ) / 2 + PE
    Total System Jitter     (TSJ):    0.071ns
    Total Input Jitter      (TIJ):    0.000ns
    Discrete Jitter          (DJ):    0.000ns
    Phase Error              (PE):    0.000ns

    Location             Delay type                Incr(ns)  Path(ns)    Netlist Resource(s)
  -------------------------------------------------------------------    -------------------
                         (clock sys_clk_pin rise edge)
                                                      0.000     0.000 r  
    E3                                                0.000     0.000 r  clk (IN)
                         net (fo=0)                   0.000     0.000    clk
    E3                   IBUF (Prop_ibuf_I_O)         1.482     1.482 r  clk_IBUF_inst/O
                         net (fo=1, routed)           2.025     3.506    clk_IBUF
    BUFGCTRL_X0Y16       BUFG (Prop_bufg_I_O)         0.096     3.602 r  clk_IBUF_BUFG_inst/O
                         net (fo=65, routed)          1.709     5.311    CE_generator_50Hz_inst/CLK
    SLICE_X2Y103         FDRE                                         r  CE_generator_50Hz_inst/count_reg[20]/C
  -------------------------------------------------------------------    -------------------
    SLICE_X2Y103         FDRE (Prop_fdre_C_Q)         0.518     5.829 r  CE_generator_50Hz_inst/count_reg[20]/Q
                         net (fo=2, routed)           0.958     6.788    CE_generator_50Hz_inst/count_reg_n_0_[20]
    SLICE_X3Y100         LUT4 (Prop_lut4_I0_O)        0.124     6.912 f  CE_generator_50Hz_inst/count[20]_i_5/O
                         net (fo=1, routed)           0.639     7.551    CE_generator_50Hz_inst/count[20]_i_5_n_0
    SLICE_X3Y101         LUT5 (Prop_lut5_I3_O)        0.124     7.675 r  CE_generator_50Hz_inst/count[20]_i_1/O
                         net (fo=22, routed)          0.658     8.333    CE_generator_50Hz_inst/count[20]_i_1_n_0
    SLICE_X2Y99          FDRE                                         r  CE_generator_50Hz_inst/count_reg[3]/R
  -------------------------------------------------------------------    -------------------

                         (clock sys_clk_pin rise edge)
                                                     10.000    10.000 r  
    E3                                                0.000    10.000 r  clk (IN)
                         net (fo=0)                   0.000    10.000    clk
    E3                   IBUF (Prop_ibuf_I_O)         1.411    11.411 r  clk_IBUF_inst/O
                         net (fo=1, routed)           1.920    13.331    clk_IBUF
    BUFGCTRL_X0Y16       BUFG (Prop_bufg_I_O)         0.091    13.422 r  clk_IBUF_BUFG_inst/O
                         net (fo=65, routed)          1.606    15.029    CE_generator_50Hz_inst/CLK
    SLICE_X2Y99          FDRE                                         r  CE_generator_50Hz_inst/count_reg[3]/C
                         clock pessimism              0.180    15.209    
                         clock uncertainty           -0.035    15.173    
    SLICE_X2Y99          FDRE (Setup_fdre_C_R)       -0.524    14.649    CE_generator_50Hz_inst/count_reg[3]
  -------------------------------------------------------------------
                         required time                         14.649    
                         arrival time                          -8.333    
  -------------------------------------------------------------------
                         slack                                  6.316    

Slack (MET) :             6.316ns  (required time - arrival time)
  Source:                 CE_generator_50Hz_inst/count_reg[20]/C
                            (rising edge-triggered cell FDRE clocked by sys_clk_pin  {rise@0.000ns fall@5.000ns period=10.000ns})
  Destination:            CE_generator_50Hz_inst/count_reg[4]/R
                            (rising edge-triggered cell FDRE clocked by sys_clk_pin  {rise@0.000ns fall@5.000ns period=10.000ns})
  Path Group:             sys_clk_pin
  Path Type:              Setup (Max at Slow Process Corner)
  Requirement:            10.000ns  (sys_clk_pin rise@10.000ns - sys_clk_pin rise@0.000ns)
  Data Path Delay:        3.022ns  (logic 0.766ns (25.348%)  route 2.256ns (74.652%))
  Logic Levels:           2  (LUT4=1 LUT5=1)
  Clock Path Skew:        -0.103ns (DCD - SCD + CPR)
    Destination Clock Delay (DCD):    5.029ns = ( 15.029 - 10.000 ) 
    Source Clock Delay      (SCD):    5.311ns
    Clock Pessimism Removal (CPR):    0.180ns
  Clock Uncertainty:      0.035ns  ((TSJ^2 + TIJ^2)^1/2 + DJ) / 2 + PE
    Total System Jitter     (TSJ):    0.071ns
    Total Input Jitter      (TIJ):    0.000ns
    Discrete Jitter          (DJ):    0.000ns
    Phase Error              (PE):    0.000ns

    Location             Delay type                Incr(ns)  Path(ns)    Netlist Resource(s)
  -------------------------------------------------------------------    -------------------
                         (clock sys_clk_pin rise edge)
                                                      0.000     0.000 r  
    E3                                                0.000     0.000 r  clk (IN)
                         net (fo=0)                   0.000     0.000    clk
    E3                   IBUF (Prop_ibuf_I_O)         1.482     1.482 r  clk_IBUF_inst/O
                         net (fo=1, routed)           2.025     3.506    clk_IBUF
    BUFGCTRL_X0Y16       BUFG (Prop_bufg_I_O)         0.096     3.602 r  clk_IBUF_BUFG_inst/O
                         net (fo=65, routed)          1.709     5.311    CE_generator_50Hz_inst/CLK
    SLICE_X2Y103         FDRE                                         r  CE_generator_50Hz_inst/count_reg[20]/C
  -------------------------------------------------------------------    -------------------
    SLICE_X2Y103         FDRE (Prop_fdre_C_Q)         0.518     5.829 r  CE_generator_50Hz_inst/count_reg[20]/Q
                         net (fo=2, routed)           0.958     6.788    CE_generator_50Hz_inst/count_reg_n_0_[20]
    SLICE_X3Y100         LUT4 (Prop_lut4_I0_O)        0.124     6.912 f  CE_generator_50Hz_inst/count[20]_i_5/O
                         net (fo=1, routed)           0.639     7.551    CE_generator_50Hz_inst/count[20]_i_5_n_0
    SLICE_X3Y101         LUT5 (Prop_lut5_I3_O)        0.124     7.675 r  CE_generator_50Hz_inst/count[20]_i_1/O
                         net (fo=22, routed)          0.658     8.333    CE_generator_50Hz_inst/count[20]_i_1_n_0
    SLICE_X2Y99          FDRE                                         r  CE_generator_50Hz_inst/count_reg[4]/R
  -------------------------------------------------------------------    -------------------

                         (clock sys_clk_pin rise edge)
                                                     10.000    10.000 r  
    E3                                                0.000    10.000 r  clk (IN)
                         net (fo=0)                   0.000    10.000    clk
    E3                   IBUF (Prop_ibuf_I_O)         1.411    11.411 r  clk_IBUF_inst/O
                         net (fo=1, routed)           1.920    13.331    clk_IBUF
    BUFGCTRL_X0Y16       BUFG (Prop_bufg_I_O)         0.091    13.422 r  clk_IBUF_BUFG_inst/O
                         net (fo=65, routed)          1.606    15.029    CE_generator_50Hz_inst/CLK
    SLICE_X2Y99          FDRE                                         r  CE_generator_50Hz_inst/count_reg[4]/C
                         clock pessimism              0.180    15.209    
                         clock uncertainty           -0.035    15.173    
    SLICE_X2Y99          FDRE (Setup_fdre_C_R)       -0.524    14.649    CE_generator_50Hz_inst/count_reg[4]
  -------------------------------------------------------------------
                         required time                         14.649    
                         arrival time                          -8.333    
  -------------------------------------------------------------------
                         slack                                  6.316    

Slack (MET) :             6.395ns  (required time - arrival time)
  Source:                 CE_generator_50Hz_inst/count_reg[20]/C
                            (rising edge-triggered cell FDRE clocked by sys_clk_pin  {rise@0.000ns fall@5.000ns period=10.000ns})
  Destination:            CE_generator_50Hz_inst/count_reg[17]/R
                            (rising edge-triggered cell FDRE clocked by sys_clk_pin  {rise@0.000ns fall@5.000ns period=10.000ns})
  Path Group:             sys_clk_pin
  Path Type:              Setup (Max at Slow Process Corner)
  Requirement:            10.000ns  (sys_clk_pin rise@10.000ns - sys_clk_pin rise@0.000ns)
  Data Path Delay:        3.045ns  (logic 0.766ns (25.153%)  route 2.279ns (74.847%))
  Logic Levels:           2  (LUT4=1 LUT5=1)
  Clock Path Skew:        0.000ns (DCD - SCD + CPR)
    Destination Clock Delay (DCD):    5.011ns = ( 15.011 - 10.000 ) 
    Source Clock Delay      (SCD):    5.311ns
    Clock Pessimism Removal (CPR):    0.300ns
  Clock Uncertainty:      0.035ns  ((TSJ^2 + TIJ^2)^1/2 + DJ) / 2 + PE
    Total System Jitter     (TSJ):    0.071ns
    Total Input Jitter      (TIJ):    0.000ns
    Discrete Jitter          (DJ):    0.000ns
    Phase Error              (PE):    0.000ns

    Location             Delay type                Incr(ns)  Path(ns)    Netlist Resource(s)
  -------------------------------------------------------------------    -------------------
                         (clock sys_clk_pin rise edge)
                                                      0.000     0.000 r  
    E3                                                0.000     0.000 r  clk (IN)
                         net (fo=0)                   0.000     0.000    clk
    E3                   IBUF (Prop_ibuf_I_O)         1.482     1.482 r  clk_IBUF_inst/O
                         net (fo=1, routed)           2.025     3.506    clk_IBUF
    BUFGCTRL_X0Y16       BUFG (Prop_bufg_I_O)         0.096     3.602 r  clk_IBUF_BUFG_inst/O
                         net (fo=65, routed)          1.709     5.311    CE_generator_50Hz_inst/CLK
    SLICE_X2Y103         FDRE                                         r  CE_generator_50Hz_inst/count_reg[20]/C
  -------------------------------------------------------------------    -------------------
    SLICE_X2Y103         FDRE (Prop_fdre_C_Q)         0.518     5.829 r  CE_generator_50Hz_inst/count_reg[20]/Q
                         net (fo=2, routed)           0.958     6.788    CE_generator_50Hz_inst/count_reg_n_0_[20]
    SLICE_X3Y100         LUT4 (Prop_lut4_I0_O)        0.124     6.912 f  CE_generator_50Hz_inst/count[20]_i_5/O
                         net (fo=1, routed)           0.639     7.551    CE_generator_50Hz_inst/count[20]_i_5_n_0
    SLICE_X3Y101         LUT5 (Prop_lut5_I3_O)        0.124     7.675 r  CE_generator_50Hz_inst/count[20]_i_1/O
                         net (fo=22, routed)          0.682     8.357    CE_generator_50Hz_inst/count[20]_i_1_n_0
    SLICE_X2Y103         FDRE                                         r  CE_generator_50Hz_inst/count_reg[17]/R
  -------------------------------------------------------------------    -------------------

                         (clock sys_clk_pin rise edge)
                                                     10.000    10.000 r  
    E3                                                0.000    10.000 r  clk (IN)
                         net (fo=0)                   0.000    10.000    clk
    E3                   IBUF (Prop_ibuf_I_O)         1.411    11.411 r  clk_IBUF_inst/O
                         net (fo=1, routed)           1.920    13.331    clk_IBUF
    BUFGCTRL_X0Y16       BUFG (Prop_bufg_I_O)         0.091    13.422 r  clk_IBUF_BUFG_inst/O
                         net (fo=65, routed)          1.589    15.011    CE_generator_50Hz_inst/CLK
    SLICE_X2Y103         FDRE                                         r  CE_generator_50Hz_inst/count_reg[17]/C
                         clock pessimism              0.300    15.311    
                         clock uncertainty           -0.035    15.276    
    SLICE_X2Y103         FDRE (Setup_fdre_C_R)       -0.524    14.752    CE_generator_50Hz_inst/count_reg[17]
  -------------------------------------------------------------------
                         required time                         14.752    
                         arrival time                          -8.357    
  -------------------------------------------------------------------
                         slack                                  6.395    

Slack (MET) :             6.395ns  (required time - arrival time)
  Source:                 CE_generator_50Hz_inst/count_reg[20]/C
                            (rising edge-triggered cell FDRE clocked by sys_clk_pin  {rise@0.000ns fall@5.000ns period=10.000ns})
  Destination:            CE_generator_50Hz_inst/count_reg[18]/R
                            (rising edge-triggered cell FDRE clocked by sys_clk_pin  {rise@0.000ns fall@5.000ns period=10.000ns})
  Path Group:             sys_clk_pin
  Path Type:              Setup (Max at Slow Process Corner)
  Requirement:            10.000ns  (sys_clk_pin rise@10.000ns - sys_clk_pin rise@0.000ns)
  Data Path Delay:        3.045ns  (logic 0.766ns (25.153%)  route 2.279ns (74.847%))
  Logic Levels:           2  (LUT4=1 LUT5=1)
  Clock Path Skew:        0.000ns (DCD - SCD + CPR)
    Destination Clock Delay (DCD):    5.011ns = ( 15.011 - 10.000 ) 
    Source Clock Delay      (SCD):    5.311ns
    Clock Pessimism Removal (CPR):    0.300ns
  Clock Uncertainty:      0.035ns  ((TSJ^2 + TIJ^2)^1/2 + DJ) / 2 + PE
    Total System Jitter     (TSJ):    0.071ns
    Total Input Jitter      (TIJ):    0.000ns
    Discrete Jitter          (DJ):    0.000ns
    Phase Error              (PE):    0.000ns

    Location             Delay type                Incr(ns)  Path(ns)    Netlist Resource(s)
  -------------------------------------------------------------------    -------------------
                         (clock sys_clk_pin rise edge)
                                                      0.000     0.000 r  
    E3                                                0.000     0.000 r  clk (IN)
                         net (fo=0)                   0.000     0.000    clk
    E3                   IBUF (Prop_ibuf_I_O)         1.482     1.482 r  clk_IBUF_inst/O
                         net (fo=1, routed)           2.025     3.506    clk_IBUF
    BUFGCTRL_X0Y16       BUFG (Prop_bufg_I_O)         0.096     3.602 r  clk_IBUF_BUFG_inst/O
                         net (fo=65, routed)          1.709     5.311    CE_generator_50Hz_inst/CLK
    SLICE_X2Y103         FDRE                                         r  CE_generator_50Hz_inst/count_reg[20]/C
  -------------------------------------------------------------------    -------------------
    SLICE_X2Y103         FDRE (Prop_fdre_C_Q)         0.518     5.829 r  CE_generator_50Hz_inst/count_reg[20]/Q
                         net (fo=2, routed)           0.958     6.788    CE_generator_50Hz_inst/count_reg_n_0_[20]
    SLICE_X3Y100         LUT4 (Prop_lut4_I0_O)        0.124     6.912 f  CE_generator_50Hz_inst/count[20]_i_5/O
                         net (fo=1, routed)           0.639     7.551    CE_generator_50Hz_inst/count[20]_i_5_n_0
    SLICE_X3Y101         LUT5 (Prop_lut5_I3_O)        0.124     7.675 r  CE_generator_50Hz_inst/count[20]_i_1/O
                         net (fo=22, routed)          0.682     8.357    CE_generator_50Hz_inst/count[20]_i_1_n_0
    SLICE_X2Y103         FDRE                                         r  CE_generator_50Hz_inst/count_reg[18]/R
  -------------------------------------------------------------------    -------------------

                         (clock sys_clk_pin rise edge)
                                                     10.000    10.000 r  
    E3                                                0.000    10.000 r  clk (IN)
                         net (fo=0)                   0.000    10.000    clk
    E3                   IBUF (Prop_ibuf_I_O)         1.411    11.411 r  clk_IBUF_inst/O
                         net (fo=1, routed)           1.920    13.331    clk_IBUF
    BUFGCTRL_X0Y16       BUFG (Prop_bufg_I_O)         0.091    13.422 r  clk_IBUF_BUFG_inst/O
                         net (fo=65, routed)          1.589    15.011    CE_generator_50Hz_inst/CLK
    SLICE_X2Y103         FDRE                                         r  CE_generator_50Hz_inst/count_reg[18]/C
                         clock pessimism              0.300    15.311    
                         clock uncertainty           -0.035    15.276    
    SLICE_X2Y103         FDRE (Setup_fdre_C_R)       -0.524    14.752    CE_generator_50Hz_inst/count_reg[18]
  -------------------------------------------------------------------
                         required time                         14.752    
                         arrival time                          -8.357    
  -------------------------------------------------------------------
                         slack                                  6.395    

Slack (MET) :             6.395ns  (required time - arrival time)
  Source:                 CE_generator_50Hz_inst/count_reg[20]/C
                            (rising edge-triggered cell FDRE clocked by sys_clk_pin  {rise@0.000ns fall@5.000ns period=10.000ns})
  Destination:            CE_generator_50Hz_inst/count_reg[19]/R
                            (rising edge-triggered cell FDRE clocked by sys_clk_pin  {rise@0.000ns fall@5.000ns period=10.000ns})
  Path Group:             sys_clk_pin
  Path Type:              Setup (Max at Slow Process Corner)
  Requirement:            10.000ns  (sys_clk_pin rise@10.000ns - sys_clk_pin rise@0.000ns)
  Data Path Delay:        3.045ns  (logic 0.766ns (25.153%)  route 2.279ns (74.847%))
  Logic Levels:           2  (LUT4=1 LUT5=1)
  Clock Path Skew:        0.000ns (DCD - SCD + CPR)
    Destination Clock Delay (DCD):    5.011ns = ( 15.011 - 10.000 ) 
    Source Clock Delay      (SCD):    5.311ns
    Clock Pessimism Removal (CPR):    0.300ns
  Clock Uncertainty:      0.035ns  ((TSJ^2 + TIJ^2)^1/2 + DJ) / 2 + PE
    Total System Jitter     (TSJ):    0.071ns
    Total Input Jitter      (TIJ):    0.000ns
    Discrete Jitter          (DJ):    0.000ns
    Phase Error              (PE):    0.000ns

    Location             Delay type                Incr(ns)  Path(ns)    Netlist Resource(s)
  -------------------------------------------------------------------    -------------------
                         (clock sys_clk_pin rise edge)
                                                      0.000     0.000 r  
    E3                                                0.000     0.000 r  clk (IN)
                         net (fo=0)                   0.000     0.000    clk
    E3                   IBUF (Prop_ibuf_I_O)         1.482     1.482 r  clk_IBUF_inst/O
                         net (fo=1, routed)           2.025     3.506    clk_IBUF
    BUFGCTRL_X0Y16       BUFG (Prop_bufg_I_O)         0.096     3.602 r  clk_IBUF_BUFG_inst/O
                         net (fo=65, routed)          1.709     5.311    CE_generator_50Hz_inst/CLK
    SLICE_X2Y103         FDRE                                         r  CE_generator_50Hz_inst/count_reg[20]/C
  -------------------------------------------------------------------    -------------------
    SLICE_X2Y103         FDRE (Prop_fdre_C_Q)         0.518     5.829 r  CE_generator_50Hz_inst/count_reg[20]/Q
                         net (fo=2, routed)           0.958     6.788    CE_generator_50Hz_inst/count_reg_n_0_[20]
    SLICE_X3Y100         LUT4 (Prop_lut4_I0_O)        0.124     6.912 f  CE_generator_50Hz_inst/count[20]_i_5/O
                         net (fo=1, routed)           0.639     7.551    CE_generator_50Hz_inst/count[20]_i_5_n_0
    SLICE_X3Y101         LUT5 (Prop_lut5_I3_O)        0.124     7.675 r  CE_generator_50Hz_inst/count[20]_i_1/O
                         net (fo=22, routed)          0.682     8.357    CE_generator_50Hz_inst/count[20]_i_1_n_0
    SLICE_X2Y103         FDRE                                         r  CE_generator_50Hz_inst/count_reg[19]/R
  -------------------------------------------------------------------    -------------------

                         (clock sys_clk_pin rise edge)
                                                     10.000    10.000 r  
    E3                                                0.000    10.000 r  clk (IN)
                         net (fo=0)                   0.000    10.000    clk
    E3                   IBUF (Prop_ibuf_I_O)         1.411    11.411 r  clk_IBUF_inst/O
                         net (fo=1, routed)           1.920    13.331    clk_IBUF
    BUFGCTRL_X0Y16       BUFG (Prop_bufg_I_O)         0.091    13.422 r  clk_IBUF_BUFG_inst/O
                         net (fo=65, routed)          1.589    15.011    CE_generator_50Hz_inst/CLK
    SLICE_X2Y103         FDRE                                         r  CE_generator_50Hz_inst/count_reg[19]/C
                         clock pessimism              0.300    15.311    
                         clock uncertainty           -0.035    15.276    
    SLICE_X2Y103         FDRE (Setup_fdre_C_R)       -0.524    14.752    CE_generator_50Hz_inst/count_reg[19]
  -------------------------------------------------------------------
                         required time                         14.752    
                         arrival time                          -8.357    
  -------------------------------------------------------------------
                         slack                                  6.395    

Slack (MET) :             6.395ns  (required time - arrival time)
  Source:                 CE_generator_50Hz_inst/count_reg[20]/C
                            (rising edge-triggered cell FDRE clocked by sys_clk_pin  {rise@0.000ns fall@5.000ns period=10.000ns})
  Destination:            CE_generator_50Hz_inst/count_reg[20]/R
                            (rising edge-triggered cell FDRE clocked by sys_clk_pin  {rise@0.000ns fall@5.000ns period=10.000ns})
  Path Group:             sys_clk_pin
  Path Type:              Setup (Max at Slow Process Corner)
  Requirement:            10.000ns  (sys_clk_pin rise@10.000ns - sys_clk_pin rise@0.000ns)
  Data Path Delay:        3.045ns  (logic 0.766ns (25.153%)  route 2.279ns (74.847%))
  Logic Levels:           2  (LUT4=1 LUT5=1)
  Clock Path Skew:        0.000ns (DCD - SCD + CPR)
    Destination Clock Delay (DCD):    5.011ns = ( 15.011 - 10.000 ) 
    Source Clock Delay      (SCD):    5.311ns
    Clock Pessimism Removal (CPR):    0.300ns
  Clock Uncertainty:      0.035ns  ((TSJ^2 + TIJ^2)^1/2 + DJ) / 2 + PE
    Total System Jitter     (TSJ):    0.071ns
    Total Input Jitter      (TIJ):    0.000ns
    Discrete Jitter          (DJ):    0.000ns
    Phase Error              (PE):    0.000ns

    Location             Delay type                Incr(ns)  Path(ns)    Netlist Resource(s)
  -------------------------------------------------------------------    -------------------
                         (clock sys_clk_pin rise edge)
                                                      0.000     0.000 r  
    E3                                                0.000     0.000 r  clk (IN)
                         net (fo=0)                   0.000     0.000    clk
    E3                   IBUF (Prop_ibuf_I_O)         1.482     1.482 r  clk_IBUF_inst/O
                         net (fo=1, routed)           2.025     3.506    clk_IBUF
    BUFGCTRL_X0Y16       BUFG (Prop_bufg_I_O)         0.096     3.602 r  clk_IBUF_BUFG_inst/O
                         net (fo=65, routed)          1.709     5.311    CE_generator_50Hz_inst/CLK
    SLICE_X2Y103         FDRE                                         r  CE_generator_50Hz_inst/count_reg[20]/C
  -------------------------------------------------------------------    -------------------
    SLICE_X2Y103         FDRE (Prop_fdre_C_Q)         0.518     5.829 r  CE_generator_50Hz_inst/count_reg[20]/Q
                         net (fo=2, routed)           0.958     6.788    CE_generator_50Hz_inst/count_reg_n_0_[20]
    SLICE_X3Y100         LUT4 (Prop_lut4_I0_O)        0.124     6.912 f  CE_generator_50Hz_inst/count[20]_i_5/O
                         net (fo=1, routed)           0.639     7.551    CE_generator_50Hz_inst/count[20]_i_5_n_0
    SLICE_X3Y101         LUT5 (Prop_lut5_I3_O)        0.124     7.675 r  CE_generator_50Hz_inst/count[20]_i_1/O
                         net (fo=22, routed)          0.682     8.357    CE_generator_50Hz_inst/count[20]_i_1_n_0
    SLICE_X2Y103         FDRE                                         r  CE_generator_50Hz_inst/count_reg[20]/R
  -------------------------------------------------------------------    -------------------

                         (clock sys_clk_pin rise edge)
                                                     10.000    10.000 r  
    E3                                                0.000    10.000 r  clk (IN)
                         net (fo=0)                   0.000    10.000    clk
    E3                   IBUF (Prop_ibuf_I_O)         1.411    11.411 r  clk_IBUF_inst/O
                         net (fo=1, routed)           1.920    13.331    clk_IBUF
    BUFGCTRL_X0Y16       BUFG (Prop_bufg_I_O)         0.091    13.422 r  clk_IBUF_BUFG_inst/O
                         net (fo=65, routed)          1.589    15.011    CE_generator_50Hz_inst/CLK
    SLICE_X2Y103         FDRE                                         r  CE_generator_50Hz_inst/count_reg[20]/C
                         clock pessimism              0.300    15.311    
                         clock uncertainty           -0.035    15.276    
    SLICE_X2Y103         FDRE (Setup_fdre_C_R)       -0.524    14.752    CE_generator_50Hz_inst/count_reg[20]
  -------------------------------------------------------------------
                         required time                         14.752    
                         arrival time                          -8.357    
  -------------------------------------------------------------------
                         slack                                  6.395    

Slack (MET) :             6.431ns  (required time - arrival time)
  Source:                 CE_generator_50Hz_inst/count_reg[20]/C
                            (rising edge-triggered cell FDRE clocked by sys_clk_pin  {rise@0.000ns fall@5.000ns period=10.000ns})
  Destination:            CE_generator_50Hz_inst/count_reg[10]/R
                            (rising edge-triggered cell FDRE clocked by sys_clk_pin  {rise@0.000ns fall@5.000ns period=10.000ns})
  Path Group:             sys_clk_pin
  Path Type:              Setup (Max at Slow Process Corner)
  Requirement:            10.000ns  (sys_clk_pin rise@10.000ns - sys_clk_pin rise@0.000ns)
  Data Path Delay:        2.986ns  (logic 0.766ns (25.652%)  route 2.220ns (74.348%))
  Logic Levels:           2  (LUT4=1 LUT5=1)
  Clock Path Skew:        -0.024ns (DCD - SCD + CPR)
    Destination Clock Delay (DCD):    5.012ns = ( 15.012 - 10.000 ) 
    Source Clock Delay      (SCD):    5.311ns
    Clock Pessimism Removal (CPR):    0.275ns
  Clock Uncertainty:      0.035ns  ((TSJ^2 + TIJ^2)^1/2 + DJ) / 2 + PE
    Total System Jitter     (TSJ):    0.071ns
    Total Input Jitter      (TIJ):    0.000ns
    Discrete Jitter          (DJ):    0.000ns
    Phase Error              (PE):    0.000ns

    Location             Delay type                Incr(ns)  Path(ns)    Netlist Resource(s)
  -------------------------------------------------------------------    -------------------
                         (clock sys_clk_pin rise edge)
                                                      0.000     0.000 r  
    E3                                                0.000     0.000 r  clk (IN)
                         net (fo=0)                   0.000     0.000    clk
    E3                   IBUF (Prop_ibuf_I_O)         1.482     1.482 r  clk_IBUF_inst/O
                         net (fo=1, routed)           2.025     3.506    clk_IBUF
    BUFGCTRL_X0Y16       BUFG (Prop_bufg_I_O)         0.096     3.602 r  clk_IBUF_BUFG_inst/O
                         net (fo=65, routed)          1.709     5.311    CE_generator_50Hz_inst/CLK
    SLICE_X2Y103         FDRE                                         r  CE_generator_50Hz_inst/count_reg[20]/C
  -------------------------------------------------------------------    -------------------
    SLICE_X2Y103         FDRE (Prop_fdre_C_Q)         0.518     5.829 r  CE_generator_50Hz_inst/count_reg[20]/Q
                         net (fo=2, routed)           0.958     6.788    CE_generator_50Hz_inst/count_reg_n_0_[20]
    SLICE_X3Y100         LUT4 (Prop_lut4_I0_O)        0.124     6.912 f  CE_generator_50Hz_inst/count[20]_i_5/O
                         net (fo=1, routed)           0.639     7.551    CE_generator_50Hz_inst/count[20]_i_5_n_0
    SLICE_X3Y101         LUT5 (Prop_lut5_I3_O)        0.124     7.675 r  CE_generator_50Hz_inst/count[20]_i_1/O
                         net (fo=22, routed)          0.623     8.297    CE_generator_50Hz_inst/count[20]_i_1_n_0
    SLICE_X2Y101         FDRE                                         r  CE_generator_50Hz_inst/count_reg[10]/R
  -------------------------------------------------------------------    -------------------

                         (clock sys_clk_pin rise edge)
                                                     10.000    10.000 r  
    E3                                                0.000    10.000 r  clk (IN)
                         net (fo=0)                   0.000    10.000    clk
    E3                   IBUF (Prop_ibuf_I_O)         1.411    11.411 r  clk_IBUF_inst/O
                         net (fo=1, routed)           1.920    13.331    clk_IBUF
    BUFGCTRL_X0Y16       BUFG (Prop_bufg_I_O)         0.091    13.422 r  clk_IBUF_BUFG_inst/O
                         net (fo=65, routed)          1.590    15.012    CE_generator_50Hz_inst/CLK
    SLICE_X2Y101         FDRE                                         r  CE_generator_50Hz_inst/count_reg[10]/C
                         clock pessimism              0.275    15.287    
                         clock uncertainty           -0.035    15.252    
    SLICE_X2Y101         FDRE (Setup_fdre_C_R)       -0.524    14.728    CE_generator_50Hz_inst/count_reg[10]
  -------------------------------------------------------------------
                         required time                         14.728    
                         arrival time                          -8.297    
  -------------------------------------------------------------------
                         slack                                  6.431    

Slack (MET) :             6.431ns  (required time - arrival time)
  Source:                 CE_generator_50Hz_inst/count_reg[20]/C
                            (rising edge-triggered cell FDRE clocked by sys_clk_pin  {rise@0.000ns fall@5.000ns period=10.000ns})
  Destination:            CE_generator_50Hz_inst/count_reg[11]/R
                            (rising edge-triggered cell FDRE clocked by sys_clk_pin  {rise@0.000ns fall@5.000ns period=10.000ns})
  Path Group:             sys_clk_pin
  Path Type:              Setup (Max at Slow Process Corner)
  Requirement:            10.000ns  (sys_clk_pin rise@10.000ns - sys_clk_pin rise@0.000ns)
  Data Path Delay:        2.986ns  (logic 0.766ns (25.652%)  route 2.220ns (74.348%))
  Logic Levels:           2  (LUT4=1 LUT5=1)
  Clock Path Skew:        -0.024ns (DCD - SCD + CPR)
    Destination Clock Delay (DCD):    5.012ns = ( 15.012 - 10.000 ) 
    Source Clock Delay      (SCD):    5.311ns
    Clock Pessimism Removal (CPR):    0.275ns
  Clock Uncertainty:      0.035ns  ((TSJ^2 + TIJ^2)^1/2 + DJ) / 2 + PE
    Total System Jitter     (TSJ):    0.071ns
    Total Input Jitter      (TIJ):    0.000ns
    Discrete Jitter          (DJ):    0.000ns
    Phase Error              (PE):    0.000ns

    Location             Delay type                Incr(ns)  Path(ns)    Netlist Resource(s)
  -------------------------------------------------------------------    -------------------
                         (clock sys_clk_pin rise edge)
                                                      0.000     0.000 r  
    E3                                                0.000     0.000 r  clk (IN)
                         net (fo=0)                   0.000     0.000    clk
    E3                   IBUF (Prop_ibuf_I_O)         1.482     1.482 r  clk_IBUF_inst/O
                         net (fo=1, routed)           2.025     3.506    clk_IBUF
    BUFGCTRL_X0Y16       BUFG (Prop_bufg_I_O)         0.096     3.602 r  clk_IBUF_BUFG_inst/O
                         net (fo=65, routed)          1.709     5.311    CE_generator_50Hz_inst/CLK
    SLICE_X2Y103         FDRE                                         r  CE_generator_50Hz_inst/count_reg[20]/C
  -------------------------------------------------------------------    -------------------
    SLICE_X2Y103         FDRE (Prop_fdre_C_Q)         0.518     5.829 r  CE_generator_50Hz_inst/count_reg[20]/Q
                         net (fo=2, routed)           0.958     6.788    CE_generator_50Hz_inst/count_reg_n_0_[20]
    SLICE_X3Y100         LUT4 (Prop_lut4_I0_O)        0.124     6.912 f  CE_generator_50Hz_inst/count[20]_i_5/O
                         net (fo=1, routed)           0.639     7.551    CE_generator_50Hz_inst/count[20]_i_5_n_0
    SLICE_X3Y101         LUT5 (Prop_lut5_I3_O)        0.124     7.675 r  CE_generator_50Hz_inst/count[20]_i_1/O
                         net (fo=22, routed)          0.623     8.297    CE_generator_50Hz_inst/count[20]_i_1_n_0
    SLICE_X2Y101         FDRE                                         r  CE_generator_50Hz_inst/count_reg[11]/R
  -------------------------------------------------------------------    -------------------

                         (clock sys_clk_pin rise edge)
                                                     10.000    10.000 r  
    E3                                                0.000    10.000 r  clk (IN)
                         net (fo=0)                   0.000    10.000    clk
    E3                   IBUF (Prop_ibuf_I_O)         1.411    11.411 r  clk_IBUF_inst/O
                         net (fo=1, routed)           1.920    13.331    clk_IBUF
    BUFGCTRL_X0Y16       BUFG (Prop_bufg_I_O)         0.091    13.422 r  clk_IBUF_BUFG_inst/O
                         net (fo=65, routed)          1.590    15.012    CE_generator_50Hz_inst/CLK
    SLICE_X2Y101         FDRE                                         r  CE_generator_50Hz_inst/count_reg[11]/C
                         clock pessimism              0.275    15.287    
                         clock uncertainty           -0.035    15.252    
    SLICE_X2Y101         FDRE (Setup_fdre_C_R)       -0.524    14.728    CE_generator_50Hz_inst/count_reg[11]
  -------------------------------------------------------------------
                         required time                         14.728    
                         arrival time                          -8.297    
  -------------------------------------------------------------------
                         slack                                  6.431    





Min Delay Paths
--------------------------------------------------------------------------------------
Slack (MET) :             0.071ns  (arrival time - required time)
  Source:                 CE_generator_50Hz_inst/count_reg[0]/C
                            (rising edge-triggered cell FDRE clocked by sys_clk_pin  {rise@0.000ns fall@5.000ns period=10.000ns})
  Destination:            CE_generator_50Hz_inst/count_reg[1]/D
                            (rising edge-triggered cell FDRE clocked by sys_clk_pin  {rise@0.000ns fall@5.000ns period=10.000ns})
  Path Group:             sys_clk_pin
  Path Type:              Hold (Min at Fast Process Corner)
  Requirement:            0.000ns  (sys_clk_pin rise@0.000ns - sys_clk_pin rise@0.000ns)
  Data Path Delay:        0.483ns  (logic 0.299ns (61.844%)  route 0.184ns (38.156%))
  Logic Levels:           1  (CARRY4=1)
  Clock Path Skew:        0.279ns (DCD - SCD - CPR)
    Destination Clock Delay (DCD):    2.043ns
    Source Clock Delay      (SCD):    1.518ns
    Clock Pessimism Removal (CPR):    0.245ns

    Location             Delay type                Incr(ns)  Path(ns)    Netlist Resource(s)
  -------------------------------------------------------------------    -------------------
                         (clock sys_clk_pin rise edge)
                                                      0.000     0.000 r  
    E3                                                0.000     0.000 r  clk (IN)
                         net (fo=0)                   0.000     0.000    clk
    E3                   IBUF (Prop_ibuf_I_O)         0.250     0.250 r  clk_IBUF_inst/O
                         net (fo=1, routed)           0.644     0.894    clk_IBUF
    BUFGCTRL_X0Y16       BUFG (Prop_bufg_I_O)         0.026     0.920 r  clk_IBUF_BUFG_inst/O
                         net (fo=65, routed)          0.599     1.518    CE_generator_50Hz_inst/CLK
    SLICE_X3Y100         FDRE                                         r  CE_generator_50Hz_inst/count_reg[0]/C
  -------------------------------------------------------------------    -------------------
    SLICE_X3Y100         FDRE (Prop_fdre_C_Q)         0.141     1.659 r  CE_generator_50Hz_inst/count_reg[0]/Q
                         net (fo=3, routed)           0.184     1.844    CE_generator_50Hz_inst/count_reg_n_0_[0]
    SLICE_X2Y99          CARRY4 (Prop_carry4_CYINIT_O[0])
                                                      0.158     2.002 r  CE_generator_50Hz_inst/count0_carry/O[0]
                         net (fo=1, routed)           0.000     2.002    CE_generator_50Hz_inst/count0_carry_n_7
    SLICE_X2Y99          FDRE                                         r  CE_generator_50Hz_inst/count_reg[1]/D
  -------------------------------------------------------------------    -------------------

                         (clock sys_clk_pin rise edge)
                                                      0.000     0.000 r  
    E3                                                0.000     0.000 r  clk (IN)
                         net (fo=0)                   0.000     0.000    clk
    E3                   IBUF (Prop_ibuf_I_O)         0.438     0.438 r  clk_IBUF_inst/O
                         net (fo=1, routed)           0.699     1.136    clk_IBUF
    BUFGCTRL_X0Y16       BUFG (Prop_bufg_I_O)         0.029     1.165 r  clk_IBUF_BUFG_inst/O
                         net (fo=65, routed)          0.878     2.043    CE_generator_50Hz_inst/CLK
    SLICE_X2Y99          FDRE                                         r  CE_generator_50Hz_inst/count_reg[1]/C
                         clock pessimism             -0.245     1.797    
    SLICE_X2Y99          FDRE (Hold_fdre_C_D)         0.134     1.931    CE_generator_50Hz_inst/count_reg[1]
  -------------------------------------------------------------------
                         required time                         -1.931    
                         arrival time                           2.002    
  -------------------------------------------------------------------
                         slack                                  0.071    

Slack (MET) :             0.085ns  (arrival time - required time)
  Source:                 CE_generator_50Hz_inst/count_reg[0]/C
                            (rising edge-triggered cell FDRE clocked by sys_clk_pin  {rise@0.000ns fall@5.000ns period=10.000ns})
  Destination:            CE_generator_50Hz_inst/count_reg[3]/D
                            (rising edge-triggered cell FDRE clocked by sys_clk_pin  {rise@0.000ns fall@5.000ns period=10.000ns})
  Path Group:             sys_clk_pin
  Path Type:              Hold (Min at Fast Process Corner)
  Requirement:            0.000ns  (sys_clk_pin rise@0.000ns - sys_clk_pin rise@0.000ns)
  Data Path Delay:        0.497ns  (logic 0.313ns (62.918%)  route 0.184ns (37.082%))
  Logic Levels:           1  (CARRY4=1)
  Clock Path Skew:        0.279ns (DCD - SCD - CPR)
    Destination Clock Delay (DCD):    2.043ns
    Source Clock Delay      (SCD):    1.518ns
    Clock Pessimism Removal (CPR):    0.245ns

    Location             Delay type                Incr(ns)  Path(ns)    Netlist Resource(s)
  -------------------------------------------------------------------    -------------------
                         (clock sys_clk_pin rise edge)
                                                      0.000     0.000 r  
    E3                                                0.000     0.000 r  clk (IN)
                         net (fo=0)                   0.000     0.000    clk
    E3                   IBUF (Prop_ibuf_I_O)         0.250     0.250 r  clk_IBUF_inst/O
                         net (fo=1, routed)           0.644     0.894    clk_IBUF
    BUFGCTRL_X0Y16       BUFG (Prop_bufg_I_O)         0.026     0.920 r  clk_IBUF_BUFG_inst/O
                         net (fo=65, routed)          0.599     1.518    CE_generator_50Hz_inst/CLK
    SLICE_X3Y100         FDRE                                         r  CE_generator_50Hz_inst/count_reg[0]/C
  -------------------------------------------------------------------    -------------------
    SLICE_X3Y100         FDRE (Prop_fdre_C_Q)         0.141     1.659 r  CE_generator_50Hz_inst/count_reg[0]/Q
                         net (fo=3, routed)           0.184     1.844    CE_generator_50Hz_inst/count_reg_n_0_[0]
    SLICE_X2Y99          CARRY4 (Prop_carry4_CYINIT_O[2])
                                                      0.172     2.016 r  CE_generator_50Hz_inst/count0_carry/O[2]
                         net (fo=1, routed)           0.000     2.016    CE_generator_50Hz_inst/count0_carry_n_5
    SLICE_X2Y99          FDRE                                         r  CE_generator_50Hz_inst/count_reg[3]/D
  -------------------------------------------------------------------    -------------------

                         (clock sys_clk_pin rise edge)
                                                      0.000     0.000 r  
    E3                                                0.000     0.000 r  clk (IN)
                         net (fo=0)                   0.000     0.000    clk
    E3                   IBUF (Prop_ibuf_I_O)         0.438     0.438 r  clk_IBUF_inst/O
                         net (fo=1, routed)           0.699     1.136    clk_IBUF
    BUFGCTRL_X0Y16       BUFG (Prop_bufg_I_O)         0.029     1.165 r  clk_IBUF_BUFG_inst/O
                         net (fo=65, routed)          0.878     2.043    CE_generator_50Hz_inst/CLK
    SLICE_X2Y99          FDRE                                         r  CE_generator_50Hz_inst/count_reg[3]/C
                         clock pessimism             -0.245     1.797    
    SLICE_X2Y99          FDRE (Hold_fdre_C_D)         0.134     1.931    CE_generator_50Hz_inst/count_reg[3]
  -------------------------------------------------------------------
                         required time                         -1.931    
                         arrival time                           2.016    
  -------------------------------------------------------------------
                         slack                                  0.085    

Slack (MET) :             0.097ns  (arrival time - required time)
  Source:                 CE_generator_50Hz_inst/count_reg[0]/C
                            (rising edge-triggered cell FDRE clocked by sys_clk_pin  {rise@0.000ns fall@5.000ns period=10.000ns})
  Destination:            CE_generator_50Hz_inst/count_reg[2]/D
                            (rising edge-triggered cell FDRE clocked by sys_clk_pin  {rise@0.000ns fall@5.000ns period=10.000ns})
  Path Group:             sys_clk_pin
  Path Type:              Hold (Min at Fast Process Corner)
  Requirement:            0.000ns  (sys_clk_pin rise@0.000ns - sys_clk_pin rise@0.000ns)
  Data Path Delay:        0.509ns  (logic 0.325ns (63.792%)  route 0.184ns (36.208%))
  Logic Levels:           1  (CARRY4=1)
  Clock Path Skew:        0.279ns (DCD - SCD - CPR)
    Destination Clock Delay (DCD):    2.043ns
    Source Clock Delay      (SCD):    1.518ns
    Clock Pessimism Removal (CPR):    0.245ns

    Location             Delay type                Incr(ns)  Path(ns)    Netlist Resource(s)
  -------------------------------------------------------------------    -------------------
                         (clock sys_clk_pin rise edge)
                                                      0.000     0.000 r  
    E3                                                0.000     0.000 r  clk (IN)
                         net (fo=0)                   0.000     0.000    clk
    E3                   IBUF (Prop_ibuf_I_O)         0.250     0.250 r  clk_IBUF_inst/O
                         net (fo=1, routed)           0.644     0.894    clk_IBUF
    BUFGCTRL_X0Y16       BUFG (Prop_bufg_I_O)         0.026     0.920 r  clk_IBUF_BUFG_inst/O
                         net (fo=65, routed)          0.599     1.518    CE_generator_50Hz_inst/CLK
    SLICE_X3Y100         FDRE                                         r  CE_generator_50Hz_inst/count_reg[0]/C
  -------------------------------------------------------------------    -------------------
    SLICE_X3Y100         FDRE (Prop_fdre_C_Q)         0.141     1.659 r  CE_generator_50Hz_inst/count_reg[0]/Q
                         net (fo=3, routed)           0.184     1.844    CE_generator_50Hz_inst/count_reg_n_0_[0]
    SLICE_X2Y99          CARRY4 (Prop_carry4_CYINIT_O[1])
                                                      0.184     2.028 r  CE_generator_50Hz_inst/count0_carry/O[1]
                         net (fo=1, routed)           0.000     2.028    CE_generator_50Hz_inst/count0_carry_n_6
    SLICE_X2Y99          FDRE                                         r  CE_generator_50Hz_inst/count_reg[2]/D
  -------------------------------------------------------------------    -------------------

                         (clock sys_clk_pin rise edge)
                                                      0.000     0.000 r  
    E3                                                0.000     0.000 r  clk (IN)
                         net (fo=0)                   0.000     0.000    clk
    E3                   IBUF (Prop_ibuf_I_O)         0.438     0.438 r  clk_IBUF_inst/O
                         net (fo=1, routed)           0.699     1.136    clk_IBUF
    BUFGCTRL_X0Y16       BUFG (Prop_bufg_I_O)         0.029     1.165 r  clk_IBUF_BUFG_inst/O
                         net (fo=65, routed)          0.878     2.043    CE_generator_50Hz_inst/CLK
    SLICE_X2Y99          FDRE                                         r  CE_generator_50Hz_inst/count_reg[2]/C
                         clock pessimism             -0.245     1.797    
    SLICE_X2Y99          FDRE (Hold_fdre_C_D)         0.134     1.931    CE_generator_50Hz_inst/count_reg[2]
  -------------------------------------------------------------------
                         required time                         -1.931    
                         arrival time                           2.028    
  -------------------------------------------------------------------
                         slack                                  0.097    

Slack (MET) :             0.099ns  (arrival time - required time)
  Source:                 CE_generator_50Hz_inst/count_reg[3]/C
                            (rising edge-triggered cell FDRE clocked by sys_clk_pin  {rise@0.000ns fall@5.000ns period=10.000ns})
  Destination:            CE_generator_50Hz_inst/count_reg[5]/D
                            (rising edge-triggered cell FDRE clocked by sys_clk_pin  {rise@0.000ns fall@5.000ns period=10.000ns})
  Path Group:             sys_clk_pin
  Path Type:              Hold (Min at Fast Process Corner)
  Requirement:            0.000ns  (sys_clk_pin rise@0.000ns - sys_clk_pin rise@0.000ns)
  Data Path Delay:        0.500ns  (logic 0.373ns (74.560%)  route 0.127ns (25.440%))
  Logic Levels:           2  (CARRY4=2)
  Clock Path Skew:        0.267ns (DCD - SCD - CPR)
    Destination Clock Delay (DCD):    2.037ns
    Source Clock Delay      (SCD):    1.524ns
    Clock Pessimism Removal (CPR):    0.245ns

    Location             Delay type                Incr(ns)  Path(ns)    Netlist Resource(s)
  -------------------------------------------------------------------    -------------------
                         (clock sys_clk_pin rise edge)
                                                      0.000     0.000 r  
    E3                                                0.000     0.000 r  clk (IN)
                         net (fo=0)                   0.000     0.000    clk
    E3                   IBUF (Prop_ibuf_I_O)         0.250     0.250 r  clk_IBUF_inst/O
                         net (fo=1, routed)           0.644     0.894    clk_IBUF
    BUFGCTRL_X0Y16       BUFG (Prop_bufg_I_O)         0.026     0.920 r  clk_IBUF_BUFG_inst/O
                         net (fo=65, routed)          0.605     1.524    CE_generator_50Hz_inst/CLK
    SLICE_X2Y99          FDRE                                         r  CE_generator_50Hz_inst/count_reg[3]/C
  -------------------------------------------------------------------    -------------------
    SLICE_X2Y99          FDRE (Prop_fdre_C_Q)         0.164     1.688 r  CE_generator_50Hz_inst/count_reg[3]/Q
                         net (fo=2, routed)           0.127     1.815    CE_generator_50Hz_inst/count_reg_n_0_[3]
    SLICE_X2Y99          CARRY4 (Prop_carry4_S[2]_CO[3])
                                                      0.156     1.971 r  CE_generator_50Hz_inst/count0_carry/CO[3]
                         net (fo=1, routed)           0.001     1.972    CE_generator_50Hz_inst/count0_carry_n_0
    SLICE_X2Y100         CARRY4 (Prop_carry4_CI_O[0])
                                                      0.053     2.025 r  CE_generator_50Hz_inst/count0_carry__0/O[0]
                         net (fo=1, routed)           0.000     2.025    CE_generator_50Hz_inst/count0_carry__0_n_7
    SLICE_X2Y100         FDRE                                         r  CE_generator_50Hz_inst/count_reg[5]/D
  -------------------------------------------------------------------    -------------------

                         (clock sys_clk_pin rise edge)
                                                      0.000     0.000 r  
    E3                                                0.000     0.000 r  clk (IN)
                         net (fo=0)                   0.000     0.000    clk
    E3                   IBUF (Prop_ibuf_I_O)         0.438     0.438 r  clk_IBUF_inst/O
                         net (fo=1, routed)           0.699     1.136    clk_IBUF
    BUFGCTRL_X0Y16       BUFG (Prop_bufg_I_O)         0.029     1.165 r  clk_IBUF_BUFG_inst/O
                         net (fo=65, routed)          0.872     2.037    CE_generator_50Hz_inst/CLK
    SLICE_X2Y100         FDRE                                         r  CE_generator_50Hz_inst/count_reg[5]/C
                         clock pessimism             -0.245     1.791    
    SLICE_X2Y100         FDRE (Hold_fdre_C_D)         0.134     1.925    CE_generator_50Hz_inst/count_reg[5]
  -------------------------------------------------------------------
                         required time                         -1.925    
                         arrival time                           2.025    
  -------------------------------------------------------------------
                         slack                                  0.099    

Slack (MET) :             0.109ns  (arrival time - required time)
  Source:                 CE_generator_50Hz_inst/count_reg[0]/C
                            (rising edge-triggered cell FDRE clocked by sys_clk_pin  {rise@0.000ns fall@5.000ns period=10.000ns})
  Destination:            CE_generator_50Hz_inst/count_reg[4]/D
                            (rising edge-triggered cell FDRE clocked by sys_clk_pin  {rise@0.000ns fall@5.000ns period=10.000ns})
  Path Group:             sys_clk_pin
  Path Type:              Hold (Min at Fast Process Corner)
  Requirement:            0.000ns  (sys_clk_pin rise@0.000ns - sys_clk_pin rise@0.000ns)
  Data Path Delay:        0.521ns  (logic 0.337ns (64.625%)  route 0.184ns (35.375%))
  Logic Levels:           1  (CARRY4=1)
  Clock Path Skew:        0.279ns (DCD - SCD - CPR)
    Destination Clock Delay (DCD):    2.043ns
    Source Clock Delay      (SCD):    1.518ns
    Clock Pessimism Removal (CPR):    0.245ns

    Location             Delay type                Incr(ns)  Path(ns)    Netlist Resource(s)
  -------------------------------------------------------------------    -------------------
                         (clock sys_clk_pin rise edge)
                                                      0.000     0.000 r  
    E3                                                0.000     0.000 r  clk (IN)
                         net (fo=0)                   0.000     0.000    clk
    E3                   IBUF (Prop_ibuf_I_O)         0.250     0.250 r  clk_IBUF_inst/O
                         net (fo=1, routed)           0.644     0.894    clk_IBUF
    BUFGCTRL_X0Y16       BUFG (Prop_bufg_I_O)         0.026     0.920 r  clk_IBUF_BUFG_inst/O
                         net (fo=65, routed)          0.599     1.518    CE_generator_50Hz_inst/CLK
    SLICE_X3Y100         FDRE                                         r  CE_generator_50Hz_inst/count_reg[0]/C
  -------------------------------------------------------------------    -------------------
    SLICE_X3Y100         FDRE (Prop_fdre_C_Q)         0.141     1.659 r  CE_generator_50Hz_inst/count_reg[0]/Q
                         net (fo=3, routed)           0.184     1.844    CE_generator_50Hz_inst/count_reg_n_0_[0]
    SLICE_X2Y99          CARRY4 (Prop_carry4_CYINIT_O[3])
                                                      0.196     2.040 r  CE_generator_50Hz_inst/count0_carry/O[3]
                         net (fo=1, routed)           0.000     2.040    CE_generator_50Hz_inst/count0_carry_n_4
    SLICE_X2Y99          FDRE                                         r  CE_generator_50Hz_inst/count_reg[4]/D
  -------------------------------------------------------------------    -------------------

                         (clock sys_clk_pin rise edge)
                                                      0.000     0.000 r  
    E3                                                0.000     0.000 r  clk (IN)
                         net (fo=0)                   0.000     0.000    clk
    E3                   IBUF (Prop_ibuf_I_O)         0.438     0.438 r  clk_IBUF_inst/O
                         net (fo=1, routed)           0.699     1.136    clk_IBUF
    BUFGCTRL_X0Y16       BUFG (Prop_bufg_I_O)         0.029     1.165 r  clk_IBUF_BUFG_inst/O
                         net (fo=65, routed)          0.878     2.043    CE_generator_50Hz_inst/CLK
    SLICE_X2Y99          FDRE                                         r  CE_generator_50Hz_inst/count_reg[4]/C
                         clock pessimism             -0.245     1.797    
    SLICE_X2Y99          FDRE (Hold_fdre_C_D)         0.134     1.931    CE_generator_50Hz_inst/count_reg[4]
  -------------------------------------------------------------------
                         required time                         -1.931    
                         arrival time                           2.040    
  -------------------------------------------------------------------
                         slack                                  0.109    

Slack (MET) :             0.112ns  (arrival time - required time)
  Source:                 CE_generator_50Hz_inst/count_reg[3]/C
                            (rising edge-triggered cell FDRE clocked by sys_clk_pin  {rise@0.000ns fall@5.000ns period=10.000ns})
  Destination:            CE_generator_50Hz_inst/count_reg[7]/D
                            (rising edge-triggered cell FDRE clocked by sys_clk_pin  {rise@0.000ns fall@5.000ns period=10.000ns})
  Path Group:             sys_clk_pin
  Path Type:              Hold (Min at Fast Process Corner)
  Requirement:            0.000ns  (sys_clk_pin rise@0.000ns - sys_clk_pin rise@0.000ns)
  Data Path Delay:        0.513ns  (logic 0.386ns (75.204%)  route 0.127ns (24.796%))
  Logic Levels:           2  (CARRY4=2)
  Clock Path Skew:        0.267ns (DCD - SCD - CPR)
    Destination Clock Delay (DCD):    2.037ns
    Source Clock Delay      (SCD):    1.524ns
    Clock Pessimism Removal (CPR):    0.245ns

    Location             Delay type                Incr(ns)  Path(ns)    Netlist Resource(s)
  -------------------------------------------------------------------    -------------------
                         (clock sys_clk_pin rise edge)
                                                      0.000     0.000 r  
    E3                                                0.000     0.000 r  clk (IN)
                         net (fo=0)                   0.000     0.000    clk
    E3                   IBUF (Prop_ibuf_I_O)         0.250     0.250 r  clk_IBUF_inst/O
                         net (fo=1, routed)           0.644     0.894    clk_IBUF
    BUFGCTRL_X0Y16       BUFG (Prop_bufg_I_O)         0.026     0.920 r  clk_IBUF_BUFG_inst/O
                         net (fo=65, routed)          0.605     1.524    CE_generator_50Hz_inst/CLK
    SLICE_X2Y99          FDRE                                         r  CE_generator_50Hz_inst/count_reg[3]/C
  -------------------------------------------------------------------    -------------------
    SLICE_X2Y99          FDRE (Prop_fdre_C_Q)         0.164     1.688 r  CE_generator_50Hz_inst/count_reg[3]/Q
                         net (fo=2, routed)           0.127     1.815    CE_generator_50Hz_inst/count_reg_n_0_[3]
    SLICE_X2Y99          CARRY4 (Prop_carry4_S[2]_CO[3])
                                                      0.156     1.971 r  CE_generator_50Hz_inst/count0_carry/CO[3]
                         net (fo=1, routed)           0.001     1.972    CE_generator_50Hz_inst/count0_carry_n_0
    SLICE_X2Y100         CARRY4 (Prop_carry4_CI_O[2])
                                                      0.066     2.038 r  CE_generator_50Hz_inst/count0_carry__0/O[2]
                         net (fo=1, routed)           0.000     2.038    CE_generator_50Hz_inst/count0_carry__0_n_5
    SLICE_X2Y100         FDRE                                         r  CE_generator_50Hz_inst/count_reg[7]/D
  -------------------------------------------------------------------    -------------------

                         (clock sys_clk_pin rise edge)
                                                      0.000     0.000 r  
    E3                                                0.000     0.000 r  clk (IN)
                         net (fo=0)                   0.000     0.000    clk
    E3                   IBUF (Prop_ibuf_I_O)         0.438     0.438 r  clk_IBUF_inst/O
                         net (fo=1, routed)           0.699     1.136    clk_IBUF
    BUFGCTRL_X0Y16       BUFG (Prop_bufg_I_O)         0.029     1.165 r  clk_IBUF_BUFG_inst/O
                         net (fo=65, routed)          0.872     2.037    CE_generator_50Hz_inst/CLK
    SLICE_X2Y100         FDRE                                         r  CE_generator_50Hz_inst/count_reg[7]/C
                         clock pessimism             -0.245     1.791    
    SLICE_X2Y100         FDRE (Hold_fdre_C_D)         0.134     1.925    CE_generator_50Hz_inst/count_reg[7]
  -------------------------------------------------------------------
                         required time                         -1.925    
                         arrival time                           2.038    
  -------------------------------------------------------------------
                         slack                                  0.112    

Slack (MET) :             0.135ns  (arrival time - required time)
  Source:                 CE_generator_50Hz_inst/count_reg[3]/C
                            (rising edge-triggered cell FDRE clocked by sys_clk_pin  {rise@0.000ns fall@5.000ns period=10.000ns})
  Destination:            CE_generator_50Hz_inst/count_reg[6]/D
                            (rising edge-triggered cell FDRE clocked by sys_clk_pin  {rise@0.000ns fall@5.000ns period=10.000ns})
  Path Group:             sys_clk_pin
  Path Type:              Hold (Min at Fast Process Corner)
  Requirement:            0.000ns  (sys_clk_pin rise@0.000ns - sys_clk_pin rise@0.000ns)
  Data Path Delay:        0.536ns  (logic 0.409ns (76.267%)  route 0.127ns (23.733%))
  Logic Levels:           2  (CARRY4=2)
  Clock Path Skew:        0.267ns (DCD - SCD - CPR)
    Destination Clock Delay (DCD):    2.037ns
    Source Clock Delay      (SCD):    1.524ns
    Clock Pessimism Removal (CPR):    0.245ns

    Location             Delay type                Incr(ns)  Path(ns)    Netlist Resource(s)
  -------------------------------------------------------------------    -------------------
                         (clock sys_clk_pin rise edge)
                                                      0.000     0.000 r  
    E3                                                0.000     0.000 r  clk (IN)
                         net (fo=0)                   0.000     0.000    clk
    E3                   IBUF (Prop_ibuf_I_O)         0.250     0.250 r  clk_IBUF_inst/O
                         net (fo=1, routed)           0.644     0.894    clk_IBUF
    BUFGCTRL_X0Y16       BUFG (Prop_bufg_I_O)         0.026     0.920 r  clk_IBUF_BUFG_inst/O
                         net (fo=65, routed)          0.605     1.524    CE_generator_50Hz_inst/CLK
    SLICE_X2Y99          FDRE                                         r  CE_generator_50Hz_inst/count_reg[3]/C
  -------------------------------------------------------------------    -------------------
    SLICE_X2Y99          FDRE (Prop_fdre_C_Q)         0.164     1.688 r  CE_generator_50Hz_inst/count_reg[3]/Q
                         net (fo=2, routed)           0.127     1.815    CE_generator_50Hz_inst/count_reg_n_0_[3]
    SLICE_X2Y99          CARRY4 (Prop_carry4_S[2]_CO[3])
                                                      0.156     1.971 r  CE_generator_50Hz_inst/count0_carry/CO[3]
                         net (fo=1, routed)           0.001     1.972    CE_generator_50Hz_inst/count0_carry_n_0
    SLICE_X2Y100         CARRY4 (Prop_carry4_CI_O[1])
                                                      0.089     2.061 r  CE_generator_50Hz_inst/count0_carry__0/O[1]
                         net (fo=1, routed)           0.000     2.061    CE_generator_50Hz_inst/count0_carry__0_n_6
    SLICE_X2Y100         FDRE                                         r  CE_generator_50Hz_inst/count_reg[6]/D
  -------------------------------------------------------------------    -------------------

                         (clock sys_clk_pin rise edge)
                                                      0.000     0.000 r  
    E3                                                0.000     0.000 r  clk (IN)
                         net (fo=0)                   0.000     0.000    clk
    E3                   IBUF (Prop_ibuf_I_O)         0.438     0.438 r  clk_IBUF_inst/O
                         net (fo=1, routed)           0.699     1.136    clk_IBUF
    BUFGCTRL_X0Y16       BUFG (Prop_bufg_I_O)         0.029     1.165 r  clk_IBUF_BUFG_inst/O
                         net (fo=65, routed)          0.872     2.037    CE_generator_50Hz_inst/CLK
    SLICE_X2Y100         FDRE                                         r  CE_generator_50Hz_inst/count_reg[6]/C
                         clock pessimism             -0.245     1.791    
    SLICE_X2Y100         FDRE (Hold_fdre_C_D)         0.134     1.925    CE_generator_50Hz_inst/count_reg[6]
  -------------------------------------------------------------------
                         required time                         -1.925    
                         arrival time                           2.061    
  -------------------------------------------------------------------
                         slack                                  0.135    

Slack (MET) :             0.137ns  (arrival time - required time)
  Source:                 CE_generator_50Hz_inst/count_reg[3]/C
                            (rising edge-triggered cell FDRE clocked by sys_clk_pin  {rise@0.000ns fall@5.000ns period=10.000ns})
  Destination:            CE_generator_50Hz_inst/count_reg[8]/D
                            (rising edge-triggered cell FDRE clocked by sys_clk_pin  {rise@0.000ns fall@5.000ns period=10.000ns})
  Path Group:             sys_clk_pin
  Path Type:              Hold (Min at Fast Process Corner)
  Requirement:            0.000ns  (sys_clk_pin rise@0.000ns - sys_clk_pin rise@0.000ns)
  Data Path Delay:        0.538ns  (logic 0.411ns (76.356%)  route 0.127ns (23.644%))
  Logic Levels:           2  (CARRY4=2)
  Clock Path Skew:        0.267ns (DCD - SCD - CPR)
    Destination Clock Delay (DCD):    2.037ns
    Source Clock Delay      (SCD):    1.524ns
    Clock Pessimism Removal (CPR):    0.245ns

    Location             Delay type                Incr(ns)  Path(ns)    Netlist Resource(s)
  -------------------------------------------------------------------    -------------------
                         (clock sys_clk_pin rise edge)
                                                      0.000     0.000 r  
    E3                                                0.000     0.000 r  clk (IN)
                         net (fo=0)                   0.000     0.000    clk
    E3                   IBUF (Prop_ibuf_I_O)         0.250     0.250 r  clk_IBUF_inst/O
                         net (fo=1, routed)           0.644     0.894    clk_IBUF
    BUFGCTRL_X0Y16       BUFG (Prop_bufg_I_O)         0.026     0.920 r  clk_IBUF_BUFG_inst/O
                         net (fo=65, routed)          0.605     1.524    CE_generator_50Hz_inst/CLK
    SLICE_X2Y99          FDRE                                         r  CE_generator_50Hz_inst/count_reg[3]/C
  -------------------------------------------------------------------    -------------------
    SLICE_X2Y99          FDRE (Prop_fdre_C_Q)         0.164     1.688 r  CE_generator_50Hz_inst/count_reg[3]/Q
                         net (fo=2, routed)           0.127     1.815    CE_generator_50Hz_inst/count_reg_n_0_[3]
    SLICE_X2Y99          CARRY4 (Prop_carry4_S[2]_CO[3])
                                                      0.156     1.971 r  CE_generator_50Hz_inst/count0_carry/CO[3]
                         net (fo=1, routed)           0.001     1.972    CE_generator_50Hz_inst/count0_carry_n_0
    SLICE_X2Y100         CARRY4 (Prop_carry4_CI_O[3])
                                                      0.091     2.063 r  CE_generator_50Hz_inst/count0_carry__0/O[3]
                         net (fo=1, routed)           0.000     2.063    CE_generator_50Hz_inst/count0_carry__0_n_4
    SLICE_X2Y100         FDRE                                         r  CE_generator_50Hz_inst/count_reg[8]/D
  -------------------------------------------------------------------    -------------------

                         (clock sys_clk_pin rise edge)
                                                      0.000     0.000 r  
    E3                                                0.000     0.000 r  clk (IN)
                         net (fo=0)                   0.000     0.000    clk
    E3                   IBUF (Prop_ibuf_I_O)         0.438     0.438 r  clk_IBUF_inst/O
                         net (fo=1, routed)           0.699     1.136    clk_IBUF
    BUFGCTRL_X0Y16       BUFG (Prop_bufg_I_O)         0.029     1.165 r  clk_IBUF_BUFG_inst/O
                         net (fo=65, routed)          0.872     2.037    CE_generator_50Hz_inst/CLK
    SLICE_X2Y100         FDRE                                         r  CE_generator_50Hz_inst/count_reg[8]/C
                         clock pessimism             -0.245     1.791    
    SLICE_X2Y100         FDRE (Hold_fdre_C_D)         0.134     1.925    CE_generator_50Hz_inst/count_reg[8]
  -------------------------------------------------------------------
                         required time                         -1.925    
                         arrival time                           2.063    
  -------------------------------------------------------------------
                         slack                                  0.137    

Slack (MET) :             0.139ns  (arrival time - required time)
  Source:                 CE_generator_50Hz_inst/count_reg[3]/C
                            (rising edge-triggered cell FDRE clocked by sys_clk_pin  {rise@0.000ns fall@5.000ns period=10.000ns})
  Destination:            CE_generator_50Hz_inst/count_reg[9]/D
                            (rising edge-triggered cell FDRE clocked by sys_clk_pin  {rise@0.000ns fall@5.000ns period=10.000ns})
  Path Group:             sys_clk_pin
  Path Type:              Hold (Min at Fast Process Corner)
  Requirement:            0.000ns  (sys_clk_pin rise@0.000ns - sys_clk_pin rise@0.000ns)
  Data Path Delay:        0.540ns  (logic 0.413ns (76.443%)  route 0.127ns (23.557%))
  Logic Levels:           3  (CARRY4=3)
  Clock Path Skew:        0.267ns (DCD - SCD - CPR)
    Destination Clock Delay (DCD):    2.037ns
    Source Clock Delay      (SCD):    1.524ns
    Clock Pessimism Removal (CPR):    0.245ns

    Location             Delay type                Incr(ns)  Path(ns)    Netlist Resource(s)
  -------------------------------------------------------------------    -------------------
                         (clock sys_clk_pin rise edge)
                                                      0.000     0.000 r  
    E3                                                0.000     0.000 r  clk (IN)
                         net (fo=0)                   0.000     0.000    clk
    E3                   IBUF (Prop_ibuf_I_O)         0.250     0.250 r  clk_IBUF_inst/O
                         net (fo=1, routed)           0.644     0.894    clk_IBUF
    BUFGCTRL_X0Y16       BUFG (Prop_bufg_I_O)         0.026     0.920 r  clk_IBUF_BUFG_inst/O
                         net (fo=65, routed)          0.605     1.524    CE_generator_50Hz_inst/CLK
    SLICE_X2Y99          FDRE                                         r  CE_generator_50Hz_inst/count_reg[3]/C
  -------------------------------------------------------------------    -------------------
    SLICE_X2Y99          FDRE (Prop_fdre_C_Q)         0.164     1.688 r  CE_generator_50Hz_inst/count_reg[3]/Q
                         net (fo=2, routed)           0.127     1.815    CE_generator_50Hz_inst/count_reg_n_0_[3]
    SLICE_X2Y99          CARRY4 (Prop_carry4_S[2]_CO[3])
                                                      0.156     1.971 r  CE_generator_50Hz_inst/count0_carry/CO[3]
                         net (fo=1, routed)           0.001     1.972    CE_generator_50Hz_inst/count0_carry_n_0
    SLICE_X2Y100         CARRY4 (Prop_carry4_CI_CO[3])
                                                      0.040     2.012 r  CE_generator_50Hz_inst/count0_carry__0/CO[3]
                         net (fo=1, routed)           0.000     2.012    CE_generator_50Hz_inst/count0_carry__0_n_0
    SLICE_X2Y101         CARRY4 (Prop_carry4_CI_O[0])
                                                      0.053     2.065 r  CE_generator_50Hz_inst/count0_carry__1/O[0]
                         net (fo=1, routed)           0.000     2.065    CE_generator_50Hz_inst/count0_carry__1_n_7
    SLICE_X2Y101         FDRE                                         r  CE_generator_50Hz_inst/count_reg[9]/D
  -------------------------------------------------------------------    -------------------

                         (clock sys_clk_pin rise edge)
                                                      0.000     0.000 r  
    E3                                                0.000     0.000 r  clk (IN)
                         net (fo=0)                   0.000     0.000    clk
    E3                   IBUF (Prop_ibuf_I_O)         0.438     0.438 r  clk_IBUF_inst/O
                         net (fo=1, routed)           0.699     1.136    clk_IBUF
    BUFGCTRL_X0Y16       BUFG (Prop_bufg_I_O)         0.029     1.165 r  clk_IBUF_BUFG_inst/O
                         net (fo=65, routed)          0.872     2.037    CE_generator_50Hz_inst/CLK
    SLICE_X2Y101         FDRE                                         r  CE_generator_50Hz_inst/count_reg[9]/C
                         clock pessimism             -0.245     1.791    
    SLICE_X2Y101         FDRE (Hold_fdre_C_D)         0.134     1.925    CE_generator_50Hz_inst/count_reg[9]
  -------------------------------------------------------------------
                         required time                         -1.925    
                         arrival time                           2.065    
  -------------------------------------------------------------------
                         slack                                  0.139    

Slack (MET) :             0.152ns  (arrival time - required time)
  Source:                 CE_generator_50Hz_inst/count_reg[3]/C
                            (rising edge-triggered cell FDRE clocked by sys_clk_pin  {rise@0.000ns fall@5.000ns period=10.000ns})
  Destination:            CE_generator_50Hz_inst/count_reg[11]/D
                            (rising edge-triggered cell FDRE clocked by sys_clk_pin  {rise@0.000ns fall@5.000ns period=10.000ns})
  Path Group:             sys_clk_pin
  Path Type:              Hold (Min at Fast Process Corner)
  Requirement:            0.000ns  (sys_clk_pin rise@0.000ns - sys_clk_pin rise@0.000ns)
  Data Path Delay:        0.553ns  (logic 0.426ns (76.997%)  route 0.127ns (23.003%))
  Logic Levels:           3  (CARRY4=3)
  Clock Path Skew:        0.267ns (DCD - SCD - CPR)
    Destination Clock Delay (DCD):    2.037ns
    Source Clock Delay      (SCD):    1.524ns
    Clock Pessimism Removal (CPR):    0.245ns

    Location             Delay type                Incr(ns)  Path(ns)    Netlist Resource(s)
  -------------------------------------------------------------------    -------------------
                         (clock sys_clk_pin rise edge)
                                                      0.000     0.000 r  
    E3                                                0.000     0.000 r  clk (IN)
                         net (fo=0)                   0.000     0.000    clk
    E3                   IBUF (Prop_ibuf_I_O)         0.250     0.250 r  clk_IBUF_inst/O
                         net (fo=1, routed)           0.644     0.894    clk_IBUF
    BUFGCTRL_X0Y16       BUFG (Prop_bufg_I_O)         0.026     0.920 r  clk_IBUF_BUFG_inst/O
                         net (fo=65, routed)          0.605     1.524    CE_generator_50Hz_inst/CLK
    SLICE_X2Y99          FDRE                                         r  CE_generator_50Hz_inst/count_reg[3]/C
  -------------------------------------------------------------------    -------------------
    SLICE_X2Y99          FDRE (Prop_fdre_C_Q)         0.164     1.688 r  CE_generator_50Hz_inst/count_reg[3]/Q
                         net (fo=2, routed)           0.127     1.815    CE_generator_50Hz_inst/count_reg_n_0_[3]
    SLICE_X2Y99          CARRY4 (Prop_carry4_S[2]_CO[3])
                                                      0.156     1.971 r  CE_generator_50Hz_inst/count0_carry/CO[3]
                         net (fo=1, routed)           0.001     1.972    CE_generator_50Hz_inst/count0_carry_n_0
    SLICE_X2Y100         CARRY4 (Prop_carry4_CI_CO[3])
                                                      0.040     2.012 r  CE_generator_50Hz_inst/count0_carry__0/CO[3]
                         net (fo=1, routed)           0.000     2.012    CE_generator_50Hz_inst/count0_carry__0_n_0
    SLICE_X2Y101         CARRY4 (Prop_carry4_CI_O[2])
                                                      0.066     2.078 r  CE_generator_50Hz_inst/count0_carry__1/O[2]
                         net (fo=1, routed)           0.000     2.078    CE_generator_50Hz_inst/count0_carry__1_n_5
    SLICE_X2Y101         FDRE                                         r  CE_generator_50Hz_inst/count_reg[11]/D
  -------------------------------------------------------------------    -------------------

                         (clock sys_clk_pin rise edge)
                                                      0.000     0.000 r  
    E3                                                0.000     0.000 r  clk (IN)
                         net (fo=0)                   0.000     0.000    clk
    E3                   IBUF (Prop_ibuf_I_O)         0.438     0.438 r  clk_IBUF_inst/O
                         net (fo=1, routed)           0.699     1.136    clk_IBUF
    BUFGCTRL_X0Y16       BUFG (Prop_bufg_I_O)         0.029     1.165 r  clk_IBUF_BUFG_inst/O
                         net (fo=65, routed)          0.872     2.037    CE_generator_50Hz_inst/CLK
    SLICE_X2Y101         FDRE                                         r  CE_generator_50Hz_inst/count_reg[11]/C
                         clock pessimism             -0.245     1.791    
    SLICE_X2Y101         FDRE (Hold_fdre_C_D)         0.134     1.925    CE_generator_50Hz_inst/count_reg[11]
  -------------------------------------------------------------------
                         required time                         -1.925    
                         arrival time                           2.078    
  -------------------------------------------------------------------
                         slack                                  0.152    





Pulse Width Checks
--------------------------------------------------------------------------------------
Clock Name:         sys_clk_pin
Waveform(ns):       { 0.000 5.000 }
Period(ns):         10.000
Sources:            { clk }

Check Type        Corner  Lib Pin  Reference Pin  Required(ns)  Actual(ns)  Slack(ns)  Location        Pin
Min Period        n/a     BUFG/I   n/a            2.155         10.000      7.845      BUFGCTRL_X0Y16  clk_IBUF_BUFG_inst/I
Min Period        n/a     FDRE/C   n/a            1.000         10.000      9.000      SLICE_X4Y101    CE_generator_25MHz_inst/ce_25MHz_reg/C
Min Period        n/a     FDRE/C   n/a            1.000         10.000      9.000      SLICE_X4Y101    CE_generator_25MHz_inst/count_reg[0]/C
Min Period        n/a     FDRE/C   n/a            1.000         10.000      9.000      SLICE_X4Y101    CE_generator_25MHz_inst/count_reg[1]/C
Min Period        n/a     FDRE/C   n/a            1.000         10.000      9.000      SLICE_X4Y101    CE_generator_50Hz_inst/ce_50Hz_reg/C
Min Period        n/a     FDRE/C   n/a            1.000         10.000      9.000      SLICE_X3Y100    CE_generator_50Hz_inst/count_reg[0]/C
Min Period        n/a     FDRE/C   n/a            1.000         10.000      9.000      SLICE_X2Y101    CE_generator_50Hz_inst/count_reg[10]/C
Min Period        n/a     FDRE/C   n/a            1.000         10.000      9.000      SLICE_X2Y101    CE_generator_50Hz_inst/count_reg[11]/C
Min Period        n/a     FDRE/C   n/a            1.000         10.000      9.000      SLICE_X2Y101    CE_generator_50Hz_inst/count_reg[12]/C
Min Period        n/a     FDRE/C   n/a            1.000         10.000      9.000      SLICE_X2Y102    CE_generator_50Hz_inst/count_reg[13]/C
Low Pulse Width   Slow    FDRE/C   n/a            0.500         5.000       4.500      SLICE_X4Y101    CE_generator_25MHz_inst/ce_25MHz_reg/C
Low Pulse Width   Fast    FDRE/C   n/a            0.500         5.000       4.500      SLICE_X4Y101    CE_generator_25MHz_inst/ce_25MHz_reg/C
Low Pulse Width   Slow    FDRE/C   n/a            0.500         5.000       4.500      SLICE_X4Y101    CE_generator_25MHz_inst/count_reg[0]/C
Low Pulse Width   Fast    FDRE/C   n/a            0.500         5.000       4.500      SLICE_X4Y101    CE_generator_25MHz_inst/count_reg[0]/C
Low Pulse Width   Slow    FDRE/C   n/a            0.500         5.000       4.500      SLICE_X4Y101    CE_generator_25MHz_inst/count_reg[1]/C
Low Pulse Width   Fast    FDRE/C   n/a            0.500         5.000       4.500      SLICE_X4Y101    CE_generator_25MHz_inst/count_reg[1]/C
Low Pulse Width   Slow    FDRE/C   n/a            0.500         5.000       4.500      SLICE_X4Y101    CE_generator_50Hz_inst/ce_50Hz_reg/C
Low Pulse Width   Fast    FDRE/C   n/a            0.500         5.000       4.500      SLICE_X4Y101    CE_generator_50Hz_inst/ce_50Hz_reg/C
Low Pulse Width   Slow    FDRE/C   n/a            0.500         5.000       4.500      SLICE_X3Y100    CE_generator_50Hz_inst/count_reg[0]/C
Low Pulse Width   Fast    FDRE/C   n/a            0.500         5.000       4.500      SLICE_X3Y100    CE_generator_50Hz_inst/count_reg[0]/C
High Pulse Width  Slow    FDRE/C   n/a            0.500         5.000       4.500      SLICE_X4Y101    CE_generator_25MHz_inst/ce_25MHz_reg/C
High Pulse Width  Fast    FDRE/C   n/a            0.500         5.000       4.500      SLICE_X4Y101    CE_generator_25MHz_inst/ce_25MHz_reg/C
High Pulse Width  Slow    FDRE/C   n/a            0.500         5.000       4.500      SLICE_X4Y101    CE_generator_25MHz_inst/count_reg[0]/C
High Pulse Width  Fast    FDRE/C   n/a            0.500         5.000       4.500      SLICE_X4Y101    CE_generator_25MHz_inst/count_reg[0]/C
High Pulse Width  Slow    FDRE/C   n/a            0.500         5.000       4.500      SLICE_X4Y101    CE_generator_25MHz_inst/count_reg[1]/C
High Pulse Width  Fast    FDRE/C   n/a            0.500         5.000       4.500      SLICE_X4Y101    CE_generator_25MHz_inst/count_reg[1]/C
High Pulse Width  Slow    FDRE/C   n/a            0.500         5.000       4.500      SLICE_X4Y101    CE_generator_50Hz_inst/ce_50Hz_reg/C
High Pulse Width  Fast    FDRE/C   n/a            0.500         5.000       4.500      SLICE_X4Y101    CE_generator_50Hz_inst/ce_50Hz_reg/C
High Pulse Width  Slow    FDRE/C   n/a            0.500         5.000       4.500      SLICE_X3Y100    CE_generator_50Hz_inst/count_reg[0]/C
High Pulse Width  Fast    FDRE/C   n/a            0.500         5.000       4.500      SLICE_X3Y100    CE_generator_50Hz_inst/count_reg[0]/C



--------------------------------------------------------------------------------------
Path Group:  (none)
From Clock:  
  To Clock:  

Max Delay            10 Endpoints
Min Delay            10 Endpoints
--------------------------------------------------------------------------------------


Max Delay Paths
--------------------------------------------------------------------------------------
Slack:                    inf
  Source:                 SW15
                            (input port)
  Destination:            LED[5]
                            (output port)
  Path Group:             (none)
  Path Type:              Max at Slow Process Corner
  Data Path Delay:        11.272ns  (logic 5.436ns (48.223%)  route 5.837ns (51.777%))
  Logic Levels:           3  (IBUF=1 LUT3=1 OBUF=1)

    Location             Delay type                Incr(ns)  Path(ns)    Netlist Resource(s)
  -------------------------------------------------------------------    -------------------
    V10                                               0.000     0.000 r  SW15 (IN)
                         net (fo=0)                   0.000     0.000    SW15
    V10                  IBUF (Prop_ibuf_I_O)         1.524     1.524 r  SW15_IBUF_inst/O
                         net (fo=10, routed)          2.850     4.374    VGA/VERTICAL_COUNTER_INST/SW15_IBUF
    SLICE_X0Y103         LUT3 (Prop_lut3_I1_O)        0.152     4.526 r  VGA/VERTICAL_COUNTER_INST/LED_OBUF[5]_inst_i_1/O
                         net (fo=1, routed)           2.987     7.513    LED_OBUF[5]
    V17                  OBUF (Prop_obuf_I_O)         3.760    11.272 r  LED_OBUF[5]_inst/O
                         net (fo=0)                   0.000    11.272    LED[5]
    V17                                                               r  LED[5] (OUT)
  -------------------------------------------------------------------    -------------------

Slack:                    inf
  Source:                 SW15
                            (input port)
  Destination:            LED[7]
                            (output port)
  Path Group:             (none)
  Path Type:              Max at Slow Process Corner
  Data Path Delay:        11.193ns  (logic 5.433ns (48.544%)  route 5.759ns (51.456%))
  Logic Levels:           3  (IBUF=1 LUT3=1 OBUF=1)

    Location             Delay type                Incr(ns)  Path(ns)    Netlist Resource(s)
  -------------------------------------------------------------------    -------------------
    V10                                               0.000     0.000 r  SW15 (IN)
                         net (fo=0)                   0.000     0.000    SW15
    V10                  IBUF (Prop_ibuf_I_O)         1.524     1.524 r  SW15_IBUF_inst/O
                         net (fo=10, routed)          2.687     4.212    VGA/VERTICAL_COUNTER_INST/SW15_IBUF
    SLICE_X0Y102         LUT3 (Prop_lut3_I1_O)        0.152     4.364 r  VGA/VERTICAL_COUNTER_INST/LED_OBUF[7]_inst_i_1/O
                         net (fo=1, routed)           3.072     7.435    LED_OBUF[7]
    U16                  OBUF (Prop_obuf_I_O)         3.757    11.193 r  LED_OBUF[7]_inst/O
                         net (fo=0)                   0.000    11.193    LED[7]
    U16                                                               r  LED[7] (OUT)
  -------------------------------------------------------------------    -------------------

Slack:                    inf
  Source:                 SW15
                            (input port)
  Destination:            LED[6]
                            (output port)
  Path Group:             (none)
  Path Type:              Max at Slow Process Corner
  Data Path Delay:        10.679ns  (logic 5.203ns (48.723%)  route 5.476ns (51.277%))
  Logic Levels:           3  (IBUF=1 LUT3=1 OBUF=1)

    Location             Delay type                Incr(ns)  Path(ns)    Netlist Resource(s)
  -------------------------------------------------------------------    -------------------
    V10                                               0.000     0.000 r  SW15 (IN)
                         net (fo=0)                   0.000     0.000    SW15
    V10                  IBUF (Prop_ibuf_I_O)         1.524     1.524 r  SW15_IBUF_inst/O
                         net (fo=10, routed)          2.687     4.212    VGA/VERTICAL_COUNTER_INST/SW15_IBUF
    SLICE_X0Y102         LUT3 (Prop_lut3_I1_O)        0.124     4.336 r  VGA/VERTICAL_COUNTER_INST/LED_OBUF[6]_inst_i_1/O
                         net (fo=1, routed)           2.788     7.124    LED_OBUF[6]
    U17                  OBUF (Prop_obuf_I_O)         3.555    10.679 r  LED_OBUF[6]_inst/O
                         net (fo=0)                   0.000    10.679    LED[6]
    U17                                                               r  LED[6] (OUT)
  -------------------------------------------------------------------    -------------------

Slack:                    inf
  Source:                 SW15
                            (input port)
  Destination:            LED[9]
                            (output port)
  Path Group:             (none)
  Path Type:              Max at Slow Process Corner
  Data Path Delay:        10.472ns  (logic 5.398ns (51.548%)  route 5.074ns (48.452%))
  Logic Levels:           3  (IBUF=1 LUT3=1 OBUF=1)

    Location             Delay type                Incr(ns)  Path(ns)    Netlist Resource(s)
  -------------------------------------------------------------------    -------------------
    V10                                               0.000     0.000 r  SW15 (IN)
                         net (fo=0)                   0.000     0.000    SW15
    V10                  IBUF (Prop_ibuf_I_O)         1.524     1.524 r  SW15_IBUF_inst/O
                         net (fo=10, routed)          2.348     3.872    VGA/VERTICAL_COUNTER_INST/SW15_IBUF
    SLICE_X0Y101         LUT3 (Prop_lut3_I1_O)        0.118     3.990 r  VGA/VERTICAL_COUNTER_INST/LED_OBUF[9]_inst_i_1/O
                         net (fo=1, routed)           2.726     6.716    LED_OBUF[9]
    T15                  OBUF (Prop_obuf_I_O)         3.756    10.472 r  LED_OBUF[9]_inst/O
                         net (fo=0)                   0.000    10.472    LED[9]
    T15                                                               r  LED[9] (OUT)
  -------------------------------------------------------------------    -------------------

Slack:                    inf
  Source:                 SW15
                            (input port)
  Destination:            LED[8]
                            (output port)
  Path Group:             (none)
  Path Type:              Max at Slow Process Corner
  Data Path Delay:        10.464ns  (logic 5.196ns (49.653%)  route 5.268ns (50.347%))
  Logic Levels:           3  (IBUF=1 LUT3=1 OBUF=1)

    Location             Delay type                Incr(ns)  Path(ns)    Netlist Resource(s)
  -------------------------------------------------------------------    -------------------
    V10                                               0.000     0.000 r  SW15 (IN)
                         net (fo=0)                   0.000     0.000    SW15
    V10                  IBUF (Prop_ibuf_I_O)         1.524     1.524 r  SW15_IBUF_inst/O
                         net (fo=10, routed)          2.348     3.872    VGA/VERTICAL_COUNTER_INST/SW15_IBUF
    SLICE_X0Y101         LUT3 (Prop_lut3_I1_O)        0.124     3.996 r  VGA/VERTICAL_COUNTER_INST/LED_OBUF[8]_inst_i_1/O
                         net (fo=1, routed)           2.921     6.916    LED_OBUF[8]
    V16                  OBUF (Prop_obuf_I_O)         3.548    10.464 r  LED_OBUF[8]_inst/O
                         net (fo=0)                   0.000    10.464    LED[8]
    V16                                                               r  LED[8] (OUT)
  -------------------------------------------------------------------    -------------------

Slack:                    inf
  Source:                 SW15
                            (input port)
  Destination:            LED[1]
                            (output port)
  Path Group:             (none)
  Path Type:              Max at Slow Process Corner
  Data Path Delay:        10.413ns  (logic 5.413ns (51.988%)  route 4.999ns (48.012%))
  Logic Levels:           3  (IBUF=1 LUT3=1 OBUF=1)

    Location             Delay type                Incr(ns)  Path(ns)    Netlist Resource(s)
  -------------------------------------------------------------------    -------------------
    V10                                               0.000     0.000 r  SW15 (IN)
                         net (fo=0)                   0.000     0.000    SW15
    V10                  IBUF (Prop_ibuf_I_O)         1.524     1.524 r  SW15_IBUF_inst/O
                         net (fo=10, routed)          3.139     4.663    VGA/VERTICAL_COUNTER_INST/SW15_IBUF
    SLICE_X1Y105         LUT3 (Prop_lut3_I1_O)        0.152     4.815 r  VGA/VERTICAL_COUNTER_INST/LED_OBUF[1]_inst_i_1/O
                         net (fo=1, routed)           1.860     6.676    LED_OBUF[1]
    K15                  OBUF (Prop_obuf_I_O)         3.737    10.413 r  LED_OBUF[1]_inst/O
                         net (fo=0)                   0.000    10.413    LED[1]
    K15                                                               r  LED[1] (OUT)
  -------------------------------------------------------------------    -------------------

Slack:                    inf
  Source:                 SW15
                            (input port)
  Destination:            LED[2]
                            (output port)
  Path Group:             (none)
  Path Type:              Max at Slow Process Corner
  Data Path Delay:        10.375ns  (logic 5.429ns (52.324%)  route 4.946ns (47.676%))
  Logic Levels:           3  (IBUF=1 LUT3=1 OBUF=1)

    Location             Delay type                Incr(ns)  Path(ns)    Netlist Resource(s)
  -------------------------------------------------------------------    -------------------
    V10                                               0.000     0.000 r  SW15 (IN)
                         net (fo=0)                   0.000     0.000    SW15
    V10                  IBUF (Prop_ibuf_I_O)         1.524     1.524 r  SW15_IBUF_inst/O
                         net (fo=10, routed)          2.880     4.404    VGA/VERTICAL_COUNTER_INST/SW15_IBUF
    SLICE_X0Y103         LUT3 (Prop_lut3_I1_O)        0.150     4.554 r  VGA/VERTICAL_COUNTER_INST/LED_OBUF[2]_inst_i_1/O
                         net (fo=1, routed)           2.067     6.621    LED_OBUF[2]
    J13                  OBUF (Prop_obuf_I_O)         3.755    10.375 r  LED_OBUF[2]_inst/O
                         net (fo=0)                   0.000    10.375    LED[2]
    J13                                                               r  LED[2] (OUT)
  -------------------------------------------------------------------    -------------------

Slack:                    inf
  Source:                 SW15
                            (input port)
  Destination:            LED[3]
                            (output port)
  Path Group:             (none)
  Path Type:              Max at Slow Process Corner
  Data Path Delay:        10.364ns  (logic 5.199ns (50.160%)  route 5.165ns (49.840%))
  Logic Levels:           3  (IBUF=1 LUT3=1 OBUF=1)

    Location             Delay type                Incr(ns)  Path(ns)    Netlist Resource(s)
  -------------------------------------------------------------------    -------------------
    V10                                               0.000     0.000 r  SW15 (IN)
                         net (fo=0)                   0.000     0.000    SW15
    V10                  IBUF (Prop_ibuf_I_O)         1.524     1.524 r  SW15_IBUF_inst/O
                         net (fo=10, routed)          2.880     4.404    VGA/VERTICAL_COUNTER_INST/SW15_IBUF
    SLICE_X0Y103         LUT3 (Prop_lut3_I1_O)        0.124     4.528 r  VGA/VERTICAL_COUNTER_INST/LED_OBUF[3]_inst_i_1/O
                         net (fo=1, routed)           2.286     6.814    LED_OBUF[3]
    N14                  OBUF (Prop_obuf_I_O)         3.551    10.364 r  LED_OBUF[3]_inst/O
                         net (fo=0)                   0.000    10.364    LED[3]
    N14                                                               r  LED[3] (OUT)
  -------------------------------------------------------------------    -------------------

Slack:                    inf
  Source:                 SW15
                            (input port)
  Destination:            LED[4]
                            (output port)
  Path Group:             (none)
  Path Type:              Max at Slow Process Corner
  Data Path Delay:        10.175ns  (logic 5.200ns (51.106%)  route 4.975ns (48.894%))
  Logic Levels:           3  (IBUF=1 LUT3=1 OBUF=1)

    Location             Delay type                Incr(ns)  Path(ns)    Netlist Resource(s)
  -------------------------------------------------------------------    -------------------
    V10                                               0.000     0.000 r  SW15 (IN)
                         net (fo=0)                   0.000     0.000    SW15
    V10                  IBUF (Prop_ibuf_I_O)         1.524     1.524 r  SW15_IBUF_inst/O
                         net (fo=10, routed)          2.850     4.374    VGA/VERTICAL_COUNTER_INST/SW15_IBUF
    SLICE_X0Y103         LUT3 (Prop_lut3_I1_O)        0.124     4.498 r  VGA/VERTICAL_COUNTER_INST/LED_OBUF[4]_inst_i_1/O
                         net (fo=1, routed)           2.125     6.623    LED_OBUF[4]
    R18                  OBUF (Prop_obuf_I_O)         3.552    10.175 r  LED_OBUF[4]_inst/O
                         net (fo=0)                   0.000    10.175    LED[4]
    R18                                                               r  LED[4] (OUT)
  -------------------------------------------------------------------    -------------------

Slack:                    inf
  Source:                 SW15
                            (input port)
  Destination:            LED[0]
                            (output port)
  Path Group:             (none)
  Path Type:              Max at Slow Process Corner
  Data Path Delay:        9.999ns  (logic 5.168ns (51.689%)  route 4.831ns (48.311%))
  Logic Levels:           3  (IBUF=1 LUT3=1 OBUF=1)

    Location             Delay type                Incr(ns)  Path(ns)    Netlist Resource(s)
  -------------------------------------------------------------------    -------------------
    V10                                               0.000     0.000 r  SW15 (IN)
                         net (fo=0)                   0.000     0.000    SW15
    V10                  IBUF (Prop_ibuf_I_O)         1.524     1.524 r  SW15_IBUF_inst/O
                         net (fo=10, routed)          2.914     4.438    VGA/VERTICAL_COUNTER_INST/SW15_IBUF
    SLICE_X1Y105         LUT3 (Prop_lut3_I1_O)        0.124     4.562 r  VGA/VERTICAL_COUNTER_INST/LED_OBUF[0]_inst_i_1/O
                         net (fo=1, routed)           1.917     6.479    LED_OBUF[0]
    H17                  OBUF (Prop_obuf_I_O)         3.520     9.999 r  LED_OBUF[0]_inst/O
                         net (fo=0)                   0.000     9.999    LED[0]
    H17                                                               r  LED[0] (OUT)
  -------------------------------------------------------------------    -------------------





Min Delay Paths
--------------------------------------------------------------------------------------
Slack:                    inf
  Source:                 SW15
                            (input port)
  Destination:            LED[0]
                            (output port)
  Path Group:             (none)
  Path Type:              Min at Fast Process Corner
  Data Path Delay:        3.160ns  (logic 1.558ns (49.306%)  route 1.602ns (50.694%))
  Logic Levels:           3  (IBUF=1 LUT3=1 OBUF=1)

    Location             Delay type                Incr(ns)  Path(ns)    Netlist Resource(s)
  -------------------------------------------------------------------    -------------------
    V10                                               0.000     0.000 r  SW15 (IN)
                         net (fo=0)                   0.000     0.000    SW15
    V10                  IBUF (Prop_ibuf_I_O)         0.292     0.292 r  SW15_IBUF_inst/O
                         net (fo=10, routed)          1.171     1.463    VGA/VERTICAL_COUNTER_INST/SW15_IBUF
    SLICE_X1Y105         LUT3 (Prop_lut3_I1_O)        0.045     1.508 r  VGA/VERTICAL_COUNTER_INST/LED_OBUF[0]_inst_i_1/O
                         net (fo=1, routed)           0.431     1.938    LED_OBUF[0]
    H17                  OBUF (Prop_obuf_I_O)         1.221     3.160 r  LED_OBUF[0]_inst/O
                         net (fo=0)                   0.000     3.160    LED[0]
    H17                                                               r  LED[0] (OUT)
  -------------------------------------------------------------------    -------------------

Slack:                    inf
  Source:                 SW15
                            (input port)
  Destination:            LED[4]
                            (output port)
  Path Group:             (none)
  Path Type:              Min at Fast Process Corner
  Data Path Delay:        3.259ns  (logic 1.589ns (48.760%)  route 1.670ns (51.240%))
  Logic Levels:           3  (IBUF=1 LUT3=1 OBUF=1)

    Location             Delay type                Incr(ns)  Path(ns)    Netlist Resource(s)
  -------------------------------------------------------------------    -------------------
    V10                                               0.000     0.000 r  SW15 (IN)
                         net (fo=0)                   0.000     0.000    SW15
    V10                  IBUF (Prop_ibuf_I_O)         0.292     0.292 r  SW15_IBUF_inst/O
                         net (fo=10, routed)          1.139     1.430    VGA/VERTICAL_COUNTER_INST/SW15_IBUF
    SLICE_X0Y103         LUT3 (Prop_lut3_I1_O)        0.045     1.475 r  VGA/VERTICAL_COUNTER_INST/LED_OBUF[4]_inst_i_1/O
                         net (fo=1, routed)           0.531     2.006    LED_OBUF[4]
    R18                  OBUF (Prop_obuf_I_O)         1.252     3.259 r  LED_OBUF[4]_inst/O
                         net (fo=0)                   0.000     3.259    LED[4]
    R18                                                               r  LED[4] (OUT)
  -------------------------------------------------------------------    -------------------

Slack:                    inf
  Source:                 SW15
                            (input port)
  Destination:            LED[1]
                            (output port)
  Path Group:             (none)
  Path Type:              Min at Fast Process Corner
  Data Path Delay:        3.303ns  (logic 1.634ns (49.458%)  route 1.669ns (50.542%))
  Logic Levels:           3  (IBUF=1 LUT3=1 OBUF=1)

    Location             Delay type                Incr(ns)  Path(ns)    Netlist Resource(s)
  -------------------------------------------------------------------    -------------------
    V10                                               0.000     0.000 r  SW15 (IN)
                         net (fo=0)                   0.000     0.000    SW15
    V10                  IBUF (Prop_ibuf_I_O)         0.292     0.292 r  SW15_IBUF_inst/O
                         net (fo=10, routed)          1.255     1.547    VGA/VERTICAL_COUNTER_INST/SW15_IBUF
    SLICE_X1Y105         LUT3 (Prop_lut3_I1_O)        0.044     1.591 r  VGA/VERTICAL_COUNTER_INST/LED_OBUF[1]_inst_i_1/O
                         net (fo=1, routed)           0.414     2.005    LED_OBUF[1]
    K15                  OBUF (Prop_obuf_I_O)         1.298     3.303 r  LED_OBUF[1]_inst/O
                         net (fo=0)                   0.000     3.303    LED[1]
    K15                                                               r  LED[1] (OUT)
  -------------------------------------------------------------------    -------------------

Slack:                    inf
  Source:                 SW15
                            (input port)
  Destination:            LED[2]
                            (output port)
  Path Group:             (none)
  Path Type:              Min at Fast Process Corner
  Data Path Delay:        3.307ns  (logic 1.649ns (49.853%)  route 1.658ns (50.147%))
  Logic Levels:           3  (IBUF=1 LUT3=1 OBUF=1)

    Location             Delay type                Incr(ns)  Path(ns)    Netlist Resource(s)
  -------------------------------------------------------------------    -------------------
    V10                                               0.000     0.000 r  SW15 (IN)
                         net (fo=0)                   0.000     0.000    SW15
    V10                  IBUF (Prop_ibuf_I_O)         0.292     0.292 r  SW15_IBUF_inst/O
                         net (fo=10, routed)          1.157     1.448    VGA/VERTICAL_COUNTER_INST/SW15_IBUF
    SLICE_X0Y103         LUT3 (Prop_lut3_I1_O)        0.042     1.490 r  VGA/VERTICAL_COUNTER_INST/LED_OBUF[2]_inst_i_1/O
                         net (fo=1, routed)           0.502     1.992    LED_OBUF[2]
    J13                  OBUF (Prop_obuf_I_O)         1.315     3.307 r  LED_OBUF[2]_inst/O
                         net (fo=0)                   0.000     3.307    LED[2]
    J13                                                               r  LED[2] (OUT)
  -------------------------------------------------------------------    -------------------

Slack:                    inf
  Source:                 SW15
                            (input port)
  Destination:            LED[3]
                            (output port)
  Path Group:             (none)
  Path Type:              Min at Fast Process Corner
  Data Path Delay:        3.339ns  (logic 1.588ns (47.549%)  route 1.751ns (52.451%))
  Logic Levels:           3  (IBUF=1 LUT3=1 OBUF=1)

    Location             Delay type                Incr(ns)  Path(ns)    Netlist Resource(s)
  -------------------------------------------------------------------    -------------------
    V10                                               0.000     0.000 r  SW15 (IN)
                         net (fo=0)                   0.000     0.000    SW15
    V10                  IBUF (Prop_ibuf_I_O)         0.292     0.292 r  SW15_IBUF_inst/O
                         net (fo=10, routed)          1.157     1.448    VGA/VERTICAL_COUNTER_INST/SW15_IBUF
    SLICE_X0Y103         LUT3 (Prop_lut3_I1_O)        0.045     1.493 r  VGA/VERTICAL_COUNTER_INST/LED_OBUF[3]_inst_i_1/O
                         net (fo=1, routed)           0.595     2.088    LED_OBUF[3]
    N14                  OBUF (Prop_obuf_I_O)         1.251     3.339 r  LED_OBUF[3]_inst/O
                         net (fo=0)                   0.000     3.339    LED[3]
    N14                                                               r  LED[3] (OUT)
  -------------------------------------------------------------------    -------------------

Slack:                    inf
  Source:                 SW15
                            (input port)
  Destination:            LED[8]
                            (output port)
  Path Group:             (none)
  Path Type:              Min at Fast Process Corner
  Data Path Delay:        3.387ns  (logic 1.585ns (46.789%)  route 1.802ns (53.211%))
  Logic Levels:           3  (IBUF=1 LUT3=1 OBUF=1)

    Location             Delay type                Incr(ns)  Path(ns)    Netlist Resource(s)
  -------------------------------------------------------------------    -------------------
    V10                                               0.000     0.000 r  SW15 (IN)
                         net (fo=0)                   0.000     0.000    SW15
    V10                  IBUF (Prop_ibuf_I_O)         0.292     0.292 r  SW15_IBUF_inst/O
                         net (fo=10, routed)          0.937     1.228    VGA/VERTICAL_COUNTER_INST/SW15_IBUF
    SLICE_X0Y101         LUT3 (Prop_lut3_I1_O)        0.045     1.273 r  VGA/VERTICAL_COUNTER_INST/LED_OBUF[8]_inst_i_1/O
                         net (fo=1, routed)           0.866     2.139    LED_OBUF[8]
    V16                  OBUF (Prop_obuf_I_O)         1.248     3.387 r  LED_OBUF[8]_inst/O
                         net (fo=0)                   0.000     3.387    LED[8]
    V16                                                               r  LED[8] (OUT)
  -------------------------------------------------------------------    -------------------

Slack:                    inf
  Source:                 SW15
                            (input port)
  Destination:            LED[9]
                            (output port)
  Path Group:             (none)
  Path Type:              Min at Fast Process Corner
  Data Path Delay:        3.395ns  (logic 1.656ns (48.798%)  route 1.738ns (51.202%))
  Logic Levels:           3  (IBUF=1 LUT3=1 OBUF=1)

    Location             Delay type                Incr(ns)  Path(ns)    Netlist Resource(s)
  -------------------------------------------------------------------    -------------------
    V10                                               0.000     0.000 r  SW15 (IN)
                         net (fo=0)                   0.000     0.000    SW15
    V10                  IBUF (Prop_ibuf_I_O)         0.292     0.292 r  SW15_IBUF_inst/O
                         net (fo=10, routed)          0.937     1.228    VGA/VERTICAL_COUNTER_INST/SW15_IBUF
    SLICE_X0Y101         LUT3 (Prop_lut3_I1_O)        0.048     1.276 r  VGA/VERTICAL_COUNTER_INST/LED_OBUF[9]_inst_i_1/O
                         net (fo=1, routed)           0.801     2.078    LED_OBUF[9]
    T15                  OBUF (Prop_obuf_I_O)         1.317     3.395 r  LED_OBUF[9]_inst/O
                         net (fo=0)                   0.000     3.395    LED[9]
    T15                                                               r  LED[9] (OUT)
  -------------------------------------------------------------------    -------------------

Slack:                    inf
  Source:                 SW15
                            (input port)
  Destination:            LED[6]
                            (output port)
  Path Group:             (none)
  Path Type:              Min at Fast Process Corner
  Data Path Delay:        3.481ns  (logic 1.592ns (45.739%)  route 1.889ns (54.261%))
  Logic Levels:           3  (IBUF=1 LUT3=1 OBUF=1)

    Location             Delay type                Incr(ns)  Path(ns)    Netlist Resource(s)
  -------------------------------------------------------------------    -------------------
    V10                                               0.000     0.000 r  SW15 (IN)
                         net (fo=0)                   0.000     0.000    SW15
    V10                  IBUF (Prop_ibuf_I_O)         0.292     0.292 r  SW15_IBUF_inst/O
                         net (fo=10, routed)          1.061     1.353    VGA/VERTICAL_COUNTER_INST/SW15_IBUF
    SLICE_X0Y102         LUT3 (Prop_lut3_I1_O)        0.045     1.398 r  VGA/VERTICAL_COUNTER_INST/LED_OBUF[6]_inst_i_1/O
                         net (fo=1, routed)           0.827     2.225    LED_OBUF[6]
    U17                  OBUF (Prop_obuf_I_O)         1.256     3.481 r  LED_OBUF[6]_inst/O
                         net (fo=0)                   0.000     3.481    LED[6]
    U17                                                               r  LED[6] (OUT)
  -------------------------------------------------------------------    -------------------

Slack:                    inf
  Source:                 SW15
                            (input port)
  Destination:            LED[7]
                            (output port)
  Path Group:             (none)
  Path Type:              Min at Fast Process Corner
  Data Path Delay:        3.662ns  (logic 1.653ns (45.153%)  route 2.008ns (54.847%))
  Logic Levels:           3  (IBUF=1 LUT3=1 OBUF=1)

    Location             Delay type                Incr(ns)  Path(ns)    Netlist Resource(s)
  -------------------------------------------------------------------    -------------------
    V10                                               0.000     0.000 r  SW15 (IN)
                         net (fo=0)                   0.000     0.000    SW15
    V10                  IBUF (Prop_ibuf_I_O)         0.292     0.292 r  SW15_IBUF_inst/O
                         net (fo=10, routed)          1.061     1.353    VGA/VERTICAL_COUNTER_INST/SW15_IBUF
    SLICE_X0Y102         LUT3 (Prop_lut3_I1_O)        0.044     1.397 r  VGA/VERTICAL_COUNTER_INST/LED_OBUF[7]_inst_i_1/O
                         net (fo=1, routed)           0.947     2.344    LED_OBUF[7]
    U16                  OBUF (Prop_obuf_I_O)         1.318     3.662 r  LED_OBUF[7]_inst/O
                         net (fo=0)                   0.000     3.662    LED[7]
    U16                                                               r  LED[7] (OUT)
  -------------------------------------------------------------------    -------------------

Slack:                    inf
  Source:                 SW15
                            (input port)
  Destination:            LED[5]
                            (output port)
  Path Group:             (none)
  Path Type:              Min at Fast Process Corner
  Data Path Delay:        3.715ns  (logic 1.654ns (44.528%)  route 2.061ns (55.472%))
  Logic Levels:           3  (IBUF=1 LUT3=1 OBUF=1)

    Location             Delay type                Incr(ns)  Path(ns)    Netlist Resource(s)
  -------------------------------------------------------------------    -------------------
    V10                                               0.000     0.000 r  SW15 (IN)
                         net (fo=0)                   0.000     0.000    SW15
    V10                  IBUF (Prop_ibuf_I_O)         0.292     0.292 r  SW15_IBUF_inst/O
                         net (fo=10, routed)          1.139     1.430    VGA/VERTICAL_COUNTER_INST/SW15_IBUF
    SLICE_X0Y103         LUT3 (Prop_lut3_I1_O)        0.043     1.473 r  VGA/VERTICAL_COUNTER_INST/LED_OBUF[5]_inst_i_1/O
                         net (fo=1, routed)           0.922     2.395    LED_OBUF[5]
    V17                  OBUF (Prop_obuf_I_O)         1.319     3.715 r  LED_OBUF[5]_inst/O
                         net (fo=0)                   0.000     3.715    LED[5]
    V17                                                               r  LED[5] (OUT)
  -------------------------------------------------------------------    -------------------





--------------------------------------------------------------------------------------
Path Group:  (none)
From Clock:  sys_clk_pin
  To Clock:  

Max Delay            27 Endpoints
Min Delay            27 Endpoints
--------------------------------------------------------------------------------------


Max Delay Paths
--------------------------------------------------------------------------------------
Slack:                    inf
  Source:                 VGA/RGB_GENERATOR_INST/green_reg[0]/C
                            (rising edge-triggered cell FDRE clocked by sys_clk_pin  {rise@0.000ns fall@5.000ns period=10.000ns})
  Destination:            VGA_G[0]
                            (output port)
  Path Group:             (none)
  Path Type:              Max at Slow Process Corner
  Data Path Delay:        9.356ns  (logic 3.994ns (42.691%)  route 5.362ns (57.309%))
  Logic Levels:           1  (OBUF=1)
  Clock Uncertainty:      0.025ns  ((TSJ^2 + TIJ^2)^1/2 + DJ) / 2 + PE
    Total System Jitter     (TSJ):    0.050ns
    Total Input Jitter      (TIJ):    0.000ns
    Discrete Jitter          (DJ):    0.000ns
    Phase Error              (PE):    0.000ns

    Location             Delay type                Incr(ns)  Path(ns)    Netlist Resource(s)
  -------------------------------------------------------------------    -------------------
                         (clock sys_clk_pin rise edge)
                                                      0.000     0.000 r  
    E3                                                0.000     0.000 r  clk (IN)
                         net (fo=0)                   0.000     0.000    clk
    E3                   IBUF (Prop_ibuf_I_O)         1.482     1.482 r  clk_IBUF_inst/O
                         net (fo=1, routed)           2.025     3.506    clk_IBUF
    BUFGCTRL_X0Y16       BUFG (Prop_bufg_I_O)         0.096     3.602 r  clk_IBUF_BUFG_inst/O
                         net (fo=65, routed)          1.709     5.311    VGA/RGB_GENERATOR_INST/CLK
    SLICE_X4Y102         FDRE                                         r  VGA/RGB_GENERATOR_INST/green_reg[0]/C
  -------------------------------------------------------------------    -------------------
    SLICE_X4Y102         FDRE (Prop_fdre_C_Q)         0.456     5.767 r  VGA/RGB_GENERATOR_INST/green_reg[0]/Q
                         net (fo=1, routed)           5.362    11.129    VGA_G_OBUF[0]
    C6                   OBUF (Prop_obuf_I_O)         3.538    14.667 r  VGA_G_OBUF[0]_inst/O
                         net (fo=0)                   0.000    14.667    VGA_G[0]
    C6                                                                r  VGA_G[0] (OUT)
  -------------------------------------------------------------------    -------------------

Slack:                    inf
  Source:                 VGA/RGB_GENERATOR_INST/blue_reg[0]/C
                            (rising edge-triggered cell FDRE clocked by sys_clk_pin  {rise@0.000ns fall@5.000ns period=10.000ns})
  Destination:            VGA_B[0]
                            (output port)
  Path Group:             (none)
  Path Type:              Max at Slow Process Corner
  Data Path Delay:        9.306ns  (logic 4.003ns (43.014%)  route 5.303ns (56.986%))
  Logic Levels:           1  (OBUF=1)
  Clock Uncertainty:      0.025ns  ((TSJ^2 + TIJ^2)^1/2 + DJ) / 2 + PE
    Total System Jitter     (TSJ):    0.050ns
    Total Input Jitter      (TIJ):    0.000ns
    Discrete Jitter          (DJ):    0.000ns
    Phase Error              (PE):    0.000ns

    Location             Delay type                Incr(ns)  Path(ns)    Netlist Resource(s)
  -------------------------------------------------------------------    -------------------
                         (clock sys_clk_pin rise edge)
                                                      0.000     0.000 r  
    E3                                                0.000     0.000 r  clk (IN)
                         net (fo=0)                   0.000     0.000    clk
    E3                   IBUF (Prop_ibuf_I_O)         1.482     1.482 r  clk_IBUF_inst/O
                         net (fo=1, routed)           2.025     3.506    clk_IBUF
    BUFGCTRL_X0Y16       BUFG (Prop_bufg_I_O)         0.096     3.602 r  clk_IBUF_BUFG_inst/O
                         net (fo=65, routed)          1.708     5.310    VGA/RGB_GENERATOR_INST/CLK
    SLICE_X4Y103         FDRE                                         r  VGA/RGB_GENERATOR_INST/blue_reg[0]/C
  -------------------------------------------------------------------    -------------------
    SLICE_X4Y103         FDRE (Prop_fdre_C_Q)         0.456     5.766 r  VGA/RGB_GENERATOR_INST/blue_reg[0]/Q
                         net (fo=1, routed)           5.303    11.070    VGA_B_OBUF[0]
    B7                   OBUF (Prop_obuf_I_O)         3.547    14.617 r  VGA_B_OBUF[0]_inst/O
                         net (fo=0)                   0.000    14.617    VGA_B[0]
    B7                                                                r  VGA_B[0] (OUT)
  -------------------------------------------------------------------    -------------------

Slack:                    inf
  Source:                 VGA/RGB_GENERATOR_INST/green_reg[3]/C
                            (rising edge-triggered cell FDRE clocked by sys_clk_pin  {rise@0.000ns fall@5.000ns period=10.000ns})
  Destination:            VGA_G[3]
                            (output port)
  Path Group:             (none)
  Path Type:              Max at Slow Process Corner
  Data Path Delay:        9.302ns  (logic 4.002ns (43.027%)  route 5.300ns (56.973%))
  Logic Levels:           1  (OBUF=1)
  Clock Uncertainty:      0.025ns  ((TSJ^2 + TIJ^2)^1/2 + DJ) / 2 + PE
    Total System Jitter     (TSJ):    0.050ns
    Total Input Jitter      (TIJ):    0.000ns
    Discrete Jitter          (DJ):    0.000ns
    Phase Error              (PE):    0.000ns

    Location             Delay type                Incr(ns)  Path(ns)    Netlist Resource(s)
  -------------------------------------------------------------------    -------------------
                         (clock sys_clk_pin rise edge)
                                                      0.000     0.000 r  
    E3                                                0.000     0.000 r  clk (IN)
                         net (fo=0)                   0.000     0.000    clk
    E3                   IBUF (Prop_ibuf_I_O)         1.482     1.482 r  clk_IBUF_inst/O
                         net (fo=1, routed)           2.025     3.506    clk_IBUF
    BUFGCTRL_X0Y16       BUFG (Prop_bufg_I_O)         0.096     3.602 r  clk_IBUF_BUFG_inst/O
                         net (fo=65, routed)          1.709     5.311    VGA/RGB_GENERATOR_INST/CLK
    SLICE_X5Y101         FDRE                                         r  VGA/RGB_GENERATOR_INST/green_reg[3]/C
  -------------------------------------------------------------------    -------------------
    SLICE_X5Y101         FDRE (Prop_fdre_C_Q)         0.456     5.767 r  VGA/RGB_GENERATOR_INST/green_reg[3]/Q
                         net (fo=1, routed)           5.300    11.067    VGA_G_OBUF[3]
    A6                   OBUF (Prop_obuf_I_O)         3.546    14.613 r  VGA_G_OBUF[3]_inst/O
                         net (fo=0)                   0.000    14.613    VGA_G[3]
    A6                                                                r  VGA_G[3] (OUT)
  -------------------------------------------------------------------    -------------------

Slack:                    inf
  Source:                 VGA/RGB_GENERATOR_INST/blue_reg[1]/C
                            (rising edge-triggered cell FDRE clocked by sys_clk_pin  {rise@0.000ns fall@5.000ns period=10.000ns})
  Destination:            VGA_B[1]
                            (output port)
  Path Group:             (none)
  Path Type:              Max at Slow Process Corner
  Data Path Delay:        9.249ns  (logic 4.007ns (43.328%)  route 5.241ns (56.672%))
  Logic Levels:           1  (OBUF=1)
  Clock Uncertainty:      0.025ns  ((TSJ^2 + TIJ^2)^1/2 + DJ) / 2 + PE
    Total System Jitter     (TSJ):    0.050ns
    Total Input Jitter      (TIJ):    0.000ns
    Discrete Jitter          (DJ):    0.000ns
    Phase Error              (PE):    0.000ns

    Location             Delay type                Incr(ns)  Path(ns)    Netlist Resource(s)
  -------------------------------------------------------------------    -------------------
                         (clock sys_clk_pin rise edge)
                                                      0.000     0.000 r  
    E3                                                0.000     0.000 r  clk (IN)
                         net (fo=0)                   0.000     0.000    clk
    E3                   IBUF (Prop_ibuf_I_O)         1.482     1.482 r  clk_IBUF_inst/O
                         net (fo=1, routed)           2.025     3.506    clk_IBUF
    BUFGCTRL_X0Y16       BUFG (Prop_bufg_I_O)         0.096     3.602 r  clk_IBUF_BUFG_inst/O
                         net (fo=65, routed)          1.709     5.311    VGA/RGB_GENERATOR_INST/CLK
    SLICE_X4Y102         FDRE                                         r  VGA/RGB_GENERATOR_INST/blue_reg[1]/C
  -------------------------------------------------------------------    -------------------
    SLICE_X4Y102         FDRE (Prop_fdre_C_Q)         0.456     5.767 r  VGA/RGB_GENERATOR_INST/blue_reg[1]/Q
                         net (fo=1, routed)           5.241    11.009    VGA_B_OBUF[1]
    C7                   OBUF (Prop_obuf_I_O)         3.551    14.560 r  VGA_B_OBUF[1]_inst/O
                         net (fo=0)                   0.000    14.560    VGA_B[1]
    C7                                                                r  VGA_B[1] (OUT)
  -------------------------------------------------------------------    -------------------

Slack:                    inf
  Source:                 VGA/RGB_GENERATOR_INST/green_reg[1]/C
                            (rising edge-triggered cell FDRE clocked by sys_clk_pin  {rise@0.000ns fall@5.000ns period=10.000ns})
  Destination:            VGA_G[1]
                            (output port)
  Path Group:             (none)
  Path Type:              Max at Slow Process Corner
  Data Path Delay:        9.191ns  (logic 4.063ns (44.203%)  route 5.128ns (55.797%))
  Logic Levels:           1  (OBUF=1)
  Clock Uncertainty:      0.025ns  ((TSJ^2 + TIJ^2)^1/2 + DJ) / 2 + PE
    Total System Jitter     (TSJ):    0.050ns
    Total Input Jitter      (TIJ):    0.000ns
    Discrete Jitter          (DJ):    0.000ns
    Phase Error              (PE):    0.000ns

    Location             Delay type                Incr(ns)  Path(ns)    Netlist Resource(s)
  -------------------------------------------------------------------    -------------------
                         (clock sys_clk_pin rise edge)
                                                      0.000     0.000 r  
    E3                                                0.000     0.000 r  clk (IN)
                         net (fo=0)                   0.000     0.000    clk
    E3                   IBUF (Prop_ibuf_I_O)         1.482     1.482 r  clk_IBUF_inst/O
                         net (fo=1, routed)           2.025     3.506    clk_IBUF
    BUFGCTRL_X0Y16       BUFG (Prop_bufg_I_O)         0.096     3.602 r  clk_IBUF_BUFG_inst/O
                         net (fo=65, routed)          1.708     5.310    VGA/RGB_GENERATOR_INST/CLK
    SLICE_X6Y103         FDRE                                         r  VGA/RGB_GENERATOR_INST/green_reg[1]/C
  -------------------------------------------------------------------    -------------------
    SLICE_X6Y103         FDRE (Prop_fdre_C_Q)         0.518     5.828 r  VGA/RGB_GENERATOR_INST/green_reg[1]/Q
                         net (fo=1, routed)           5.128    10.956    VGA_G_OBUF[1]
    A5                   OBUF (Prop_obuf_I_O)         3.545    14.501 r  VGA_G_OBUF[1]_inst/O
                         net (fo=0)                   0.000    14.501    VGA_G[1]
    A5                                                                r  VGA_G[1] (OUT)
  -------------------------------------------------------------------    -------------------

Slack:                    inf
  Source:                 VGA/RGB_GENERATOR_INST/red_reg[2]/C
                            (rising edge-triggered cell FDRE clocked by sys_clk_pin  {rise@0.000ns fall@5.000ns period=10.000ns})
  Destination:            VGA_R[2]
                            (output port)
  Path Group:             (none)
  Path Type:              Max at Slow Process Corner
  Data Path Delay:        9.186ns  (logic 3.991ns (43.449%)  route 5.195ns (56.551%))
  Logic Levels:           1  (OBUF=1)
  Clock Uncertainty:      0.025ns  ((TSJ^2 + TIJ^2)^1/2 + DJ) / 2 + PE
    Total System Jitter     (TSJ):    0.050ns
    Total Input Jitter      (TIJ):    0.000ns
    Discrete Jitter          (DJ):    0.000ns
    Phase Error              (PE):    0.000ns

    Location             Delay type                Incr(ns)  Path(ns)    Netlist Resource(s)
  -------------------------------------------------------------------    -------------------
                         (clock sys_clk_pin rise edge)
                                                      0.000     0.000 r  
    E3                                                0.000     0.000 r  clk (IN)
                         net (fo=0)                   0.000     0.000    clk
    E3                   IBUF (Prop_ibuf_I_O)         1.482     1.482 r  clk_IBUF_inst/O
                         net (fo=1, routed)           2.025     3.506    clk_IBUF
    BUFGCTRL_X0Y16       BUFG (Prop_bufg_I_O)         0.096     3.602 r  clk_IBUF_BUFG_inst/O
                         net (fo=65, routed)          1.708     5.310    VGA/RGB_GENERATOR_INST/CLK
    SLICE_X4Y103         FDRE                                         r  VGA/RGB_GENERATOR_INST/red_reg[2]/C
  -------------------------------------------------------------------    -------------------
    SLICE_X4Y103         FDRE (Prop_fdre_C_Q)         0.456     5.766 r  VGA/RGB_GENERATOR_INST/red_reg[2]/Q
                         net (fo=1, routed)           5.195    10.961    VGA_R_OBUF[2]
    C5                   OBUF (Prop_obuf_I_O)         3.535    14.496 r  VGA_R_OBUF[2]_inst/O
                         net (fo=0)                   0.000    14.496    VGA_R[2]
    C5                                                                r  VGA_R[2] (OUT)
  -------------------------------------------------------------------    -------------------

Slack:                    inf
  Source:                 VGA/HORIZONTAL_COUNTER_INST/s_hctr_reg[7]/C
                            (rising edge-triggered cell FDRE clocked by sys_clk_pin  {rise@0.000ns fall@5.000ns period=10.000ns})
  Destination:            LED[7]
                            (output port)
  Path Group:             (none)
  Path Type:              Max at Slow Process Corner
  Data Path Delay:        9.112ns  (logic 4.524ns (49.652%)  route 4.588ns (50.348%))
  Logic Levels:           2  (LUT3=1 OBUF=1)
  Clock Uncertainty:      0.025ns  ((TSJ^2 + TIJ^2)^1/2 + DJ) / 2 + PE
    Total System Jitter     (TSJ):    0.050ns
    Total Input Jitter      (TIJ):    0.000ns
    Discrete Jitter          (DJ):    0.000ns
    Phase Error              (PE):    0.000ns

    Location             Delay type                Incr(ns)  Path(ns)    Netlist Resource(s)
  -------------------------------------------------------------------    -------------------
                         (clock sys_clk_pin rise edge)
                                                      0.000     0.000 r  
    E3                                                0.000     0.000 r  clk (IN)
                         net (fo=0)                   0.000     0.000    clk
    E3                   IBUF (Prop_ibuf_I_O)         1.482     1.482 r  clk_IBUF_inst/O
                         net (fo=1, routed)           2.025     3.506    clk_IBUF
    BUFGCTRL_X0Y16       BUFG (Prop_bufg_I_O)         0.096     3.602 r  clk_IBUF_BUFG_inst/O
                         net (fo=65, routed)          1.709     5.311    VGA/HORIZONTAL_COUNTER_INST/CLK
    SLICE_X2Y104         FDRE                                         r  VGA/HORIZONTAL_COUNTER_INST/s_hctr_reg[7]/C
  -------------------------------------------------------------------    -------------------
    SLICE_X2Y104         FDRE (Prop_fdre_C_Q)         0.478     5.789 r  VGA/HORIZONTAL_COUNTER_INST/s_hctr_reg[7]/Q
                         net (fo=18, routed)          1.516     7.305    VGA/VERTICAL_COUNTER_INST/LED[9][7]
    SLICE_X0Y102         LUT3 (Prop_lut3_I2_O)        0.289     7.594 r  VGA/VERTICAL_COUNTER_INST/LED_OBUF[7]_inst_i_1/O
                         net (fo=1, routed)           3.072    10.666    LED_OBUF[7]
    U16                  OBUF (Prop_obuf_I_O)         3.757    14.423 r  LED_OBUF[7]_inst/O
                         net (fo=0)                   0.000    14.423    LED[7]
    U16                                                               r  LED[7] (OUT)
  -------------------------------------------------------------------    -------------------

Slack:                    inf
  Source:                 VGA/RGB_GENERATOR_INST/blue_reg[3]/C
                            (rising edge-triggered cell FDRE clocked by sys_clk_pin  {rise@0.000ns fall@5.000ns period=10.000ns})
  Destination:            VGA_B[3]
                            (output port)
  Path Group:             (none)
  Path Type:              Max at Slow Process Corner
  Data Path Delay:        9.080ns  (logic 4.008ns (44.136%)  route 5.072ns (55.864%))
  Logic Levels:           1  (OBUF=1)
  Clock Uncertainty:      0.025ns  ((TSJ^2 + TIJ^2)^1/2 + DJ) / 2 + PE
    Total System Jitter     (TSJ):    0.050ns
    Total Input Jitter      (TIJ):    0.000ns
    Discrete Jitter          (DJ):    0.000ns
    Phase Error              (PE):    0.000ns

    Location             Delay type                Incr(ns)  Path(ns)    Netlist Resource(s)
  -------------------------------------------------------------------    -------------------
                         (clock sys_clk_pin rise edge)
                                                      0.000     0.000 r  
    E3                                                0.000     0.000 r  clk (IN)
                         net (fo=0)                   0.000     0.000    clk
    E3                   IBUF (Prop_ibuf_I_O)         1.482     1.482 r  clk_IBUF_inst/O
                         net (fo=1, routed)           2.025     3.506    clk_IBUF
    BUFGCTRL_X0Y16       BUFG (Prop_bufg_I_O)         0.096     3.602 r  clk_IBUF_BUFG_inst/O
                         net (fo=65, routed)          1.708     5.310    VGA/RGB_GENERATOR_INST/CLK
    SLICE_X4Y103         FDRE                                         r  VGA/RGB_GENERATOR_INST/blue_reg[3]/C
  -------------------------------------------------------------------    -------------------
    SLICE_X4Y103         FDRE (Prop_fdre_C_Q)         0.456     5.766 r  VGA/RGB_GENERATOR_INST/blue_reg[3]/Q
                         net (fo=1, routed)           5.072    10.839    VGA_B_OBUF[3]
    D8                   OBUF (Prop_obuf_I_O)         3.552    14.390 r  VGA_B_OBUF[3]_inst/O
                         net (fo=0)                   0.000    14.390    VGA_B[3]
    D8                                                                r  VGA_B[3] (OUT)
  -------------------------------------------------------------------    -------------------

Slack:                    inf
  Source:                 VGA/RGB_GENERATOR_INST/red_reg[1]/C
                            (rising edge-triggered cell FDRE clocked by sys_clk_pin  {rise@0.000ns fall@5.000ns period=10.000ns})
  Destination:            VGA_R[1]
                            (output port)
  Path Group:             (none)
  Path Type:              Max at Slow Process Corner
  Data Path Delay:        8.962ns  (logic 4.066ns (45.375%)  route 4.895ns (54.625%))
  Logic Levels:           1  (OBUF=1)
  Clock Uncertainty:      0.025ns  ((TSJ^2 + TIJ^2)^1/2 + DJ) / 2 + PE
    Total System Jitter     (TSJ):    0.050ns
    Total Input Jitter      (TIJ):    0.000ns
    Discrete Jitter          (DJ):    0.000ns
    Phase Error              (PE):    0.000ns

    Location             Delay type                Incr(ns)  Path(ns)    Netlist Resource(s)
  -------------------------------------------------------------------    -------------------
                         (clock sys_clk_pin rise edge)
                                                      0.000     0.000 r  
    E3                                                0.000     0.000 r  clk (IN)
                         net (fo=0)                   0.000     0.000    clk
    E3                   IBUF (Prop_ibuf_I_O)         1.482     1.482 r  clk_IBUF_inst/O
                         net (fo=1, routed)           2.025     3.506    clk_IBUF
    BUFGCTRL_X0Y16       BUFG (Prop_bufg_I_O)         0.096     3.602 r  clk_IBUF_BUFG_inst/O
                         net (fo=65, routed)          1.709     5.311    VGA/RGB_GENERATOR_INST/CLK
    SLICE_X6Y101         FDRE                                         r  VGA/RGB_GENERATOR_INST/red_reg[1]/C
  -------------------------------------------------------------------    -------------------
    SLICE_X6Y101         FDRE (Prop_fdre_C_Q)         0.518     5.829 r  VGA/RGB_GENERATOR_INST/red_reg[1]/Q
                         net (fo=1, routed)           4.895    10.725    VGA_R_OBUF[1]
    B4                   OBUF (Prop_obuf_I_O)         3.548    14.273 r  VGA_R_OBUF[1]_inst/O
                         net (fo=0)                   0.000    14.273    VGA_R[1]
    B4                                                                r  VGA_R[1] (OUT)
  -------------------------------------------------------------------    -------------------

Slack:                    inf
  Source:                 VGA/RGB_GENERATOR_INST/red_reg[0]/C
                            (rising edge-triggered cell FDRE clocked by sys_clk_pin  {rise@0.000ns fall@5.000ns period=10.000ns})
  Destination:            VGA_R[0]
                            (output port)
  Path Group:             (none)
  Path Type:              Max at Slow Process Corner
  Data Path Delay:        8.953ns  (logic 4.072ns (45.478%)  route 4.881ns (54.522%))
  Logic Levels:           1  (OBUF=1)
  Clock Uncertainty:      0.025ns  ((TSJ^2 + TIJ^2)^1/2 + DJ) / 2 + PE
    Total System Jitter     (TSJ):    0.050ns
    Total Input Jitter      (TIJ):    0.000ns
    Discrete Jitter          (DJ):    0.000ns
    Phase Error              (PE):    0.000ns

    Location             Delay type                Incr(ns)  Path(ns)    Netlist Resource(s)
  -------------------------------------------------------------------    -------------------
                         (clock sys_clk_pin rise edge)
                                                      0.000     0.000 r  
    E3                                                0.000     0.000 r  clk (IN)
                         net (fo=0)                   0.000     0.000    clk
    E3                   IBUF (Prop_ibuf_I_O)         1.482     1.482 r  clk_IBUF_inst/O
                         net (fo=1, routed)           2.025     3.506    clk_IBUF
    BUFGCTRL_X0Y16       BUFG (Prop_bufg_I_O)         0.096     3.602 r  clk_IBUF_BUFG_inst/O
                         net (fo=65, routed)          1.709     5.311    VGA/RGB_GENERATOR_INST/CLK
    SLICE_X6Y101         FDRE                                         r  VGA/RGB_GENERATOR_INST/red_reg[0]/C
  -------------------------------------------------------------------    -------------------
    SLICE_X6Y101         FDRE (Prop_fdre_C_Q)         0.518     5.829 r  VGA/RGB_GENERATOR_INST/red_reg[0]/Q
                         net (fo=1, routed)           4.881    10.711    VGA_R_OBUF[0]
    A3                   OBUF (Prop_obuf_I_O)         3.554    14.265 r  VGA_R_OBUF[0]_inst/O
                         net (fo=0)                   0.000    14.265    VGA_R[0]
    A3                                                                r  VGA_R[0] (OUT)
  -------------------------------------------------------------------    -------------------





Min Delay Paths
--------------------------------------------------------------------------------------
Slack:                    inf
  Source:                 VGA/HSYNC_GENERATOR_INST/hsync_reg_lopt_replica_2/C
                            (rising edge-triggered cell FDSE clocked by sys_clk_pin  {rise@0.000ns fall@5.000ns period=10.000ns})
  Destination:            hsync_os
                            (output port)
  Path Group:             (none)
  Path Type:              Min at Fast Process Corner
  Data Path Delay:        1.945ns  (logic 1.364ns (70.121%)  route 0.581ns (29.879%))
  Logic Levels:           1  (OBUF=1)
  Clock Uncertainty:      0.025ns  ((TSJ^2 + TIJ^2)^1/2 + DJ) / 2 + PE
    Total System Jitter     (TSJ):    0.050ns
    Total Input Jitter      (TIJ):    0.000ns
    Discrete Jitter          (DJ):    0.000ns
    Phase Error              (PE):    0.000ns

    Location             Delay type                Incr(ns)  Path(ns)    Netlist Resource(s)
  -------------------------------------------------------------------    -------------------
                         (clock sys_clk_pin rise edge)
                                                      0.000     0.000 r  
    E3                                                0.000     0.000 r  clk (IN)
                         net (fo=0)                   0.000     0.000    clk
    E3                   IBUF (Prop_ibuf_I_O)         0.250     0.250 r  clk_IBUF_inst/O
                         net (fo=1, routed)           0.644     0.894    clk_IBUF
    BUFGCTRL_X0Y16       BUFG (Prop_bufg_I_O)         0.026     0.920 r  clk_IBUF_BUFG_inst/O
                         net (fo=65, routed)          0.598     1.517    VGA/HSYNC_GENERATOR_INST/CLK
    SLICE_X0Y105         FDSE                                         r  VGA/HSYNC_GENERATOR_INST/hsync_reg_lopt_replica_2/C
  -------------------------------------------------------------------    -------------------
    SLICE_X0Y105         FDSE (Prop_fdse_C_Q)         0.141     1.658 r  VGA/HSYNC_GENERATOR_INST/hsync_reg_lopt_replica_2/Q
                         net (fo=1, routed)           0.581     2.240    lopt_1
    F16                  OBUF (Prop_obuf_I_O)         1.223     3.463 r  hsync_os_OBUF_inst/O
                         net (fo=0)                   0.000     3.463    hsync_os
    F16                                                               r  hsync_os (OUT)
  -------------------------------------------------------------------    -------------------

Slack:                    inf
  Source:                 VGA/HORIZONTAL_COUNTER_INST/s_hctr_reg[0]/C
                            (rising edge-triggered cell FDRE clocked by sys_clk_pin  {rise@0.000ns fall@5.000ns period=10.000ns})
  Destination:            LED[0]
                            (output port)
  Path Group:             (none)
  Path Type:              Min at Fast Process Corner
  Data Path Delay:        2.072ns  (logic 1.407ns (67.912%)  route 0.665ns (32.088%))
  Logic Levels:           2  (LUT3=1 OBUF=1)
  Clock Uncertainty:      0.025ns  ((TSJ^2 + TIJ^2)^1/2 + DJ) / 2 + PE
    Total System Jitter     (TSJ):    0.050ns
    Total Input Jitter      (TIJ):    0.000ns
    Discrete Jitter          (DJ):    0.000ns
    Phase Error              (PE):    0.000ns

    Location             Delay type                Incr(ns)  Path(ns)    Netlist Resource(s)
  -------------------------------------------------------------------    -------------------
                         (clock sys_clk_pin rise edge)
                                                      0.000     0.000 r  
    E3                                                0.000     0.000 r  clk (IN)
                         net (fo=0)                   0.000     0.000    clk
    E3                   IBUF (Prop_ibuf_I_O)         0.250     0.250 r  clk_IBUF_inst/O
                         net (fo=1, routed)           0.644     0.894    clk_IBUF
    BUFGCTRL_X0Y16       BUFG (Prop_bufg_I_O)         0.026     0.920 r  clk_IBUF_BUFG_inst/O
                         net (fo=65, routed)          0.598     1.517    VGA/HORIZONTAL_COUNTER_INST/CLK
    SLICE_X3Y105         FDRE                                         r  VGA/HORIZONTAL_COUNTER_INST/s_hctr_reg[0]/C
  -------------------------------------------------------------------    -------------------
    SLICE_X3Y105         FDRE (Prop_fdre_C_Q)         0.141     1.658 r  VGA/HORIZONTAL_COUNTER_INST/s_hctr_reg[0]/Q
                         net (fo=7, routed)           0.234     1.893    VGA/VERTICAL_COUNTER_INST/LED[9][0]
    SLICE_X1Y105         LUT3 (Prop_lut3_I2_O)        0.045     1.938 r  VGA/VERTICAL_COUNTER_INST/LED_OBUF[0]_inst_i_1/O
                         net (fo=1, routed)           0.431     2.368    LED_OBUF[0]
    H17                  OBUF (Prop_obuf_I_O)         1.221     3.590 r  LED_OBUF[0]_inst/O
                         net (fo=0)                   0.000     3.590    LED[0]
    H17                                                               r  LED[0] (OUT)
  -------------------------------------------------------------------    -------------------

Slack:                    inf
  Source:                 VGA/VERTICAL_COUNTER_INST/s_vctr_reg[3]/C
                            (rising edge-triggered cell FDRE clocked by sys_clk_pin  {rise@0.000ns fall@5.000ns period=10.000ns})
  Destination:            LED[3]
                            (output port)
  Path Group:             (none)
  Path Type:              Min at Fast Process Corner
  Data Path Delay:        2.175ns  (logic 1.437ns (66.070%)  route 0.738ns (33.930%))
  Logic Levels:           2  (LUT3=1 OBUF=1)
  Clock Uncertainty:      0.025ns  ((TSJ^2 + TIJ^2)^1/2 + DJ) / 2 + PE
    Total System Jitter     (TSJ):    0.050ns
    Total Input Jitter      (TIJ):    0.000ns
    Discrete Jitter          (DJ):    0.000ns
    Phase Error              (PE):    0.000ns

    Location             Delay type                Incr(ns)  Path(ns)    Netlist Resource(s)
  -------------------------------------------------------------------    -------------------
                         (clock sys_clk_pin rise edge)
                                                      0.000     0.000 r  
    E3                                                0.000     0.000 r  clk (IN)
                         net (fo=0)                   0.000     0.000    clk
    E3                   IBUF (Prop_ibuf_I_O)         0.250     0.250 r  clk_IBUF_inst/O
                         net (fo=1, routed)           0.644     0.894    clk_IBUF
    BUFGCTRL_X0Y16       BUFG (Prop_bufg_I_O)         0.026     0.920 r  clk_IBUF_BUFG_inst/O
                         net (fo=65, routed)          0.598     1.517    VGA/VERTICAL_COUNTER_INST/CLK
    SLICE_X1Y103         FDRE                                         r  VGA/VERTICAL_COUNTER_INST/s_vctr_reg[3]/C
  -------------------------------------------------------------------    -------------------
    SLICE_X1Y103         FDRE (Prop_fdre_C_Q)         0.141     1.658 r  VGA/VERTICAL_COUNTER_INST/s_vctr_reg[3]/Q
                         net (fo=7, routed)           0.143     1.802    VGA/VERTICAL_COUNTER_INST/vctr_int[3]
    SLICE_X0Y103         LUT3 (Prop_lut3_I0_O)        0.045     1.847 r  VGA/VERTICAL_COUNTER_INST/LED_OBUF[3]_inst_i_1/O
                         net (fo=1, routed)           0.595     2.441    LED_OBUF[3]
    N14                  OBUF (Prop_obuf_I_O)         1.251     3.693 r  LED_OBUF[3]_inst/O
                         net (fo=0)                   0.000     3.693    LED[3]
    N14                                                               r  LED[3] (OUT)
  -------------------------------------------------------------------    -------------------

Slack:                    inf
  Source:                 VGA/VSYNC_GENERATOR_INST/vsync_reg_lopt_replica_2/C
                            (rising edge-triggered cell FDSE clocked by sys_clk_pin  {rise@0.000ns fall@5.000ns period=10.000ns})
  Destination:            vsync_led
                            (output port)
  Path Group:             (none)
  Path Type:              Min at Fast Process Corner
  Data Path Delay:        2.178ns  (logic 1.410ns (64.760%)  route 0.768ns (35.240%))
  Logic Levels:           1  (OBUF=1)
  Clock Uncertainty:      0.025ns  ((TSJ^2 + TIJ^2)^1/2 + DJ) / 2 + PE
    Total System Jitter     (TSJ):    0.050ns
    Total Input Jitter      (TIJ):    0.000ns
    Discrete Jitter          (DJ):    0.000ns
    Phase Error              (PE):    0.000ns

    Location             Delay type                Incr(ns)  Path(ns)    Netlist Resource(s)
  -------------------------------------------------------------------    -------------------
                         (clock sys_clk_pin rise edge)
                                                      0.000     0.000 r  
    E3                                                0.000     0.000 r  clk (IN)
                         net (fo=0)                   0.000     0.000    clk
    E3                   IBUF (Prop_ibuf_I_O)         0.250     0.250 r  clk_IBUF_inst/O
                         net (fo=1, routed)           0.644     0.894    clk_IBUF
    BUFGCTRL_X0Y16       BUFG (Prop_bufg_I_O)         0.026     0.920 r  clk_IBUF_BUFG_inst/O
                         net (fo=65, routed)          0.599     1.518    VGA/VSYNC_GENERATOR_INST/CLK
    SLICE_X0Y102         FDSE                                         r  VGA/VSYNC_GENERATOR_INST/vsync_reg_lopt_replica_2/C
  -------------------------------------------------------------------    -------------------
    SLICE_X0Y102         FDSE (Prop_fdse_C_Q)         0.141     1.659 r  VGA/VSYNC_GENERATOR_INST/vsync_reg_lopt_replica_2/Q
                         net (fo=1, routed)           0.768     2.427    lopt_3
    V11                  OBUF (Prop_obuf_I_O)         1.269     3.696 r  vsync_led_OBUF_inst/O
                         net (fo=0)                   0.000     3.696    vsync_led
    V11                                                               r  vsync_led (OUT)
  -------------------------------------------------------------------    -------------------

Slack:                    inf
  Source:                 VGA/HORIZONTAL_COUNTER_INST/s_hctr_reg[4]/C
                            (rising edge-triggered cell FDRE clocked by sys_clk_pin  {rise@0.000ns fall@5.000ns period=10.000ns})
  Destination:            LED[4]
                            (output port)
  Path Group:             (none)
  Path Type:              Min at Fast Process Corner
  Data Path Delay:        2.239ns  (logic 1.478ns (66.036%)  route 0.760ns (33.964%))
  Logic Levels:           2  (LUT3=1 OBUF=1)
  Clock Uncertainty:      0.025ns  ((TSJ^2 + TIJ^2)^1/2 + DJ) / 2 + PE
    Total System Jitter     (TSJ):    0.050ns
    Total Input Jitter      (TIJ):    0.000ns
    Discrete Jitter          (DJ):    0.000ns
    Phase Error              (PE):    0.000ns

    Location             Delay type                Incr(ns)  Path(ns)    Netlist Resource(s)
  -------------------------------------------------------------------    -------------------
                         (clock sys_clk_pin rise edge)
                                                      0.000     0.000 r  
    E3                                                0.000     0.000 r  clk (IN)
                         net (fo=0)                   0.000     0.000    clk
    E3                   IBUF (Prop_ibuf_I_O)         0.250     0.250 r  clk_IBUF_inst/O
                         net (fo=1, routed)           0.644     0.894    clk_IBUF
    BUFGCTRL_X0Y16       BUFG (Prop_bufg_I_O)         0.026     0.920 r  clk_IBUF_BUFG_inst/O
                         net (fo=65, routed)          0.598     1.517    VGA/HORIZONTAL_COUNTER_INST/CLK
    SLICE_X3Y105         FDRE                                         r  VGA/HORIZONTAL_COUNTER_INST/s_hctr_reg[4]/C
  -------------------------------------------------------------------    -------------------
    SLICE_X3Y105         FDRE (Prop_fdre_C_Q)         0.128     1.645 r  VGA/HORIZONTAL_COUNTER_INST/s_hctr_reg[4]/Q
                         net (fo=4, routed)           0.229     1.875    VGA/VERTICAL_COUNTER_INST/LED[9][4]
    SLICE_X0Y103         LUT3 (Prop_lut3_I2_O)        0.098     1.973 r  VGA/VERTICAL_COUNTER_INST/LED_OBUF[4]_inst_i_1/O
                         net (fo=1, routed)           0.531     2.504    LED_OBUF[4]
    R18                  OBUF (Prop_obuf_I_O)         1.252     3.756 r  LED_OBUF[4]_inst/O
                         net (fo=0)                   0.000     3.756    LED[4]
    R18                                                               r  LED[4] (OUT)
  -------------------------------------------------------------------    -------------------

Slack:                    inf
  Source:                 VGA/VSYNC_GENERATOR_INST/vsync_reg/C
                            (rising edge-triggered cell FDSE clocked by sys_clk_pin  {rise@0.000ns fall@5.000ns period=10.000ns})
  Destination:            vsync_os
                            (output port)
  Path Group:             (none)
  Path Type:              Min at Fast Process Corner
  Data Path Delay:        2.245ns  (logic 1.379ns (61.435%)  route 0.866ns (38.565%))
  Logic Levels:           1  (OBUF=1)
  Clock Uncertainty:      0.025ns  ((TSJ^2 + TIJ^2)^1/2 + DJ) / 2 + PE
    Total System Jitter     (TSJ):    0.050ns
    Total Input Jitter      (TIJ):    0.000ns
    Discrete Jitter          (DJ):    0.000ns
    Phase Error              (PE):    0.000ns

    Location             Delay type                Incr(ns)  Path(ns)    Netlist Resource(s)
  -------------------------------------------------------------------    -------------------
                         (clock sys_clk_pin rise edge)
                                                      0.000     0.000 r  
    E3                                                0.000     0.000 r  clk (IN)
                         net (fo=0)                   0.000     0.000    clk
    E3                   IBUF (Prop_ibuf_I_O)         0.250     0.250 r  clk_IBUF_inst/O
                         net (fo=1, routed)           0.644     0.894    clk_IBUF
    BUFGCTRL_X0Y16       BUFG (Prop_bufg_I_O)         0.026     0.920 r  clk_IBUF_BUFG_inst/O
                         net (fo=65, routed)          0.598     1.517    VGA/VSYNC_GENERATOR_INST/CLK
    SLICE_X0Y105         FDSE                                         r  VGA/VSYNC_GENERATOR_INST/vsync_reg/C
  -------------------------------------------------------------------    -------------------
    SLICE_X0Y105         FDSE (Prop_fdse_C_Q)         0.141     1.658 r  VGA/VSYNC_GENERATOR_INST/vsync_reg/Q
                         net (fo=1, routed)           0.866     2.524    VGA_vsync_OBUF
    D14                  OBUF (Prop_obuf_I_O)         1.238     3.763 r  vsync_os_OBUF_inst/O
                         net (fo=0)                   0.000     3.763    vsync_os
    D14                                                               r  vsync_os (OUT)
  -------------------------------------------------------------------    -------------------

Slack:                    inf
  Source:                 VGA/HORIZONTAL_COUNTER_INST/s_hctr_reg[2]/C
                            (rising edge-triggered cell FDRE clocked by sys_clk_pin  {rise@0.000ns fall@5.000ns period=10.000ns})
  Destination:            LED[2]
                            (output port)
  Path Group:             (none)
  Path Type:              Min at Fast Process Corner
  Data Path Delay:        2.269ns  (logic 1.502ns (66.200%)  route 0.767ns (33.800%))
  Logic Levels:           2  (LUT3=1 OBUF=1)
  Clock Uncertainty:      0.025ns  ((TSJ^2 + TIJ^2)^1/2 + DJ) / 2 + PE
    Total System Jitter     (TSJ):    0.050ns
    Total Input Jitter      (TIJ):    0.000ns
    Discrete Jitter          (DJ):    0.000ns
    Phase Error              (PE):    0.000ns

    Location             Delay type                Incr(ns)  Path(ns)    Netlist Resource(s)
  -------------------------------------------------------------------    -------------------
                         (clock sys_clk_pin rise edge)
                                                      0.000     0.000 r  
    E3                                                0.000     0.000 r  clk (IN)
                         net (fo=0)                   0.000     0.000    clk
    E3                   IBUF (Prop_ibuf_I_O)         0.250     0.250 r  clk_IBUF_inst/O
                         net (fo=1, routed)           0.644     0.894    clk_IBUF
    BUFGCTRL_X0Y16       BUFG (Prop_bufg_I_O)         0.026     0.920 r  clk_IBUF_BUFG_inst/O
                         net (fo=65, routed)          0.598     1.517    VGA/HORIZONTAL_COUNTER_INST/CLK
    SLICE_X3Y105         FDRE                                         r  VGA/HORIZONTAL_COUNTER_INST/s_hctr_reg[2]/C
  -------------------------------------------------------------------    -------------------
    SLICE_X3Y105         FDRE (Prop_fdre_C_Q)         0.141     1.658 r  VGA/HORIZONTAL_COUNTER_INST/s_hctr_reg[2]/Q
                         net (fo=5, routed)           0.265     1.924    VGA/VERTICAL_COUNTER_INST/LED[9][2]
    SLICE_X0Y103         LUT3 (Prop_lut3_I2_O)        0.046     1.970 r  VGA/VERTICAL_COUNTER_INST/LED_OBUF[2]_inst_i_1/O
                         net (fo=1, routed)           0.502     2.471    LED_OBUF[2]
    J13                  OBUF (Prop_obuf_I_O)         1.315     3.787 r  LED_OBUF[2]_inst/O
                         net (fo=0)                   0.000     3.787    LED[2]
    J13                                                               r  LED[2] (OUT)
  -------------------------------------------------------------------    -------------------

Slack:                    inf
  Source:                 VGA/HSYNC_GENERATOR_INST/hsync_reg_lopt_replica/C
                            (rising edge-triggered cell FDSE clocked by sys_clk_pin  {rise@0.000ns fall@5.000ns period=10.000ns})
  Destination:            VGA_hsync
                            (output port)
  Path Group:             (none)
  Path Type:              Min at Fast Process Corner
  Data Path Delay:        2.273ns  (logic 1.406ns (61.862%)  route 0.867ns (38.138%))
  Logic Levels:           1  (OBUF=1)
  Clock Uncertainty:      0.025ns  ((TSJ^2 + TIJ^2)^1/2 + DJ) / 2 + PE
    Total System Jitter     (TSJ):    0.050ns
    Total Input Jitter      (TIJ):    0.000ns
    Discrete Jitter          (DJ):    0.000ns
    Phase Error              (PE):    0.000ns

    Location             Delay type                Incr(ns)  Path(ns)    Netlist Resource(s)
  -------------------------------------------------------------------    -------------------
                         (clock sys_clk_pin rise edge)
                                                      0.000     0.000 r  
    E3                                                0.000     0.000 r  clk (IN)
                         net (fo=0)                   0.000     0.000    clk
    E3                   IBUF (Prop_ibuf_I_O)         0.250     0.250 r  clk_IBUF_inst/O
                         net (fo=1, routed)           0.644     0.894    clk_IBUF
    BUFGCTRL_X0Y16       BUFG (Prop_bufg_I_O)         0.026     0.920 r  clk_IBUF_BUFG_inst/O
                         net (fo=65, routed)          0.598     1.517    VGA/HSYNC_GENERATOR_INST/CLK
    SLICE_X0Y105         FDSE                                         r  VGA/HSYNC_GENERATOR_INST/hsync_reg_lopt_replica/C
  -------------------------------------------------------------------    -------------------
    SLICE_X0Y105         FDSE (Prop_fdse_C_Q)         0.141     1.658 r  VGA/HSYNC_GENERATOR_INST/hsync_reg_lopt_replica/Q
                         net (fo=1, routed)           0.867     2.525    lopt
    B11                  OBUF (Prop_obuf_I_O)         1.265     3.790 r  VGA_hsync_OBUF_inst/O
                         net (fo=0)                   0.000     3.790    VGA_hsync
    B11                                                               r  VGA_hsync (OUT)
  -------------------------------------------------------------------    -------------------

Slack:                    inf
  Source:                 VGA/HORIZONTAL_COUNTER_INST/s_hctr_reg[1]/C
                            (rising edge-triggered cell FDRE clocked by sys_clk_pin  {rise@0.000ns fall@5.000ns period=10.000ns})
  Destination:            LED[1]
                            (output port)
  Path Group:             (none)
  Path Type:              Min at Fast Process Corner
  Data Path Delay:        2.294ns  (logic 1.524ns (66.440%)  route 0.770ns (33.560%))
  Logic Levels:           2  (LUT3=1 OBUF=1)
  Clock Uncertainty:      0.025ns  ((TSJ^2 + TIJ^2)^1/2 + DJ) / 2 + PE
    Total System Jitter     (TSJ):    0.050ns
    Total Input Jitter      (TIJ):    0.000ns
    Discrete Jitter          (DJ):    0.000ns
    Phase Error              (PE):    0.000ns

    Location             Delay type                Incr(ns)  Path(ns)    Netlist Resource(s)
  -------------------------------------------------------------------    -------------------
                         (clock sys_clk_pin rise edge)
                                                      0.000     0.000 r  
    E3                                                0.000     0.000 r  clk (IN)
                         net (fo=0)                   0.000     0.000    clk
    E3                   IBUF (Prop_ibuf_I_O)         0.250     0.250 r  clk_IBUF_inst/O
                         net (fo=1, routed)           0.644     0.894    clk_IBUF
    BUFGCTRL_X0Y16       BUFG (Prop_bufg_I_O)         0.026     0.920 r  clk_IBUF_BUFG_inst/O
                         net (fo=65, routed)          0.598     1.517    VGA/HORIZONTAL_COUNTER_INST/CLK
    SLICE_X3Y105         FDRE                                         r  VGA/HORIZONTAL_COUNTER_INST/s_hctr_reg[1]/C
  -------------------------------------------------------------------    -------------------
    SLICE_X3Y105         FDRE (Prop_fdre_C_Q)         0.128     1.645 r  VGA/HORIZONTAL_COUNTER_INST/s_hctr_reg[1]/Q
                         net (fo=6, routed)           0.355     2.001    VGA/VERTICAL_COUNTER_INST/LED[9][1]
    SLICE_X1Y105         LUT3 (Prop_lut3_I2_O)        0.098     2.099 r  VGA/VERTICAL_COUNTER_INST/LED_OBUF[1]_inst_i_1/O
                         net (fo=1, routed)           0.414     2.513    LED_OBUF[1]
    K15                  OBUF (Prop_obuf_I_O)         1.298     3.811 r  LED_OBUF[1]_inst/O
                         net (fo=0)                   0.000     3.811    LED[1]
    K15                                                               r  LED[1] (OUT)
  -------------------------------------------------------------------    -------------------

Slack:                    inf
  Source:                 VGA/VSYNC_GENERATOR_INST/vsync_reg_lopt_replica/C
                            (rising edge-triggered cell FDSE clocked by sys_clk_pin  {rise@0.000ns fall@5.000ns period=10.000ns})
  Destination:            VGA_vsync
                            (output port)
  Path Group:             (none)
  Path Type:              Min at Fast Process Corner
  Data Path Delay:        2.379ns  (logic 1.448ns (60.868%)  route 0.931ns (39.132%))
  Logic Levels:           1  (OBUF=1)
  Clock Uncertainty:      0.025ns  ((TSJ^2 + TIJ^2)^1/2 + DJ) / 2 + PE
    Total System Jitter     (TSJ):    0.050ns
    Total Input Jitter      (TIJ):    0.000ns
    Discrete Jitter          (DJ):    0.000ns
    Phase Error              (PE):    0.000ns

    Location             Delay type                Incr(ns)  Path(ns)    Netlist Resource(s)
  -------------------------------------------------------------------    -------------------
                         (clock sys_clk_pin rise edge)
                                                      0.000     0.000 r  
    E3                                                0.000     0.000 r  clk (IN)
                         net (fo=0)                   0.000     0.000    clk
    E3                   IBUF (Prop_ibuf_I_O)         0.250     0.250 r  clk_IBUF_inst/O
                         net (fo=1, routed)           0.644     0.894    clk_IBUF
    BUFGCTRL_X0Y16       BUFG (Prop_bufg_I_O)         0.026     0.920 r  clk_IBUF_BUFG_inst/O
                         net (fo=65, routed)          0.598     1.517    VGA/VSYNC_GENERATOR_INST/CLK
    SLICE_X0Y105         FDSE                                         r  VGA/VSYNC_GENERATOR_INST/vsync_reg_lopt_replica/C
  -------------------------------------------------------------------    -------------------
    SLICE_X0Y105         FDSE (Prop_fdse_C_Q)         0.128     1.645 r  VGA/VSYNC_GENERATOR_INST/vsync_reg_lopt_replica/Q
                         net (fo=1, routed)           0.931     2.576    lopt_2
    B12                  OBUF (Prop_obuf_I_O)         1.320     3.896 r  VGA_vsync_OBUF_inst/O
                         net (fo=0)                   0.000     3.896    VGA_vsync
    B12                                                               r  VGA_vsync (OUT)
  -------------------------------------------------------------------    -------------------





--------------------------------------------------------------------------------------
Path Group:  (none)
From Clock:  
  To Clock:  sys_clk_pin

Max Delay            80 Endpoints
Min Delay            80 Endpoints
--------------------------------------------------------------------------------------


Max Delay Paths
--------------------------------------------------------------------------------------
Slack:                    inf
  Source:                 SW[9]
                            (input port)
  Destination:            VGA/RGB_GENERATOR_INST/red_reg[1]/D
                            (rising edge-triggered cell FDRE clocked by sys_clk_pin  {rise@0.000ns fall@5.000ns period=10.000ns})
  Path Group:             (none)
  Path Type:              Setup (Max at Slow Process Corner)
  Data Path Delay:        6.020ns  (logic 1.091ns (18.124%)  route 4.929ns (81.876%))
  Logic Levels:           2  (IBUF=1 LUT6=1)
  Clock Path Skew:        5.010ns (DCD - SCD + CPR)
    Destination Clock Delay (DCD):    5.010ns
    Source Clock Delay      (SCD):    0.000ns
    Clock Pessimism Removal (CPR):    0.000ns
  Clock Uncertainty:      0.025ns  ((TSJ^2 + TIJ^2)^1/2 + DJ) / 2 + PE
    Total System Jitter     (TSJ):    0.050ns
    Total Input Jitter      (TIJ):    0.000ns
    Discrete Jitter          (DJ):    0.000ns
    Phase Error              (PE):    0.000ns

    Location             Delay type                Incr(ns)  Path(ns)    Netlist Resource(s)
  -------------------------------------------------------------------    -------------------
    U8                                                0.000     0.000 r  SW[9] (IN)
                         net (fo=0)                   0.000     0.000    SW[9]
    U8                   IBUF (Prop_ibuf_I_O)         0.967     0.967 r  SW_IBUF[9]_inst/O
                         net (fo=1, routed)           4.929     5.896    VGA/HORIZONTAL_COUNTER_INST/SW_IBUF[9]
    SLICE_X6Y101         LUT6 (Prop_lut6_I4_O)        0.124     6.020 r  VGA/HORIZONTAL_COUNTER_INST/red[1]_i_1/O
                         net (fo=1, routed)           0.000     6.020    VGA/RGB_GENERATOR_INST/D[1]
    SLICE_X6Y101         FDRE                                         r  VGA/RGB_GENERATOR_INST/red_reg[1]/D
  -------------------------------------------------------------------    -------------------

                         (clock sys_clk_pin rise edge)
                                                      0.000     0.000 r  
    E3                                                0.000     0.000 r  clk (IN)
                         net (fo=0)                   0.000     0.000    clk
    E3                   IBUF (Prop_ibuf_I_O)         1.411     1.411 r  clk_IBUF_inst/O
                         net (fo=1, routed)           1.920     3.331    clk_IBUF
    BUFGCTRL_X0Y16       BUFG (Prop_bufg_I_O)         0.091     3.422 r  clk_IBUF_BUFG_inst/O
                         net (fo=65, routed)          1.588     5.010    VGA/RGB_GENERATOR_INST/CLK
    SLICE_X6Y101         FDRE                                         r  VGA/RGB_GENERATOR_INST/red_reg[1]/C

Slack:                    inf
  Source:                 SW[8]
                            (input port)
  Destination:            VGA/RGB_GENERATOR_INST/red_reg[0]/D
                            (rising edge-triggered cell FDRE clocked by sys_clk_pin  {rise@0.000ns fall@5.000ns period=10.000ns})
  Path Group:             (none)
  Path Type:              Setup (Max at Slow Process Corner)
  Data Path Delay:        5.917ns  (logic 1.106ns (18.692%)  route 4.811ns (81.308%))
  Logic Levels:           2  (IBUF=1 LUT6=1)
  Clock Path Skew:        5.010ns (DCD - SCD + CPR)
    Destination Clock Delay (DCD):    5.010ns
    Source Clock Delay      (SCD):    0.000ns
    Clock Pessimism Removal (CPR):    0.000ns
  Clock Uncertainty:      0.025ns  ((TSJ^2 + TIJ^2)^1/2 + DJ) / 2 + PE
    Total System Jitter     (TSJ):    0.050ns
    Total Input Jitter      (TIJ):    0.000ns
    Discrete Jitter          (DJ):    0.000ns
    Phase Error              (PE):    0.000ns

    Location             Delay type                Incr(ns)  Path(ns)    Netlist Resource(s)
  -------------------------------------------------------------------    -------------------
    T8                                                0.000     0.000 r  SW[8] (IN)
                         net (fo=0)                   0.000     0.000    SW[8]
    T8                   IBUF (Prop_ibuf_I_O)         0.982     0.982 r  SW_IBUF[8]_inst/O
                         net (fo=1, routed)           4.811     5.793    VGA/HORIZONTAL_COUNTER_INST/SW_IBUF[8]
    SLICE_X6Y101         LUT6 (Prop_lut6_I4_O)        0.124     5.917 r  VGA/HORIZONTAL_COUNTER_INST/red[0]_i_1/O
                         net (fo=1, routed)           0.000     5.917    VGA/RGB_GENERATOR_INST/D[0]
    SLICE_X6Y101         FDRE                                         r  VGA/RGB_GENERATOR_INST/red_reg[0]/D
  -------------------------------------------------------------------    -------------------

                         (clock sys_clk_pin rise edge)
                                                      0.000     0.000 r  
    E3                                                0.000     0.000 r  clk (IN)
                         net (fo=0)                   0.000     0.000    clk
    E3                   IBUF (Prop_ibuf_I_O)         1.411     1.411 r  clk_IBUF_inst/O
                         net (fo=1, routed)           1.920     3.331    clk_IBUF
    BUFGCTRL_X0Y16       BUFG (Prop_bufg_I_O)         0.091     3.422 r  clk_IBUF_BUFG_inst/O
                         net (fo=65, routed)          1.588     5.010    VGA/RGB_GENERATOR_INST/CLK
    SLICE_X6Y101         FDRE                                         r  VGA/RGB_GENERATOR_INST/red_reg[0]/C

Slack:                    inf
  Source:                 CPU_RESETN
                            (input port)
  Destination:            VGA/RGB_GENERATOR_INST/green_reg[3]/R
                            (rising edge-triggered cell FDRE clocked by sys_clk_pin  {rise@0.000ns fall@5.000ns period=10.000ns})
  Path Group:             (none)
  Path Type:              Setup (Max at Slow Process Corner)
  Data Path Delay:        5.724ns  (logic 1.631ns (28.496%)  route 4.093ns (71.504%))
  Logic Levels:           2  (IBUF=1 LUT1=1)
  Clock Path Skew:        5.010ns (DCD - SCD + CPR)
    Destination Clock Delay (DCD):    5.010ns
    Source Clock Delay      (SCD):    0.000ns
    Clock Pessimism Removal (CPR):    0.000ns
  Clock Uncertainty:      0.025ns  ((TSJ^2 + TIJ^2)^1/2 + DJ) / 2 + PE
    Total System Jitter     (TSJ):    0.050ns
    Total Input Jitter      (TIJ):    0.000ns
    Discrete Jitter          (DJ):    0.000ns
    Phase Error              (PE):    0.000ns

    Location             Delay type                Incr(ns)  Path(ns)    Netlist Resource(s)
  -------------------------------------------------------------------    -------------------
    C12                                               0.000     0.000 f  CPU_RESETN (IN)
                         net (fo=0)                   0.000     0.000    CPU_RESETN
    C12                  IBUF (Prop_ibuf_I_O)         1.507     1.507 f  CPU_RESETN_IBUF_inst/O
                         net (fo=3, routed)           2.693     4.200    VGA/RGB_GENERATOR_INST/CPU_RESETN_IBUF
    SLICE_X1Y105         LUT1 (Prop_lut1_I0_O)        0.124     4.324 r  VGA/RGB_GENERATOR_INST/s_vctr[9]_i_1/O
                         net (fo=38, routed)          1.400     5.724    VGA/RGB_GENERATOR_INST/SR[0]
    SLICE_X5Y101         FDRE                                         r  VGA/RGB_GENERATOR_INST/green_reg[3]/R
  -------------------------------------------------------------------    -------------------

                         (clock sys_clk_pin rise edge)
                                                      0.000     0.000 r  
    E3                                                0.000     0.000 r  clk (IN)
                         net (fo=0)                   0.000     0.000    clk
    E3                   IBUF (Prop_ibuf_I_O)         1.411     1.411 r  clk_IBUF_inst/O
                         net (fo=1, routed)           1.920     3.331    clk_IBUF
    BUFGCTRL_X0Y16       BUFG (Prop_bufg_I_O)         0.091     3.422 r  clk_IBUF_BUFG_inst/O
                         net (fo=65, routed)          1.588     5.010    VGA/RGB_GENERATOR_INST/CLK
    SLICE_X5Y101         FDRE                                         r  VGA/RGB_GENERATOR_INST/green_reg[3]/C

Slack:                    inf
  Source:                 CPU_RESETN
                            (input port)
  Destination:            VGA/RGB_GENERATOR_INST/red_reg[0]/R
                            (rising edge-triggered cell FDRE clocked by sys_clk_pin  {rise@0.000ns fall@5.000ns period=10.000ns})
  Path Group:             (none)
  Path Type:              Setup (Max at Slow Process Corner)
  Data Path Delay:        5.709ns  (logic 1.631ns (28.570%)  route 4.078ns (71.430%))
  Logic Levels:           2  (IBUF=1 LUT1=1)
  Clock Path Skew:        5.010ns (DCD - SCD + CPR)
    Destination Clock Delay (DCD):    5.010ns
    Source Clock Delay      (SCD):    0.000ns
    Clock Pessimism Removal (CPR):    0.000ns
  Clock Uncertainty:      0.025ns  ((TSJ^2 + TIJ^2)^1/2 + DJ) / 2 + PE
    Total System Jitter     (TSJ):    0.050ns
    Total Input Jitter      (TIJ):    0.000ns
    Discrete Jitter          (DJ):    0.000ns
    Phase Error              (PE):    0.000ns

    Location             Delay type                Incr(ns)  Path(ns)    Netlist Resource(s)
  -------------------------------------------------------------------    -------------------
    C12                                               0.000     0.000 f  CPU_RESETN (IN)
                         net (fo=0)                   0.000     0.000    CPU_RESETN
    C12                  IBUF (Prop_ibuf_I_O)         1.507     1.507 f  CPU_RESETN_IBUF_inst/O
                         net (fo=3, routed)           2.693     4.200    VGA/RGB_GENERATOR_INST/CPU_RESETN_IBUF
    SLICE_X1Y105         LUT1 (Prop_lut1_I0_O)        0.124     4.324 r  VGA/RGB_GENERATOR_INST/s_vctr[9]_i_1/O
                         net (fo=38, routed)          1.385     5.709    VGA/RGB_GENERATOR_INST/SR[0]
    SLICE_X6Y101         FDRE                                         r  VGA/RGB_GENERATOR_INST/red_reg[0]/R
  -------------------------------------------------------------------    -------------------

                         (clock sys_clk_pin rise edge)
                                                      0.000     0.000 r  
    E3                                                0.000     0.000 r  clk (IN)
                         net (fo=0)                   0.000     0.000    clk
    E3                   IBUF (Prop_ibuf_I_O)         1.411     1.411 r  clk_IBUF_inst/O
                         net (fo=1, routed)           1.920     3.331    clk_IBUF
    BUFGCTRL_X0Y16       BUFG (Prop_bufg_I_O)         0.091     3.422 r  clk_IBUF_BUFG_inst/O
                         net (fo=65, routed)          1.588     5.010    VGA/RGB_GENERATOR_INST/CLK
    SLICE_X6Y101         FDRE                                         r  VGA/RGB_GENERATOR_INST/red_reg[0]/C

Slack:                    inf
  Source:                 CPU_RESETN
                            (input port)
  Destination:            VGA/RGB_GENERATOR_INST/red_reg[1]/R
                            (rising edge-triggered cell FDRE clocked by sys_clk_pin  {rise@0.000ns fall@5.000ns period=10.000ns})
  Path Group:             (none)
  Path Type:              Setup (Max at Slow Process Corner)
  Data Path Delay:        5.709ns  (logic 1.631ns (28.570%)  route 4.078ns (71.430%))
  Logic Levels:           2  (IBUF=1 LUT1=1)
  Clock Path Skew:        5.010ns (DCD - SCD + CPR)
    Destination Clock Delay (DCD):    5.010ns
    Source Clock Delay      (SCD):    0.000ns
    Clock Pessimism Removal (CPR):    0.000ns
  Clock Uncertainty:      0.025ns  ((TSJ^2 + TIJ^2)^1/2 + DJ) / 2 + PE
    Total System Jitter     (TSJ):    0.050ns
    Total Input Jitter      (TIJ):    0.000ns
    Discrete Jitter          (DJ):    0.000ns
    Phase Error              (PE):    0.000ns

    Location             Delay type                Incr(ns)  Path(ns)    Netlist Resource(s)
  -------------------------------------------------------------------    -------------------
    C12                                               0.000     0.000 f  CPU_RESETN (IN)
                         net (fo=0)                   0.000     0.000    CPU_RESETN
    C12                  IBUF (Prop_ibuf_I_O)         1.507     1.507 f  CPU_RESETN_IBUF_inst/O
                         net (fo=3, routed)           2.693     4.200    VGA/RGB_GENERATOR_INST/CPU_RESETN_IBUF
    SLICE_X1Y105         LUT1 (Prop_lut1_I0_O)        0.124     4.324 r  VGA/RGB_GENERATOR_INST/s_vctr[9]_i_1/O
                         net (fo=38, routed)          1.385     5.709    VGA/RGB_GENERATOR_INST/SR[0]
    SLICE_X6Y101         FDRE                                         r  VGA/RGB_GENERATOR_INST/red_reg[1]/R
  -------------------------------------------------------------------    -------------------

                         (clock sys_clk_pin rise edge)
                                                      0.000     0.000 r  
    E3                                                0.000     0.000 r  clk (IN)
                         net (fo=0)                   0.000     0.000    clk
    E3                   IBUF (Prop_ibuf_I_O)         1.411     1.411 r  clk_IBUF_inst/O
                         net (fo=1, routed)           1.920     3.331    clk_IBUF
    BUFGCTRL_X0Y16       BUFG (Prop_bufg_I_O)         0.091     3.422 r  clk_IBUF_BUFG_inst/O
                         net (fo=65, routed)          1.588     5.010    VGA/RGB_GENERATOR_INST/CLK
    SLICE_X6Y101         FDRE                                         r  VGA/RGB_GENERATOR_INST/red_reg[1]/C

Slack:                    inf
  Source:                 CPU_RESETN
                            (input port)
  Destination:            VGA/RGB_GENERATOR_INST/blue_reg[1]/R
                            (rising edge-triggered cell FDRE clocked by sys_clk_pin  {rise@0.000ns fall@5.000ns period=10.000ns})
  Path Group:             (none)
  Path Type:              Setup (Max at Slow Process Corner)
  Data Path Delay:        5.587ns  (logic 1.631ns (29.192%)  route 3.956ns (70.808%))
  Logic Levels:           2  (IBUF=1 LUT1=1)
  Clock Path Skew:        5.010ns (DCD - SCD + CPR)
    Destination Clock Delay (DCD):    5.010ns
    Source Clock Delay      (SCD):    0.000ns
    Clock Pessimism Removal (CPR):    0.000ns
  Clock Uncertainty:      0.025ns  ((TSJ^2 + TIJ^2)^1/2 + DJ) / 2 + PE
    Total System Jitter     (TSJ):    0.050ns
    Total Input Jitter      (TIJ):    0.000ns
    Discrete Jitter          (DJ):    0.000ns
    Phase Error              (PE):    0.000ns

    Location             Delay type                Incr(ns)  Path(ns)    Netlist Resource(s)
  -------------------------------------------------------------------    -------------------
    C12                                               0.000     0.000 f  CPU_RESETN (IN)
                         net (fo=0)                   0.000     0.000    CPU_RESETN
    C12                  IBUF (Prop_ibuf_I_O)         1.507     1.507 f  CPU_RESETN_IBUF_inst/O
                         net (fo=3, routed)           2.693     4.200    VGA/RGB_GENERATOR_INST/CPU_RESETN_IBUF
    SLICE_X1Y105         LUT1 (Prop_lut1_I0_O)        0.124     4.324 r  VGA/RGB_GENERATOR_INST/s_vctr[9]_i_1/O
                         net (fo=38, routed)          1.263     5.587    VGA/RGB_GENERATOR_INST/SR[0]
    SLICE_X4Y102         FDRE                                         r  VGA/RGB_GENERATOR_INST/blue_reg[1]/R
  -------------------------------------------------------------------    -------------------

                         (clock sys_clk_pin rise edge)
                                                      0.000     0.000 r  
    E3                                                0.000     0.000 r  clk (IN)
                         net (fo=0)                   0.000     0.000    clk
    E3                   IBUF (Prop_ibuf_I_O)         1.411     1.411 r  clk_IBUF_inst/O
                         net (fo=1, routed)           1.920     3.331    clk_IBUF
    BUFGCTRL_X0Y16       BUFG (Prop_bufg_I_O)         0.091     3.422 r  clk_IBUF_BUFG_inst/O
                         net (fo=65, routed)          1.588     5.010    VGA/RGB_GENERATOR_INST/CLK
    SLICE_X4Y102         FDRE                                         r  VGA/RGB_GENERATOR_INST/blue_reg[1]/C

Slack:                    inf
  Source:                 CPU_RESETN
                            (input port)
  Destination:            VGA/RGB_GENERATOR_INST/blue_reg[2]/R
                            (rising edge-triggered cell FDRE clocked by sys_clk_pin  {rise@0.000ns fall@5.000ns period=10.000ns})
  Path Group:             (none)
  Path Type:              Setup (Max at Slow Process Corner)
  Data Path Delay:        5.587ns  (logic 1.631ns (29.192%)  route 3.956ns (70.808%))
  Logic Levels:           2  (IBUF=1 LUT1=1)
  Clock Path Skew:        5.010ns (DCD - SCD + CPR)
    Destination Clock Delay (DCD):    5.010ns
    Source Clock Delay      (SCD):    0.000ns
    Clock Pessimism Removal (CPR):    0.000ns
  Clock Uncertainty:      0.025ns  ((TSJ^2 + TIJ^2)^1/2 + DJ) / 2 + PE
    Total System Jitter     (TSJ):    0.050ns
    Total Input Jitter      (TIJ):    0.000ns
    Discrete Jitter          (DJ):    0.000ns
    Phase Error              (PE):    0.000ns

    Location             Delay type                Incr(ns)  Path(ns)    Netlist Resource(s)
  -------------------------------------------------------------------    -------------------
    C12                                               0.000     0.000 f  CPU_RESETN (IN)
                         net (fo=0)                   0.000     0.000    CPU_RESETN
    C12                  IBUF (Prop_ibuf_I_O)         1.507     1.507 f  CPU_RESETN_IBUF_inst/O
                         net (fo=3, routed)           2.693     4.200    VGA/RGB_GENERATOR_INST/CPU_RESETN_IBUF
    SLICE_X1Y105         LUT1 (Prop_lut1_I0_O)        0.124     4.324 r  VGA/RGB_GENERATOR_INST/s_vctr[9]_i_1/O
                         net (fo=38, routed)          1.263     5.587    VGA/RGB_GENERATOR_INST/SR[0]
    SLICE_X4Y102         FDRE                                         r  VGA/RGB_GENERATOR_INST/blue_reg[2]/R
  -------------------------------------------------------------------    -------------------

                         (clock sys_clk_pin rise edge)
                                                      0.000     0.000 r  
    E3                                                0.000     0.000 r  clk (IN)
                         net (fo=0)                   0.000     0.000    clk
    E3                   IBUF (Prop_ibuf_I_O)         1.411     1.411 r  clk_IBUF_inst/O
                         net (fo=1, routed)           1.920     3.331    clk_IBUF
    BUFGCTRL_X0Y16       BUFG (Prop_bufg_I_O)         0.091     3.422 r  clk_IBUF_BUFG_inst/O
                         net (fo=65, routed)          1.588     5.010    VGA/RGB_GENERATOR_INST/CLK
    SLICE_X4Y102         FDRE                                         r  VGA/RGB_GENERATOR_INST/blue_reg[2]/C

Slack:                    inf
  Source:                 CPU_RESETN
                            (input port)
  Destination:            VGA/RGB_GENERATOR_INST/green_reg[0]/R
                            (rising edge-triggered cell FDRE clocked by sys_clk_pin  {rise@0.000ns fall@5.000ns period=10.000ns})
  Path Group:             (none)
  Path Type:              Setup (Max at Slow Process Corner)
  Data Path Delay:        5.587ns  (logic 1.631ns (29.192%)  route 3.956ns (70.808%))
  Logic Levels:           2  (IBUF=1 LUT1=1)
  Clock Path Skew:        5.010ns (DCD - SCD + CPR)
    Destination Clock Delay (DCD):    5.010ns
    Source Clock Delay      (SCD):    0.000ns
    Clock Pessimism Removal (CPR):    0.000ns
  Clock Uncertainty:      0.025ns  ((TSJ^2 + TIJ^2)^1/2 + DJ) / 2 + PE
    Total System Jitter     (TSJ):    0.050ns
    Total Input Jitter      (TIJ):    0.000ns
    Discrete Jitter          (DJ):    0.000ns
    Phase Error              (PE):    0.000ns

    Location             Delay type                Incr(ns)  Path(ns)    Netlist Resource(s)
  -------------------------------------------------------------------    -------------------
    C12                                               0.000     0.000 f  CPU_RESETN (IN)
                         net (fo=0)                   0.000     0.000    CPU_RESETN
    C12                  IBUF (Prop_ibuf_I_O)         1.507     1.507 f  CPU_RESETN_IBUF_inst/O
                         net (fo=3, routed)           2.693     4.200    VGA/RGB_GENERATOR_INST/CPU_RESETN_IBUF
    SLICE_X1Y105         LUT1 (Prop_lut1_I0_O)        0.124     4.324 r  VGA/RGB_GENERATOR_INST/s_vctr[9]_i_1/O
                         net (fo=38, routed)          1.263     5.587    VGA/RGB_GENERATOR_INST/SR[0]
    SLICE_X4Y102         FDRE                                         r  VGA/RGB_GENERATOR_INST/green_reg[0]/R
  -------------------------------------------------------------------    -------------------

                         (clock sys_clk_pin rise edge)
                                                      0.000     0.000 r  
    E3                                                0.000     0.000 r  clk (IN)
                         net (fo=0)                   0.000     0.000    clk
    E3                   IBUF (Prop_ibuf_I_O)         1.411     1.411 r  clk_IBUF_inst/O
                         net (fo=1, routed)           1.920     3.331    clk_IBUF
    BUFGCTRL_X0Y16       BUFG (Prop_bufg_I_O)         0.091     3.422 r  clk_IBUF_BUFG_inst/O
                         net (fo=65, routed)          1.588     5.010    VGA/RGB_GENERATOR_INST/CLK
    SLICE_X4Y102         FDRE                                         r  VGA/RGB_GENERATOR_INST/green_reg[0]/C

Slack:                    inf
  Source:                 CPU_RESETN
                            (input port)
  Destination:            VGA/RGB_GENERATOR_INST/green_reg[2]/R
                            (rising edge-triggered cell FDRE clocked by sys_clk_pin  {rise@0.000ns fall@5.000ns period=10.000ns})
  Path Group:             (none)
  Path Type:              Setup (Max at Slow Process Corner)
  Data Path Delay:        5.587ns  (logic 1.631ns (29.192%)  route 3.956ns (70.808%))
  Logic Levels:           2  (IBUF=1 LUT1=1)
  Clock Path Skew:        5.010ns (DCD - SCD + CPR)
    Destination Clock Delay (DCD):    5.010ns
    Source Clock Delay      (SCD):    0.000ns
    Clock Pessimism Removal (CPR):    0.000ns
  Clock Uncertainty:      0.025ns  ((TSJ^2 + TIJ^2)^1/2 + DJ) / 2 + PE
    Total System Jitter     (TSJ):    0.050ns
    Total Input Jitter      (TIJ):    0.000ns
    Discrete Jitter          (DJ):    0.000ns
    Phase Error              (PE):    0.000ns

    Location             Delay type                Incr(ns)  Path(ns)    Netlist Resource(s)
  -------------------------------------------------------------------    -------------------
    C12                                               0.000     0.000 f  CPU_RESETN (IN)
                         net (fo=0)                   0.000     0.000    CPU_RESETN
    C12                  IBUF (Prop_ibuf_I_O)         1.507     1.507 f  CPU_RESETN_IBUF_inst/O
                         net (fo=3, routed)           2.693     4.200    VGA/RGB_GENERATOR_INST/CPU_RESETN_IBUF
    SLICE_X1Y105         LUT1 (Prop_lut1_I0_O)        0.124     4.324 r  VGA/RGB_GENERATOR_INST/s_vctr[9]_i_1/O
                         net (fo=38, routed)          1.263     5.587    VGA/RGB_GENERATOR_INST/SR[0]
    SLICE_X4Y102         FDRE                                         r  VGA/RGB_GENERATOR_INST/green_reg[2]/R
  -------------------------------------------------------------------    -------------------

                         (clock sys_clk_pin rise edge)
                                                      0.000     0.000 r  
    E3                                                0.000     0.000 r  clk (IN)
                         net (fo=0)                   0.000     0.000    clk
    E3                   IBUF (Prop_ibuf_I_O)         1.411     1.411 r  clk_IBUF_inst/O
                         net (fo=1, routed)           1.920     3.331    clk_IBUF
    BUFGCTRL_X0Y16       BUFG (Prop_bufg_I_O)         0.091     3.422 r  clk_IBUF_BUFG_inst/O
                         net (fo=65, routed)          1.588     5.010    VGA/RGB_GENERATOR_INST/CLK
    SLICE_X4Y102         FDRE                                         r  VGA/RGB_GENERATOR_INST/green_reg[2]/C

Slack:                    inf
  Source:                 CPU_RESETN
                            (input port)
  Destination:            VGA/RGB_GENERATOR_INST/green_reg[1]/R
                            (rising edge-triggered cell FDRE clocked by sys_clk_pin  {rise@0.000ns fall@5.000ns period=10.000ns})
  Path Group:             (none)
  Path Type:              Setup (Max at Slow Process Corner)
  Data Path Delay:        5.565ns  (logic 1.631ns (29.309%)  route 3.934ns (70.691%))
  Logic Levels:           2  (IBUF=1 LUT1=1)
  Clock Path Skew:        5.009ns (DCD - SCD + CPR)
    Destination Clock Delay (DCD):    5.009ns
    Source Clock Delay      (SCD):    0.000ns
    Clock Pessimism Removal (CPR):    0.000ns
  Clock Uncertainty:      0.025ns  ((TSJ^2 + TIJ^2)^1/2 + DJ) / 2 + PE
    Total System Jitter     (TSJ):    0.050ns
    Total Input Jitter      (TIJ):    0.000ns
    Discrete Jitter          (DJ):    0.000ns
    Phase Error              (PE):    0.000ns

    Location             Delay type                Incr(ns)  Path(ns)    Netlist Resource(s)
  -------------------------------------------------------------------    -------------------
    C12                                               0.000     0.000 f  CPU_RESETN (IN)
                         net (fo=0)                   0.000     0.000    CPU_RESETN
    C12                  IBUF (Prop_ibuf_I_O)         1.507     1.507 f  CPU_RESETN_IBUF_inst/O
                         net (fo=3, routed)           2.693     4.200    VGA/RGB_GENERATOR_INST/CPU_RESETN_IBUF
    SLICE_X1Y105         LUT1 (Prop_lut1_I0_O)        0.124     4.324 r  VGA/RGB_GENERATOR_INST/s_vctr[9]_i_1/O
                         net (fo=38, routed)          1.241     5.565    VGA/RGB_GENERATOR_INST/SR[0]
    SLICE_X6Y103         FDRE                                         r  VGA/RGB_GENERATOR_INST/green_reg[1]/R
  -------------------------------------------------------------------    -------------------

                         (clock sys_clk_pin rise edge)
                                                      0.000     0.000 r  
    E3                                                0.000     0.000 r  clk (IN)
                         net (fo=0)                   0.000     0.000    clk
    E3                   IBUF (Prop_ibuf_I_O)         1.411     1.411 r  clk_IBUF_inst/O
                         net (fo=1, routed)           1.920     3.331    clk_IBUF
    BUFGCTRL_X0Y16       BUFG (Prop_bufg_I_O)         0.091     3.422 r  clk_IBUF_BUFG_inst/O
                         net (fo=65, routed)          1.587     5.009    VGA/RGB_GENERATOR_INST/CLK
    SLICE_X6Y103         FDRE                                         r  VGA/RGB_GENERATOR_INST/green_reg[1]/C





Min Delay Paths
--------------------------------------------------------------------------------------
Slack:                    inf
  Source:                 SW[0]
                            (input port)
  Destination:            VGA/RGB_GENERATOR_INST/blue_reg[0]/D
                            (rising edge-triggered cell FDRE clocked by sys_clk_pin  {rise@0.000ns fall@5.000ns period=10.000ns})
  Path Group:             (none)
  Path Type:              Hold (Min at Fast Process Corner)
  Data Path Delay:        0.684ns  (logic 0.290ns (42.434%)  route 0.394ns (57.566%))
  Logic Levels:           2  (IBUF=1 LUT6=1)
  Clock Path Skew:        2.033ns (DCD - SCD - CPR)
    Destination Clock Delay (DCD):    2.033ns
    Source Clock Delay      (SCD):    0.000ns
    Clock Pessimism Removal (CPR):    -0.000ns

    Location             Delay type                Incr(ns)  Path(ns)    Netlist Resource(s)
  -------------------------------------------------------------------    -------------------
    J15                                               0.000     0.000 r  SW[0] (IN)
                         net (fo=0)                   0.000     0.000    SW[0]
    J15                  IBUF (Prop_ibuf_I_O)         0.245     0.245 r  SW_IBUF[0]_inst/O
                         net (fo=1, routed)           0.394     0.639    VGA/HORIZONTAL_COUNTER_INST/SW_IBUF[0]
    SLICE_X4Y103         LUT6 (Prop_lut6_I4_O)        0.045     0.684 r  VGA/HORIZONTAL_COUNTER_INST/blue[0]_i_1/O
                         net (fo=1, routed)           0.000     0.684    VGA/RGB_GENERATOR_INST/blue_reg[3]_1[0]
    SLICE_X4Y103         FDRE                                         r  VGA/RGB_GENERATOR_INST/blue_reg[0]/D
  -------------------------------------------------------------------    -------------------

                         (clock sys_clk_pin rise edge)
                                                      0.000     0.000 r  
    E3                                                0.000     0.000 r  clk (IN)
                         net (fo=0)                   0.000     0.000    clk
    E3                   IBUF (Prop_ibuf_I_O)         0.438     0.438 r  clk_IBUF_inst/O
                         net (fo=1, routed)           0.699     1.136    clk_IBUF
    BUFGCTRL_X0Y16       BUFG (Prop_bufg_I_O)         0.029     1.165 r  clk_IBUF_BUFG_inst/O
                         net (fo=65, routed)          0.867     2.033    VGA/RGB_GENERATOR_INST/CLK
    SLICE_X4Y103         FDRE                                         r  VGA/RGB_GENERATOR_INST/blue_reg[0]/C

Slack:                    inf
  Source:                 SW[1]
                            (input port)
  Destination:            VGA/RGB_GENERATOR_INST/blue_reg[1]/D
                            (rising edge-triggered cell FDRE clocked by sys_clk_pin  {rise@0.000ns fall@5.000ns period=10.000ns})
  Path Group:             (none)
  Path Type:              Hold (Min at Fast Process Corner)
  Data Path Delay:        0.784ns  (logic 0.292ns (37.280%)  route 0.492ns (62.720%))
  Logic Levels:           2  (IBUF=1 LUT6=1)
  Clock Path Skew:        2.034ns (DCD - SCD - CPR)
    Destination Clock Delay (DCD):    2.034ns
    Source Clock Delay      (SCD):    0.000ns
    Clock Pessimism Removal (CPR):    -0.000ns

    Location             Delay type                Incr(ns)  Path(ns)    Netlist Resource(s)
  -------------------------------------------------------------------    -------------------
    L16                                               0.000     0.000 r  SW[1] (IN)
                         net (fo=0)                   0.000     0.000    SW[1]
    L16                  IBUF (Prop_ibuf_I_O)         0.247     0.247 r  SW_IBUF[1]_inst/O
                         net (fo=1, routed)           0.492     0.739    VGA/HORIZONTAL_COUNTER_INST/SW_IBUF[1]
    SLICE_X4Y102         LUT6 (Prop_lut6_I4_O)        0.045     0.784 r  VGA/HORIZONTAL_COUNTER_INST/blue[1]_i_1/O
                         net (fo=1, routed)           0.000     0.784    VGA/RGB_GENERATOR_INST/blue_reg[3]_1[1]
    SLICE_X4Y102         FDRE                                         r  VGA/RGB_GENERATOR_INST/blue_reg[1]/D
  -------------------------------------------------------------------    -------------------

                         (clock sys_clk_pin rise edge)
                                                      0.000     0.000 r  
    E3                                                0.000     0.000 r  clk (IN)
                         net (fo=0)                   0.000     0.000    clk
    E3                   IBUF (Prop_ibuf_I_O)         0.438     0.438 r  clk_IBUF_inst/O
                         net (fo=1, routed)           0.699     1.136    clk_IBUF
    BUFGCTRL_X0Y16       BUFG (Prop_bufg_I_O)         0.029     1.165 r  clk_IBUF_BUFG_inst/O
                         net (fo=65, routed)          0.868     2.034    VGA/RGB_GENERATOR_INST/CLK
    SLICE_X4Y102         FDRE                                         r  VGA/RGB_GENERATOR_INST/blue_reg[1]/C

Slack:                    inf
  Source:                 SW[2]
                            (input port)
  Destination:            VGA/RGB_GENERATOR_INST/blue_reg[2]/D
                            (rising edge-triggered cell FDRE clocked by sys_clk_pin  {rise@0.000ns fall@5.000ns period=10.000ns})
  Path Group:             (none)
  Path Type:              Hold (Min at Fast Process Corner)
  Data Path Delay:        0.883ns  (logic 0.298ns (33.729%)  route 0.585ns (66.271%))
  Logic Levels:           2  (IBUF=1 LUT6=1)
  Clock Path Skew:        2.034ns (DCD - SCD - CPR)
    Destination Clock Delay (DCD):    2.034ns
    Source Clock Delay      (SCD):    0.000ns
    Clock Pessimism Removal (CPR):    -0.000ns

    Location             Delay type                Incr(ns)  Path(ns)    Netlist Resource(s)
  -------------------------------------------------------------------    -------------------
    M13                                               0.000     0.000 r  SW[2] (IN)
                         net (fo=0)                   0.000     0.000    SW[2]
    M13                  IBUF (Prop_ibuf_I_O)         0.253     0.253 r  SW_IBUF[2]_inst/O
                         net (fo=1, routed)           0.585     0.838    VGA/HORIZONTAL_COUNTER_INST/SW_IBUF[2]
    SLICE_X4Y102         LUT6 (Prop_lut6_I4_O)        0.045     0.883 r  VGA/HORIZONTAL_COUNTER_INST/blue[2]_i_1/O
                         net (fo=1, routed)           0.000     0.883    VGA/RGB_GENERATOR_INST/blue_reg[3]_1[2]
    SLICE_X4Y102         FDRE                                         r  VGA/RGB_GENERATOR_INST/blue_reg[2]/D
  -------------------------------------------------------------------    -------------------

                         (clock sys_clk_pin rise edge)
                                                      0.000     0.000 r  
    E3                                                0.000     0.000 r  clk (IN)
                         net (fo=0)                   0.000     0.000    clk
    E3                   IBUF (Prop_ibuf_I_O)         0.438     0.438 r  clk_IBUF_inst/O
                         net (fo=1, routed)           0.699     1.136    clk_IBUF
    BUFGCTRL_X0Y16       BUFG (Prop_bufg_I_O)         0.029     1.165 r  clk_IBUF_BUFG_inst/O
                         net (fo=65, routed)          0.868     2.034    VGA/RGB_GENERATOR_INST/CLK
    SLICE_X4Y102         FDRE                                         r  VGA/RGB_GENERATOR_INST/blue_reg[2]/C

Slack:                    inf
  Source:                 SW[7]
                            (input port)
  Destination:            VGA/RGB_GENERATOR_INST/green_reg[3]/D
                            (rising edge-triggered cell FDRE clocked by sys_clk_pin  {rise@0.000ns fall@5.000ns period=10.000ns})
  Path Group:             (none)
  Path Type:              Hold (Min at Fast Process Corner)
  Data Path Delay:        0.942ns  (logic 0.320ns (34.005%)  route 0.622ns (65.995%))
  Logic Levels:           2  (IBUF=1 LUT6=1)
  Clock Path Skew:        2.034ns (DCD - SCD - CPR)
    Destination Clock Delay (DCD):    2.034ns
    Source Clock Delay      (SCD):    0.000ns
    Clock Pessimism Removal (CPR):    -0.000ns

    Location             Delay type                Incr(ns)  Path(ns)    Netlist Resource(s)
  -------------------------------------------------------------------    -------------------
    R13                                               0.000     0.000 r  SW[7] (IN)
                         net (fo=0)                   0.000     0.000    SW[7]
    R13                  IBUF (Prop_ibuf_I_O)         0.275     0.275 r  SW_IBUF[7]_inst/O
                         net (fo=1, routed)           0.622     0.897    VGA/HORIZONTAL_COUNTER_INST/SW_IBUF[7]
    SLICE_X5Y101         LUT6 (Prop_lut6_I4_O)        0.045     0.942 r  VGA/HORIZONTAL_COUNTER_INST/green[3]_i_1/O
                         net (fo=1, routed)           0.000     0.942    VGA/RGB_GENERATOR_INST/green_reg[3]_1[3]
    SLICE_X5Y101         FDRE                                         r  VGA/RGB_GENERATOR_INST/green_reg[3]/D
  -------------------------------------------------------------------    -------------------

                         (clock sys_clk_pin rise edge)
                                                      0.000     0.000 r  
    E3                                                0.000     0.000 r  clk (IN)
                         net (fo=0)                   0.000     0.000    clk
    E3                   IBUF (Prop_ibuf_I_O)         0.438     0.438 r  clk_IBUF_inst/O
                         net (fo=1, routed)           0.699     1.136    clk_IBUF
    BUFGCTRL_X0Y16       BUFG (Prop_bufg_I_O)         0.029     1.165 r  clk_IBUF_BUFG_inst/O
                         net (fo=65, routed)          0.868     2.034    VGA/RGB_GENERATOR_INST/CLK
    SLICE_X5Y101         FDRE                                         r  VGA/RGB_GENERATOR_INST/green_reg[3]/C

Slack:                    inf
  Source:                 SW[5]
                            (input port)
  Destination:            VGA/RGB_GENERATOR_INST/green_reg[1]/D
                            (rising edge-triggered cell FDRE clocked by sys_clk_pin  {rise@0.000ns fall@5.000ns period=10.000ns})
  Path Group:             (none)
  Path Type:              Hold (Min at Fast Process Corner)
  Data Path Delay:        1.031ns  (logic 0.310ns (30.069%)  route 0.721ns (69.931%))
  Logic Levels:           2  (IBUF=1 LUT6=1)
  Clock Path Skew:        2.033ns (DCD - SCD - CPR)
    Destination Clock Delay (DCD):    2.033ns
    Source Clock Delay      (SCD):    0.000ns
    Clock Pessimism Removal (CPR):    -0.000ns

    Location             Delay type                Incr(ns)  Path(ns)    Netlist Resource(s)
  -------------------------------------------------------------------    -------------------
    T18                                               0.000     0.000 r  SW[5] (IN)
                         net (fo=0)                   0.000     0.000    SW[5]
    T18                  IBUF (Prop_ibuf_I_O)         0.265     0.265 r  SW_IBUF[5]_inst/O
                         net (fo=1, routed)           0.721     0.986    VGA/HORIZONTAL_COUNTER_INST/SW_IBUF[5]
    SLICE_X6Y103         LUT6 (Prop_lut6_I4_O)        0.045     1.031 r  VGA/HORIZONTAL_COUNTER_INST/green[1]_i_1/O
                         net (fo=1, routed)           0.000     1.031    VGA/RGB_GENERATOR_INST/green_reg[3]_1[1]
    SLICE_X6Y103         FDRE                                         r  VGA/RGB_GENERATOR_INST/green_reg[1]/D
  -------------------------------------------------------------------    -------------------

                         (clock sys_clk_pin rise edge)
                                                      0.000     0.000 r  
    E3                                                0.000     0.000 r  clk (IN)
                         net (fo=0)                   0.000     0.000    clk
    E3                   IBUF (Prop_ibuf_I_O)         0.438     0.438 r  clk_IBUF_inst/O
                         net (fo=1, routed)           0.699     1.136    clk_IBUF
    BUFGCTRL_X0Y16       BUFG (Prop_bufg_I_O)         0.029     1.165 r  clk_IBUF_BUFG_inst/O
                         net (fo=65, routed)          0.867     2.033    VGA/RGB_GENERATOR_INST/CLK
    SLICE_X6Y103         FDRE                                         r  VGA/RGB_GENERATOR_INST/green_reg[1]/C

Slack:                    inf
  Source:                 SW[10]
                            (input port)
  Destination:            VGA/RGB_GENERATOR_INST/red_reg[2]/D
                            (rising edge-triggered cell FDRE clocked by sys_clk_pin  {rise@0.000ns fall@5.000ns period=10.000ns})
  Path Group:             (none)
  Path Type:              Hold (Min at Fast Process Corner)
  Data Path Delay:        1.055ns  (logic 0.295ns (27.955%)  route 0.760ns (72.045%))
  Logic Levels:           2  (IBUF=1 LUT6=1)
  Clock Path Skew:        2.033ns (DCD - SCD - CPR)
    Destination Clock Delay (DCD):    2.033ns
    Source Clock Delay      (SCD):    0.000ns
    Clock Pessimism Removal (CPR):    -0.000ns

    Location             Delay type                Incr(ns)  Path(ns)    Netlist Resource(s)
  -------------------------------------------------------------------    -------------------
    R16                                               0.000     0.000 r  SW[10] (IN)
                         net (fo=0)                   0.000     0.000    SW[10]
    R16                  IBUF (Prop_ibuf_I_O)         0.250     0.250 r  SW_IBUF[10]_inst/O
                         net (fo=1, routed)           0.760     1.010    VGA/HORIZONTAL_COUNTER_INST/SW_IBUF[10]
    SLICE_X4Y103         LUT6 (Prop_lut6_I4_O)        0.045     1.055 r  VGA/HORIZONTAL_COUNTER_INST/red[2]_i_1/O
                         net (fo=1, routed)           0.000     1.055    VGA/RGB_GENERATOR_INST/D[2]
    SLICE_X4Y103         FDRE                                         r  VGA/RGB_GENERATOR_INST/red_reg[2]/D
  -------------------------------------------------------------------    -------------------

                         (clock sys_clk_pin rise edge)
                                                      0.000     0.000 r  
    E3                                                0.000     0.000 r  clk (IN)
                         net (fo=0)                   0.000     0.000    clk
    E3                   IBUF (Prop_ibuf_I_O)         0.438     0.438 r  clk_IBUF_inst/O
                         net (fo=1, routed)           0.699     1.136    clk_IBUF
    BUFGCTRL_X0Y16       BUFG (Prop_bufg_I_O)         0.029     1.165 r  clk_IBUF_BUFG_inst/O
                         net (fo=65, routed)          0.867     2.033    VGA/RGB_GENERATOR_INST/CLK
    SLICE_X4Y103         FDRE                                         r  VGA/RGB_GENERATOR_INST/red_reg[2]/C

Slack:                    inf
  Source:                 SW[6]
                            (input port)
  Destination:            VGA/RGB_GENERATOR_INST/green_reg[2]/D
                            (rising edge-triggered cell FDRE clocked by sys_clk_pin  {rise@0.000ns fall@5.000ns period=10.000ns})
  Path Group:             (none)
  Path Type:              Hold (Min at Fast Process Corner)
  Data Path Delay:        1.088ns  (logic 0.307ns (28.202%)  route 0.781ns (71.798%))
  Logic Levels:           2  (IBUF=1 LUT6=1)
  Clock Path Skew:        2.034ns (DCD - SCD - CPR)
    Destination Clock Delay (DCD):    2.034ns
    Source Clock Delay      (SCD):    0.000ns
    Clock Pessimism Removal (CPR):    -0.000ns

    Location             Delay type                Incr(ns)  Path(ns)    Netlist Resource(s)
  -------------------------------------------------------------------    -------------------
    U18                                               0.000     0.000 r  SW[6] (IN)
                         net (fo=0)                   0.000     0.000    SW[6]
    U18                  IBUF (Prop_ibuf_I_O)         0.262     0.262 r  SW_IBUF[6]_inst/O
                         net (fo=1, routed)           0.781     1.043    VGA/HORIZONTAL_COUNTER_INST/SW_IBUF[6]
    SLICE_X4Y102         LUT6 (Prop_lut6_I4_O)        0.045     1.088 r  VGA/HORIZONTAL_COUNTER_INST/green[2]_i_1/O
                         net (fo=1, routed)           0.000     1.088    VGA/RGB_GENERATOR_INST/green_reg[3]_1[2]
    SLICE_X4Y102         FDRE                                         r  VGA/RGB_GENERATOR_INST/green_reg[2]/D
  -------------------------------------------------------------------    -------------------

                         (clock sys_clk_pin rise edge)
                                                      0.000     0.000 r  
    E3                                                0.000     0.000 r  clk (IN)
                         net (fo=0)                   0.000     0.000    clk
    E3                   IBUF (Prop_ibuf_I_O)         0.438     0.438 r  clk_IBUF_inst/O
                         net (fo=1, routed)           0.699     1.136    clk_IBUF
    BUFGCTRL_X0Y16       BUFG (Prop_bufg_I_O)         0.029     1.165 r  clk_IBUF_BUFG_inst/O
                         net (fo=65, routed)          0.868     2.034    VGA/RGB_GENERATOR_INST/CLK
    SLICE_X4Y102         FDRE                                         r  VGA/RGB_GENERATOR_INST/green_reg[2]/C

Slack:                    inf
  Source:                 SW[3]
                            (input port)
  Destination:            VGA/RGB_GENERATOR_INST/blue_reg[3]/D
                            (rising edge-triggered cell FDRE clocked by sys_clk_pin  {rise@0.000ns fall@5.000ns period=10.000ns})
  Path Group:             (none)
  Path Type:              Hold (Min at Fast Process Corner)
  Data Path Delay:        1.131ns  (logic 0.290ns (25.635%)  route 0.841ns (74.365%))
  Logic Levels:           2  (IBUF=1 LUT6=1)
  Clock Path Skew:        2.033ns (DCD - SCD - CPR)
    Destination Clock Delay (DCD):    2.033ns
    Source Clock Delay      (SCD):    0.000ns
    Clock Pessimism Removal (CPR):    -0.000ns

    Location             Delay type                Incr(ns)  Path(ns)    Netlist Resource(s)
  -------------------------------------------------------------------    -------------------
    R15                                               0.000     0.000 r  SW[3] (IN)
                         net (fo=0)                   0.000     0.000    SW[3]
    R15                  IBUF (Prop_ibuf_I_O)         0.245     0.245 r  SW_IBUF[3]_inst/O
                         net (fo=1, routed)           0.841     1.086    VGA/HORIZONTAL_COUNTER_INST/SW_IBUF[3]
    SLICE_X4Y103         LUT6 (Prop_lut6_I4_O)        0.045     1.131 r  VGA/HORIZONTAL_COUNTER_INST/blue[3]_i_1/O
                         net (fo=1, routed)           0.000     1.131    VGA/RGB_GENERATOR_INST/blue_reg[3]_1[3]
    SLICE_X4Y103         FDRE                                         r  VGA/RGB_GENERATOR_INST/blue_reg[3]/D
  -------------------------------------------------------------------    -------------------

                         (clock sys_clk_pin rise edge)
                                                      0.000     0.000 r  
    E3                                                0.000     0.000 r  clk (IN)
                         net (fo=0)                   0.000     0.000    clk
    E3                   IBUF (Prop_ibuf_I_O)         0.438     0.438 r  clk_IBUF_inst/O
                         net (fo=1, routed)           0.699     1.136    clk_IBUF
    BUFGCTRL_X0Y16       BUFG (Prop_bufg_I_O)         0.029     1.165 r  clk_IBUF_BUFG_inst/O
                         net (fo=65, routed)          0.867     2.033    VGA/RGB_GENERATOR_INST/CLK
    SLICE_X4Y103         FDRE                                         r  VGA/RGB_GENERATOR_INST/blue_reg[3]/C

Slack:                    inf
  Source:                 SW[11]
                            (input port)
  Destination:            VGA/RGB_GENERATOR_INST/red_reg[3]/D
                            (rising edge-triggered cell FDRE clocked by sys_clk_pin  {rise@0.000ns fall@5.000ns period=10.000ns})
  Path Group:             (none)
  Path Type:              Hold (Min at Fast Process Corner)
  Data Path Delay:        1.199ns  (logic 0.315ns (26.247%)  route 0.884ns (73.753%))
  Logic Levels:           2  (IBUF=1 LUT6=1)
  Clock Path Skew:        2.033ns (DCD - SCD - CPR)
    Destination Clock Delay (DCD):    2.033ns
    Source Clock Delay      (SCD):    0.000ns
    Clock Pessimism Removal (CPR):    -0.000ns

    Location             Delay type                Incr(ns)  Path(ns)    Netlist Resource(s)
  -------------------------------------------------------------------    -------------------
    T13                                               0.000     0.000 r  SW[11] (IN)
                         net (fo=0)                   0.000     0.000    SW[11]
    T13                  IBUF (Prop_ibuf_I_O)         0.270     0.270 r  SW_IBUF[11]_inst/O
                         net (fo=1, routed)           0.884     1.154    VGA/HORIZONTAL_COUNTER_INST/SW_IBUF[11]
    SLICE_X4Y103         LUT6 (Prop_lut6_I4_O)        0.045     1.199 r  VGA/HORIZONTAL_COUNTER_INST/red[3]_i_1/O
                         net (fo=1, routed)           0.000     1.199    VGA/RGB_GENERATOR_INST/D[3]
    SLICE_X4Y103         FDRE                                         r  VGA/RGB_GENERATOR_INST/red_reg[3]/D
  -------------------------------------------------------------------    -------------------

                         (clock sys_clk_pin rise edge)
                                                      0.000     0.000 r  
    E3                                                0.000     0.000 r  clk (IN)
                         net (fo=0)                   0.000     0.000    clk
    E3                   IBUF (Prop_ibuf_I_O)         0.438     0.438 r  clk_IBUF_inst/O
                         net (fo=1, routed)           0.699     1.136    clk_IBUF
    BUFGCTRL_X0Y16       BUFG (Prop_bufg_I_O)         0.029     1.165 r  clk_IBUF_BUFG_inst/O
                         net (fo=65, routed)          0.867     2.033    VGA/RGB_GENERATOR_INST/CLK
    SLICE_X4Y103         FDRE                                         r  VGA/RGB_GENERATOR_INST/red_reg[3]/C

Slack:                    inf
  Source:                 SW[4]
                            (input port)
  Destination:            VGA/RGB_GENERATOR_INST/green_reg[0]/D
                            (rising edge-triggered cell FDRE clocked by sys_clk_pin  {rise@0.000ns fall@5.000ns period=10.000ns})
  Path Group:             (none)
  Path Type:              Hold (Min at Fast Process Corner)
  Data Path Delay:        1.226ns  (logic 0.305ns (24.903%)  route 0.921ns (75.097%))
  Logic Levels:           2  (IBUF=1 LUT6=1)
  Clock Path Skew:        2.034ns (DCD - SCD - CPR)
    Destination Clock Delay (DCD):    2.034ns
    Source Clock Delay      (SCD):    0.000ns
    Clock Pessimism Removal (CPR):    -0.000ns

    Location             Delay type                Incr(ns)  Path(ns)    Netlist Resource(s)
  -------------------------------------------------------------------    -------------------
    R17                                               0.000     0.000 r  SW[4] (IN)
                         net (fo=0)                   0.000     0.000    SW[4]
    R17                  IBUF (Prop_ibuf_I_O)         0.260     0.260 r  SW_IBUF[4]_inst/O
                         net (fo=1, routed)           0.921     1.181    VGA/HORIZONTAL_COUNTER_INST/SW_IBUF[4]
    SLICE_X4Y102         LUT6 (Prop_lut6_I4_O)        0.045     1.226 r  VGA/HORIZONTAL_COUNTER_INST/green[0]_i_1/O
                         net (fo=1, routed)           0.000     1.226    VGA/RGB_GENERATOR_INST/green_reg[3]_1[0]
    SLICE_X4Y102         FDRE                                         r  VGA/RGB_GENERATOR_INST/green_reg[0]/D
  -------------------------------------------------------------------    -------------------

                         (clock sys_clk_pin rise edge)
                                                      0.000     0.000 r  
    E3                                                0.000     0.000 r  clk (IN)
                         net (fo=0)                   0.000     0.000    clk
    E3                   IBUF (Prop_ibuf_I_O)         0.438     0.438 r  clk_IBUF_inst/O
                         net (fo=1, routed)           0.699     1.136    clk_IBUF
    BUFGCTRL_X0Y16       BUFG (Prop_bufg_I_O)         0.029     1.165 r  clk_IBUF_BUFG_inst/O
                         net (fo=65, routed)          0.868     2.034    VGA/RGB_GENERATOR_INST/CLK
    SLICE_X4Y102         FDRE                                         r  VGA/RGB_GENERATOR_INST/green_reg[0]/C





